UF Code;EIC Code;Short Description;Large Description;Maximum Power Capacity MW;Production Type;BRP Code;UP Code
3PINOS;18W0000000004ZX6;3PINOS;3PINOS - VELA;6,0;Solar PV;GNRA;UPBLAN
3VILLAS;18W3VILLAS-123-5;3VILLAS;PARQUE EÓLICO TRES VILLAS;49,5;Wonshore wind;CEG;EUW3VIL
4CAM1;18W000000000RO29;4CAMINOS1;CUATROCAMINOS1;6,2;Solar PV;ADXRE;FAUDAX
4CAM2;18W000000000RO37;4CAMINOS2;CUATROCAMINOS2;6,2;Solar PV;ADXRE;FAUDAX
4CAM3;18W000000000RO45;4CAMINOS3;CUATROCAMINOS4;3,7;Solar PV;ADXRE;FAUDAX
4CAM4;18W000000000RO53;CUATROCAM4;CUATROCAM4;3,7;Solar PV;ADXRE;FAUDAX
98D-481;18W98D-481-123-M;98D-481;TORRAS PAPEL-MONTAÑESA;23,6;Natural Gas Cogeneration;NEXU;TTFTPZG
98FUTUR;18W98FUTUR-123-W;98FUTUR;UF 98FUTUR;1,5;Solar PV;EFG;FGEFG
ABA1;18WABA1-12345-AJ;ABARAN 1;ABARAN 1;0,3;Hydro UGH;BARER;ABA1
ABA2;18WABA2-12345-A9;ABARAN 2;ABARAN 2;0,4;Hydro UGH;BARER;ABA2
ABADC;18W000000000N8TJ;ABADC;ABADIÑO COMPRA;6,8;Storage buy;IBGES;AFIBGEC
ABADV;18W000000000N8UH;ABADV;BATERIAS ABADIÑO;6,8;Storage sale;IBGES;AFIBGEV
ABARA;18WABARA-12345-Z;ABARA;P.E E. ABARA;6,0;Wonshore wind;EGED;EABARA
ABASC01;18W000000000JLUV;UPC ABAST;UP COMPRA ABASTE;1,0;Competitive suppliers;ABAST;ABASC01
ABELLA;18W000000000FFGJ;ABELLA;18W000000000FFGJ;15,0;Wonshore wind;EGLE;EINVER
ABENOJA;18W000000000R5QI;ABENOJA;ABENOJAR;5,0;Solar PV;NEXU;FABENOJ
ABJEREZ;18W000000000TF4O;JEREZ;JEREZ;20,0;Solar PV;SHEEN;SHEPV29
ABNIX;18W000000000SJFV;ABNIX;ABNIX;1,8;Solar PV;GNRA;FVGNRA
ABO1;18WABO1-12345-D7;ABOÑO 1;ABOÑO  (G.1);341,7;Soft coal/Anthracite;ABOGE;ABO1
ABO2;18WABO2-12345-DY;ABOÑO 2;ABOÑO  (G.2);561,8;Natural Gas;ABOGE;ABO2G
ABOUC01;18W-ABOUC01-3--H;ABOUTWHI;ABOUT WHITE, S.L.;0,1;Competitive suppliers;ABOUT;ABOUC01
ABOX;18W000000000T21W;ABOX;COMPRA SSAA ABOÑO;30,0;Aux. Svcs. Consumption;ABOGE;ABOX
AC86BA;18W000000000OT8V;AC86BA;AC86BA;1,0;Competitive suppliers;FORTI;FORTR01
ACAIX;18W000000000TVUZ;ACAIX;ACAIX;2,0;Solar PV;GNRA;UPSON4
ACAMP;18WACAMP-12345-C;ACAMP;P.E. CAMPO ARIAS;48,0;Wonshore wind;HC G;HCGSIHA
ACAMPOH;18WACAMPOH-123-1;ACAMPO;P.E. ACAMPO HOSPITAL;6,0;Wonshore wind;ECYR;EEGPEM
ACAPC01;18W000000000MPRD;ACAPC01;ACAPC01;0,8;Market direct consumption;ACAPE;ACAPC01
ACASIL1;18WPEALCASILL1-U;ACASIL1;P.E. ALTO CASILLAS I;30,0;Wonshore wind;ECYR;EEGPES
ACASIL2;18WPEALCASILL2-R;ACASIL2;P.E. ALTO CASILLAS II;30,0;Wonshore wind;ECYR;EEGPES
ACC1;18WACC1-12345-AM;ACECA H 1;ACECA HIDRAULICA G1;0,1;Hydro UGH;IBEG;TAJO
ACC2;18WACC2-12345-AC;ACECA H 2;ACECA HIDRAULICA G2;0,4;Hydro UGH;IBEG;TAJO
ACC3;18WACC3-12345-A2;ACECA H 3;ACECA HIDRAULICA G3;0,2;Hydro UGH;IBEG;TAJO
ACE3;18WACE3-12345-CD;ACECA 3;C. C. GT ACECA3;386,0;Combined Cycle GT;IBGT;ACE3
ACE4;18WACE4-12345-C3;ACECA4;ACECA4;372,6;Combined Cycle GT;GNCC;ACE4
ACEBO;18WACEBO-1234-E1;ACEBO;P.E. SIERRA DEL ACEBO;17,8;Wonshore wind;HC G;HCGSCSA
ACEGUAD;18WACEGUAD-123-1;ACEGUAD;ACEITERA GUADALQUIVIR;8,2;Natural Gas Cogeneration;GNRA;TLARODA
ACENC01;18W-ACENC01-7--5;ACENORCA;ACENORCA;0,9;Market direct consumption;ACENO;ACENC01
ACHEC01;18W-ACHEC01-4--V;CHERA;CHERA;1,4;Competitive suppliers;ACHER;ACHEC01
ACIBERO;18W000000000RXGS;ACIBERO;ACIBEROS;33,6;Wonshore wind;WMARK;EACIBER
ACINF;18W000000000JJFU;ACINF;ACINF;8,0;Solar PV;GNRA;UPEJO
ACNHC01;18W000000000OGAT;ACNHC01;UP COMPRA;0,0;Competitive suppliers;ACENH;ACNHC01
ACOLLAR;18W000000000UEX2;ACOLLAR;UF SOLAR AZNALCOLLAR;41,6;Solar PV;NEXU;FCOLLAR
ACR1;18WACR1-12345-A5;AC.VEGA 1;ACERA DE LA VEGA 1;4,7;Hydro UGH;IBEG;DUER
ACR2;18WACR2-12345-AW;AC.VEGA 2;ACERA DE LA VEGA 2;4,7;Hydro UGH;IBEG;DUER
ACSOC01;18W0000000003SEW;ACSOL;ACSOL ENERGIA GLOBAL;0,1;Competitive suppliers;ACSOL;ACSOC01
ACTIC01;18W000000000GPZL;ACTIC01UN1;ACTIVA UPROG COMER 1;100,0;Competitive suppliers;ACTIV;ACTIC01
ACUADRA;18WACUADRA-12-EG;ACUADRA;P. E. ALABE CUADRAMÓN;18,7;Wonshore wind;EGED;EFEGEL2
ACUAVIR;18WACUAVIR-123-A;ACUAVIR;C.H. PRESA DEL ARENOSO;12,5;Hydro non UGH;IGNIS;HACUAVI
ADAFW;18W000000000QZ69;ADAFW;ADAFW;1,0;Solar PV;GNRA;FVGNRA
ADEIC01;18W-ADEIC01-6--6;ADEINNOVA;ADEINNOVA ENERGIA S.L;0,5;Competitive suppliers;ADEIN;ADEIC01
ADEIV01;18W000000000S4OL;FYNEXU;FYNEXU;0,2;Solar PV;ADEIN;ADEIV01
ADELC01;18W-ADELC01-4--O;ADELFAS;ADELFAS;4,0;Competitive suppliers;ADELF;ADELC01
ADFIN;18W000000000FAE1;ADFIN;ADFIN;6,1;Solar PV;GNRA;FUEPA
ADRANO;18WADRANO-123-ER;ADRANO;P.E. DE ADRAÑO;21,6;Wonshore wind;EGED;EADRAG
ADSEC01;18W-ADSEC01-5--H;ADSEC01;ADSEC01;16,0;Competitive suppliers;ADSSM;ADSEC01
ADSNC01;18W000000000JZUQ;ADS;ADS SOLUTIONS;1,0;Competitive suppliers;ADSEN;ADSNC01
ADURC01;18W-ADURC01-7--K;ADURC01;ADURC01;0,0;Competitive suppliers;ADUR;ADURC01
ADXC01;18W000000000Q063;ADXC01;ADX RENOVABLES;0,1;Competitive suppliers;ADXRA;ADXC01
AEDEC01;18W000000000OWY7;AED;AED ENERGIA;0,1;Competitive suppliers;AEDEN;AEDEC01
AEIDG87;18WAEIDG87-12--B;AEIDG87;AEROGENERADOR G87;2,0;Wonshore wind;WMARK;AEIDGEN
AEIDG90;18WAEIDG90-123-3;AEIDG90;AEROGENERADOR G90;2,0;Wonshore wind;WMARK;AEIDGEN
AENEC01;18W-AENEC01-3--R;AVAENERC;AVALIA ENERGIA UP;2,5;Competitive suppliers;AENER;AENEC01
AEQC01;18W000000000T27K;AEQ;AEQ COMER;1,0;Competitive suppliers;AEQ;AEQC01
AEROGEN;18WAEROGEN-123-0;AEROGEN;18WAEROGEN-123-0;1,6;Wonshore wind;EGLE;EENRES
AFAP;18WAFAP-123456-S;AFAP;TERMICA AFAP;7,8;Biomass;EGLE;RAFAP
AFRICNA;18W000000000QV1V;AFRICNA;AFRICANAA;49,9;Solar thermal;GESTE;TAFRICA
AFRODI1;18W000000000SN9V;AFRODI1;PSF AFRODITA;40,8;Solar PV;WMARK;FVAFROD
AG41AG;18W000000000OSRX;AG41AG;AG41AG;1,0;Competitive suppliers;FORTI;FORTR01
AGA1;18WAGA1-12345-AX;AGUILA 1;EL AGUILA 1;0,2;Hydro UGH;IBEG;EBRA
AGA2;18WAGA2-12345-AN;AGUILA 2;EL AGUILA 2;0,2;Hydro UGH;IBEG;EBRA
AGALGPA;18WAGALGPA-123-B;AGALGPA;18WAGALGPA-123-B;5,3;Biomass;EGLE;ROLEIC
AGATC;18W000000000SIKO;AGATC;AGATC;18,0;Solar PV;GNRA;UPAGA
AGBAENA;18WAGBAENA-123-X;AGBAENA;AGROENERGÉTICA DE BAENA;20,0;Biomass;EGLE;ROLEIC
AGBARS;18W000000000TRY2;AGBARS;AGBARS;1,0;Competitive suppliers;ENDCO;ENDER01
AGBTC;18W000000000SIS8;AGBTC;AGBTC;22,0;Solar PV;GNRA;UPAGB
AGEAG;18W000000000O6RP;AGEAG;AGEAG;4,5;Solar PV;GNRA;FVGNRA
AGENC01;18WAGENC01UF---E;AGENC01;AGUAS BARBASTRO ENERGÍA COMPRA;9,0;Competitive suppliers;ABESL;AGENC01
AGENORR;18W000000000QR8T;AGENR;AGNORR;40,0;Solar PV;GNRA;FAGENOR
AGL1;18WAGL1-12345-AN;AGUILAR 1;AGUILAR 1;4,9;Hydro UGH;REPSB;VIES
AGL2;18WAGL2-12345-AD;AGUILAR 2;AGUILAR 2;4,9;Hydro UGH;REPSB;VIES
AGM1;18WAGM1-12345-AC;AIGUAMOIX;AIGUAMOIX;31,5;Hydro UGH;ENDG;EBRFEN
AGMAC01;18W-AGMAC01-3--E;AGMARQUES;AGMARQUES;0,5;Market direct consumption;AGMA;AGMAC01
AGON2;18W000000000RPM3;AGON2;AGON2;9,0;Wonshore wind;CEG;EAGON2
AGREDA;18WAGREDA-1234-K;AGREDA;18WAGREDA-1234-K;18,0;Wonshore wind;ECYR;EREGPEM
AGRIC01;18W-AGRIC01-1--B;AGRIC01;AGRIC01;0,0;Competitive suppliers;AGREN;AGRIC01
AGROBO1;18W000000000QMYT;AGROBO1;UF SOLAR ALGARROBO I;1,8;Solar PV;NEXU;FAGROB1
AGROBO2;18W000000000QMZR;AGROBO2;UF SOLAR ALGARROBO II;1,8;Solar PV;NEXU;FAGROB2
AGROBO3;18W000000000QN0K;AGROBO3;UF SOLAR ALGARROBO III;1,7;Solar PV;NEXU;FAGROB3
AGRSRAD;18W000000000TRUA;AGRSRAD;AGRSRAD;1,0;Competitive suppliers;ENDCO;ENDER01
AGU1;18WAGU1-12345-FP;AGUAYO 1 G;AGUAYO GR.1 GENERACION;90,0;Turbine pumping;REPSB;AGUG
AGU1B;18WAGU1B-12345-6;AGUAYO 1 B;AGUAYO GR.1 BOMBEO;90,0;Pump consumption;REPSB;AGUB
AGU2;18WAGU2-12345-FF;AGUAYO 2 G;AGUAYO GR.2 GENERACION;89,2;Turbine pumping;REPSB;AGUG
AGU2B;18WAGU2B-12345-X;AGUAYO 2 B;AGUAYO GR.2 BOMBEO;90,0;Pump consumption;REPSB;AGUB
AGU3;18WAGU3-12345-F5;AGUAYO 3 G;AGUAYO GR.3 GENERACION;90,5;Turbine pumping;REPSB;AGUG
AGU3B;18WAGU3B-12345-N;AGUAYO 3 B;AGUAYO GR.3 BOMBEO;90,0;Pump consumption;REPSB;AGUB
AGU4;18WAGU4-12345-FW;AGUAYO 4 G;AGUAYO GR.4 GENERACION;90,7;Turbine pumping;REPSB;AGUG
AGU4B;18WAGU4B-12345-D;AGUAYO 4 B;AGUAYO GR.4 BOMBEO;90,0;Pump consumption;REPSB;AGUB
AGUALLA;18WAGUALLA-12-EI;AGUALLA;AGUALLA;36,8;Wonshore wind;EGED;EGREEN
AGUDO;18W000000000OA3O;AGUDO;UF SOLAR AGUDO;1,0;Solar PV;NEXU;FAGUDO
AGUERAS;18W000000000T9TT;AGUERAS;AGUERAS;2,9;Hydro non UGH;DETIC;HYAGUER
AGUILA;18WAGUILA-123-E8;AGUILA;AGUILA;19,5;0;NEXU;EHIBAGI
AGUILAR;18WAGUILAR-12-EI;AGUILAR;AGUILAR;100,0;Wonshore wind;EGED;EGREEN
AGUILI;18W000000000MHKE;AGUILI;AGUILI;47,2;0;NEXU;EHIBAGL
AGUILON;18WSANCRAGUILONK;AGUILON;P.E. SAN CRISTOBAL DE AGUILON;50,0;Wonshore wind;ECYR;EREGPES
AGUIR;18W000000000QY2K;AGUIR;AGUIR;51,7;Solar PV;GNRA;FVGNRA
AGV1;18WAGV1-12345-AO;AGAVANZA 1;NTRA. Sª AGAVANZAL 1;11,2;Hydro UGH;IBEG;DUER
AGV2;18WAGV2-12345-AE;AGAVANZA 2;NTRA. Sª AGAVANZAL 2;11,3;Hydro UGH;IBEG;DUER
AGV3;18WAGV3-12345-A4;AGAVANZA 3;NTRA. Sª AGAVANZAL 3;1,5;Hydro UGH;IBEG;DUER
AHOEC01;18W000000000NET1;AHOEC01;AHOEC01;0,1;Competitive suppliers;AHOE;AHOEC01
AHORC01;18W000000000P1SY;AHORA PEN;PENINSULA;10,0;Competitive suppliers;ALENE;AHORC01
AHTC01;18W000000000SS6M;AHTC01;COMPRA COMERCIALIZADORA;1,0;Competitive suppliers;COMED;AHTC01
AI83CB;18W000000000TYRW;AI83CB;AI83CB;1,0;Competitive suppliers;FORTI;FORTR01
AIADHES;18W000000000OGHF;AIADHES;AIADHES;1,0;Natural Gas Cogeneration;DETIC;COGAIAD
AIBAR;18WAIBAR-1234-EJ;AIBAR;AIBAR;36,8;Wonshore wind;EGED;EGREEN
AIELO;18W000000000P2M6;AIELO;UF SOLAR AIELO;1,5;Solar PV;NEXU;FAIELO
AIRAS;18W000000000SRLW;PE AIRAS;PE AIRAS;23,3;Wonshore wind;SHEEN;SHEPV34
AIREB1;18W000000000N4IG;AIREB1;AIREB1;4,5;Solar PV;AIREL;AIREV02
AIREB2;18W000000000N4JE;AIREB2;AIREB2;4,5;Solar PV;AIREL;AIREV02
AIREC01;18W000000000D8YC;AIREL;COMERCIALIZADORES;1,0;Competitive suppliers;AIREL;AIREC01
AIREV01;18W000000000HFI7;AIREV01;AIREV01;3,3;Solar PV;AIREL;AIREV01
AITGN;18W000000000MBE7;AITGN;AITGN;42,2;Solar PV;GNRA;HABGN
AITONA;18W000000000QCVS;AITONA;AITONA;4,8;Hydro non UGH;EGED;HESEGRE
AIZEC01;18W000000000RD09;UP AIZEN;UPROGRAMACIN AIZEN;0,1;Competitive suppliers;AIZEE;AIZEC01
AIZKIB;18WAIZKIB-123-E2;AIZKIB;AIZKIB;12,0;Wonshore wind;EGED;EGREEN
AJENC01;18W000000000RVIU;AJENC01;ESAJENEUP;0,0;Competitive suppliers;AJENE;AJENC01
AL11;18WAL11-12345-AZ;ALDEA I G1;ALDEADAVILA I 1;132,9;Hydro UGH;IBEG;DUER
AL12;18WAL12-12345-AP;ALDEA I G2;ALDEADAVILA I 2;132,7;Hydro UGH;IBEG;DUER
AL13;18WAL13-12345-AF;ALDEA I G3;ALDEADAVILA I 3;133,0;Hydro UGH;IBEG;DUER
AL14;18WAL14-12345-A5;ALDEA I G4;ALDEADAVILA I 4;133,1;Hydro UGH;IBEG;DUER
AL15;18WAL15-12345-AW;ALDEA I G5;ALDEADAVILA I 5;131,8;Hydro UGH;IBEG;DUER
AL16;18WAL16-12345-AM;ALDEA I G6;ALDEADAVILA I 6;134,3;Hydro UGH;IBEG;DUER
AL21;18WAL21-12345-AO;ALDEA IIG1;ALDEADAVILA II GR.1 GENERAC.;216,2;Hydro UGH;IBEG;DUER
AL21B;18WAL21B-12345-W;ALDEA IIB1;ALDEADAVILA II GR.1 BOMBEO;200,0;Pump consumption;IBEG;DUEB
AL22;18WAL22-12345-AE;ALDEA IIG2;ALDEADAVILA II GR.2 GENERAC.;212,2;Hydro UGH;IBEG;DUER
AL22B;18WAL22B-12345-M;ALDEA IIB2;ALDEADAVILA II GR.2 BOMBEO;200,0;Pump consumption;IBEG;DUEB
AL83AL;18W000000000OSL8;AL83AL;AL83AL;1,0;Competitive suppliers;FORTI;FORTR01
AL83AM;18W000000000OSM6;AL83AM;AL83AM;1,0;Competitive suppliers;FORTI;FORTR01
ALABRA;18WALABRA-123--T;ALABRA;ALABRA;18,7;Wonshore wind;EGED;EGREEN
ALACON;18W000000000F63Z;ALACON;PE ALACON;39,9;Wonshore wind;ECYR;EEGPES
ALAHC01;18W000000000PRVO;UP_HALAHUR;UP_HALAHURIN;0,1;Competitive suppliers;ALAHU;ALAHC01
ALAIX;18W000000000TV2H;ALAIX;ALAIX;8,0;Solar PV;GNRA;UPSON2
ALAIZ;18WALAIZ-1234-ER;ALAIZ;ALAIZ;33,1;Wonshore wind;EGED;EGREEN
ALAMAK;18W000000000RGG5;ALAMAK;UF SOLAR ALAMAK;19,1;Solar PV;NEXU;FVALMK
ALAMILL;18W000000000R6X1;ALAMILL;UF SOLAR ALAMILLA;2,4;Solar PV;NEXU;FALAMIL
ALAMO;18W000000000PA5G;ALAMO;FV ALAMO;15,0;Solar PV;CEG;FVALAMO
ALAMOFW;18WALAMOFW-123-H;ALAMOFW;UF FUENTE ALAMO III FW;9,6;Solar PV;GNRA;FFATFW
ALARCO;18WALARCO-1234-P;ALARCO;C.H. EN ALARCON;15,8;Hydro non UGH;IBGES;HFIBGES
ALARCOS;18W000000000I2MY;PV ALARCOS;PV ALARCOS;45,0;Solar PV;ADXRE;ALARCOS
ALARCS;18W000000000GEP0;ALARCOS;FV ALARCOS;43,7;Solar PV;NEXU;FALARCO
ALASE;18W000000000O6OV;ALASE;ALASE;1,5;Solar PV;GNRA;FVGNRA
ALB1;18WALB1-12345--L;ALBARELLOS;ALBARELLOS;67,6;Hydro UGH;GNFG;UFMI
ALBA1;18W000000000Q2SR;ALBA1;ALBA1;5,2;Solar PV;CEG;FYALBA1
ALBA2;18W000000000Q2UN;ALBA2;ALBA2;4,7;Solar PV;CEG;FYALBA2
ALBACET;18W000000000TFAC;ALBACET;GENERACIN BIOGAS ALBACETE;1,0;Biogas;EGLE;RPREZO
ALBAR;18W000000000IDI9;ALBAR;ALBAR;2,0;Solar PV;GNRA;FVGNRA
ALBCC01;18W0000000005T60;ALBCOUP;ALBCO_UNIDAD DE PROGRAMACION;520,0;Competitive suppliers;ALBCO;ALBCC01
ALBEI;18W000000000N0LM;ALBEI;ALBERIZAS I;4,4;Solar PV;ADXRE;FAUDAX
ALBEII;18W000000000N0MK;ALBEII;ALBERIZAS II;4,4;Solar PV;ADXRE;FAUDAX
ALBEIII;18W000000000N0KO;ALBEIII;ALBERIZAS III;4,4;Solar PV;ADXRE;FAUDAX
ALBEIV;18W000000000N0NI;ALBEIV;ALBERIZAS IV;4,4;Solar PV;ADXRE;FAUDAX
ALBETA1;18W000000000RXVZ;ALBETA1;UF SOLAR ALBETA 1;1,9;Solar PV;NEXU;FALBET1
ALBETA2;18W000000000RXXV;ALBETA2;UF SOLAR ALBETA 2;1,9;Solar PV;NEXU;FALBET2
ALBFW;18W000000000QZ93;ALBFW;ALBFW;1,2;Solar PV;GNRA;FVGNRA
ALBUREJ;18WALBUREJ-123-Z;ALBUREJ;PARQUE EÓLICO ALBUREJOS;10,0;Wonshore wind;IBGES;EHIBGES
ALC1;18WALC1-12345-AP;ALCALA J 1;ALCALA DEL JUCAR 1;0,5;Hydro UGH;BARER;BERJUCA
ALC2;18WALC2-12345-AF;ALCALA J 2;ALCALA DEL JUCAR 2;0,5;Hydro UGH;BARER;BERJUCA
ALCAC01;18W-ALCAC01-8--2;ALCAC01;ALCAC01;2,0;Competitive suppliers;ALCAN;ALCAC01
ALCANAD;18WALCANAD-123-1;ALCANAD;C.H. ALCANADRE;1,2;Hydro non UGH;EGED;HFEGED
ALCARA1;18WALCARA1-12-EV;ALCARA1;ALCARA1;6,8;Wonshore wind;IBGES;ERRIBGE
ALCARA2;18WALCARA2-12-EO;ALCARA2;P.E. DE ALCARAMA II;45,0;Wonshore wind;IBGES;ERRIBGE
ALCARDE;18W000000000U1V8;FV ALCARDE;UF AGRUPACION 4500211441ET;2,0;Solar PV;INTRA;INTRE02
ALCARRA;18WALCARRA-123-Z;ALCARRA;PLANTA DE PURINS D'ALCARRAS;14,6;Natural Gas Cogeneration;FUTGR;TIGALC
ALCASUR;18W000000000P261;ALCSUR;ALCALSUR;4,7;Solar PV;GESTE;FALCSUR
ALCAZ1;18W000000000G1VR;ALCAZ1;ALCAZAR I;36,0;Solar PV;GALP;GALPS2
ALCAZA2;18W000000000U87Z;ALCAZARES2;ALCAZARES SOLAR 2020;1,7;Solar PV;ELEIA;ALCAZA2
ALCB;18WALCB-12345--L;ALCOBA;ALCOBA;7,7;Hydro UGH;GNFG;UFGC
ALCNCH;18W000000000SQNV;ALCNCH;UF SOLAR ALCONCHEL;6,4;Solar PV;NEXU;FALCNCH
ALCNORT;18W000000000P245;ALCALNR;ALCALNORTE;4,7;Solar PV;GESTE;FALCNOR
ALCOAS;18W000000000TRZ0;ALCOAS;ALCOAS;1,0;Competitive suppliers;ENDCO;ENDER01
ALCOLEA;18WALCOLEA-123-G;ALCOLEA;18WALCOLEA-123-G;2,6;Hydro non UGH;EGLE;HALCOL
ALCON1;18W000000000QF7U;ALCON1;UF SOLAR FV ALCON1;23,1;Solar PV;NEXU;FALCON1
ALCONCH;18W000000000L17I;ALCONCHEL;UF ALCONCHEL;10,0;Solar PV;EBLCO;FALCONC
ALCORE;18W000000000GEVP;ALCORE;UF FV ALCORE;33,2;Solar PV;NEXU;FALCORE
ALDDC01;18W000000000PPP5;ALDDC01;COMPRA ALDERAAN;1,0;Competitive suppliers;ALDEC;ALDDC01
ALDEA;18W000000000SNM5;ALDEA;ALDEA;4,8;Solar PV;GNRA;UPALDEA
ALDEC0F;18W000000000QWU7;ALDEC01;COMPRA COMERCIALIZADORA;1,0;Competitive suppliers;ALDEF;ALDEC01
ALDEH;18WALDEH-1234-AJ;ALDEH;P.E: ALDEHUELAS;47,2;Wonshore wind;HISPE;ALDEHU
ALDENG;18W000000000SG1V;ALDENG;ALDEBARAN;6,0;Biomass;PULSA;RALDENG
ALDEVIE;18WALDEVIE-12-EB;ALDEVIE;P. E. ALDEAVIEJA;24,0;Wonshore wind;ECYR;EEGPEM
ALDIX;18W000000000TTGW;ALDIX;ALDIX;1,8;Solar PV;GNRA;UPSON3
ALDRC01;18W-ALDRC01-1--F;ALDRO ENER;ALDRO ENER;70,0;Competitive suppliers;ALDRO;ALDRC01
ALDRV01;18W000000000E07C;ALDRV01;ALDRO REPRESENTACION;1,8;Solar PV;ALDRO;ALDRV01
ALENTIS;18WALENTIS-123-X;ALENTIS;ALENTISQUE;46,0;Wonshore wind;EBLCO;EALENTI
ALESTE;18WALESTE-123-EV;ALESTE;ALESTE;14,2;Wonshore wind;EGED;EFEGEL2
ALFRV1;18W000000000SY3A;ALFRV1;ALFRV1;43,2;Solar PV;GNRA;UPALC1
ALFRV2;18W000000000SY48;ALFRV2;ALFRV2;27,1;Solar PV;GNRA;UPALC2
ALG3TG1;18WALG3TG1-123-9;ALG3TG1;CCTG ALGECIRAS TG1;282,4;Combined Cycle GT;REPSB;ALG3
ALG3TG2;18WALG3TG2-123-2;ALG3TG2;CCTG ALGECIRAS TG2;279,6;Combined Cycle GT;REPSB;ALG3
ALG3TV1;18WALG3TV1-123-0;ALG3TV1;CCTG ALGECIRAS TV;258,5;Combined Cycle GT;REPSB;ALG3
ALGAL;18W000000000FFCR;ALGAL;ALGAL;3,7;Solar PV;GNRA;FVGNRA
ALGICA1;18W-ALGICA1-9--1;ALGICA1;ALGICA1;10,5;Competitive suppliers;COALG;ALGICA1
ALHAM;18WALHAM-1234--T;ALHAM;FALHAM;5,8;Solar PV;GNRA;ALHAM
ALHAMB;18WALHAMB-123-E6;ALHAMB;P.E. ALHAMBRA;34,0;Wonshore wind;EGED;EGREEN1
ALHEN1;18W000000000ROHG;UFALHENDI1;UF FV ALHENDIN I;36,7;Solar PV;IGNIS;BAYWA1
ALHEN2;18W000000000ROIE;ALHENDIN2;UF FV ALHENDIN II;4,0;Solar PV;IGNIS;UPBAYWA
ALHEN3;18W000000000ROJC;ALHENDIN3;UF FV ALHENDIN III;4,3;Solar PV;IGNIS;BAYWA3
ALHUELA;18W000000000P2CQ;ALHUELA;ALDEHUELA;1,4;Hydro non UGH;EGLE;HRPI
ALIAGAR;18W000000000LCOP;ALIAGAR;FV EL ALIAGAR 2 FASE 2;45,0;Solar PV;WMARK;FALIAGA
ALIJAR;18WALIJAR-123-EX;ALIJAR;P.E. ALIJAR;24,0;Wonshore wind;EGED;EGREEN
ALIJAR2;18W000000000GAEY;ALIJAR2;ALIJAR2;28,8;Wonshore wind;SEDAE;EALIJA2
ALIOC01;18W000000000Q0GK;ALIOC01;COMPRA ALIO;1,0;Competitive suppliers;ALIOE;ALIOC01
ALIWIN;18W000000000L9CL;ALIWIN;UF SOLAR ALIWIN;19,9;Solar PV;NEXU;FALIWN
ALIZAR;18W000000000MELL;ALIZARSUN;ALIZARSUN;41,5;Solar PV;HISPE;FALIZAR
ALJORA;18W000000000GEYJ;ALJORRA;FV ALJORRA;27,1;Solar PV;NEXU;FALJORR
ALLUEVA;18W000000000F5XF;PE ALLUEVA;PE ALLUEVA;25,2;Wonshore wind;ECYR;EEGPES
ALM1;18WALM1-12345-AQ;ALMOGUER 1;ALMOGUERA 1;2,5;Hydro UGH;GNFG;UFTA
ALM2;18WALM2-12345-AG;ALMOGUER 2;ALMOGUERA 2;2,7;Hydro UGH;GNFG;UFTA
ALM3;18WALM3-12345-A6;ALMOGUER 3;ALMOGUERA 3;2,8;Hydro UGH;GNFG;UFTA
ALMAC01;18W-ALMAC01-7--H;ALUM MAEST;ALUMINIOS DEL MAESTRE;29,2;Market direct consumption;ALMAE;ALMAC01
ALMANDO;18WALMANDO-123-C;ALMANDO;C.H. ALMANDOZ;2,9;Hydro non UGH;EGED;HFEGED
ALMANS2;18W000000000SMDQ;ALMANSA II;FV ALMANSA II;2,6;Solar PV;DREUA;FDREU14
ALMANSA;18W000000000SMBU;ALMANSA I;FV ALMANSA I;4,6;Solar PV;DREUA;FDREU13
ALMAREN;18WPE-ALMAREN--4;ALMAREN;P.E.ALMAREN UNIFICADO;11,9;Wonshore wind;ECYR;EREGPEM
ALMAZ1;18W000000000NEVY;ALMAZ1;FV ALMARAZ 1;40,4;Solar PV;IBGES;FIIBGES
ALMEND1;18WALMEND1-123-M;ALMEND1;P.E. LOS ALMENDROS I;20,0;Wonshore wind;IBGES;EHIBGES
ALMENDA;18WALMENDA-12-EF;ALMENDA;P. E. ALMENDARACHE;21,0;Wonshore wind;NEXU;EWIESRB
ALMENDR;18WALMENDR-123-P;ALMENDR;P.E. LOS ALMENDROS II;28,0;Wonshore wind;IBGES;EHIBGES
ALMERIQ;18WJ-ALMERIQUESF;ALMERIQ;P.E. LOS ALMERIQUES;27,5;Wonshore wind;NEXU;EALMERI
ALMNDRO;18W000000000MGWU;ALMNDRO;UF EOLICA ALMENDRO;43,5;Wonshore wind;GNCO;EGASNE2
ALMNSA;18W000000000GETT;ALMANSA;UF FV ALMANSA;45,1;Solar PV;NEXU;FALMANS
ALMO1;18W000000000T65C;ALMO1;ALMO1;38,2;Solar PV;CEG;FALMO1
ALMODOV;18WALMODOV-12-ET;ALMODOVAR;P. E. ALMODOVAR;12,8;Wonshore wind;EGED;EGREEN
ALMOF;18W000000000D4N9;ALMOFREI;AMOFREI;1,2;Hydro non UGH;GNRA;HFGNRA
ALMONOR;18WALMONOR-12-E4;ALMONOR;P. E. ALABE MONTEMAYOR NORTE;21,0;Wonshore wind;EGED;EFEGEL1
ALMORET;18W000000000IA81;ALMORET;ALMORET;10,0;Solar PV;WMARK;FAMORET
ALMOSUR;18WALMOSUR-12-EM;ALMOSUR;ALABE-MONTEMAYOR SUR;12,7;Wonshore wind;EGED;EFEGEL1
ALMOVAR;18W000000000U34J;ALMOVAR;UFI SOLAR ALMODOVAR;14,0;Solar PV;NEXU;FALMVAR
ALMVRIO;18W000000000U33L;ALMVRIO;UFI SOLAR ALMODOVAR RIO;20,0;Solar PV;NEXU;FALMRIO
ALMZ2;18W000000000N9H3;ALMZ2;FV ALMARAZ 2;24,8;Solar PV;IBGES;FIIBGES
ALNERA;18W000000000LEW3;ALNERA;UF ALCONERA;7,2;Solar PV;NEXU;FALNERA
ALO1;18WALO1-12345-A4;ALLOZ 1;ALLOZ 1;3,3;Hydro UGH;ASIE;ASIEBRO
ALO2;18WALO2-12345-AV;ALLOZ 2;ALLOZ 2;3,3;Hydro UGH;ASIE;ASIEBRO
ALOMBA;18WALOMBA-123-ER;ALOMBA;P. E. ALABE-LOMBA;22,5;Wonshore wind;EGED;EFEGEL1
ALONDE;18W000000000SZCQ;ALONDE;UF SOLAR ALONDE;1,2;Solar PV;NEXU;FALONDE
ALOSC;18W000000000QYXW;ALOSC;ALOSC;1,8;Solar PV;GNRA;FVGNRA
ALPXC01;18W000000000BD6O;ALPXC01;ALPEX IBERICA DE ENERGIASL;10,0;Competitive suppliers;ALPEX;ALPXC01
ALQSC01;18W000000000KFY0;ALQSC01;ALQSC01;0,1;Competitive suppliers;ALSEG;ALQSC01
ALQUERA;18W000000000O2SZ;ALQRIA;ALQUERIA;3,1;Solar PV;GESTE;FALQRIA
ALR2;18WALR2-12345-AZ;ALCALA R 1;ALCALA DEL RÍO 2;2,9;Hydro UGH;ENDG;GDLQ
ALR3;18WALR3-12345-AP;ALCALA R 2;ALCALÁ DEL RÍO 3;2,9;Hydro UGH;ENDG;GDLQ
ALSEC01;18W000000000IYLE;ALSEC01;ALSET COMERCIALIZADORA;0,1;Competitive suppliers;ALSEC;ALSEC01
ALTAMIR;18WALTAMIR-123-V;ALTAMIRA;ALTAMIRA;49,3;Wonshore wind;IBGES;EHIBGES
ALTCO;18W000000000EZU9;ALCONERA;ALTEN ALCONERA DOS;7,8;Solar PV;NEXU;FALTCO
ALTENEL;18W000000000S7Q8;ALTENELCAS;ALTENELCASAR;13,0;Solar PV;RSPRA;FFRSPRA
ALTERRA;18WALTERRA-12-EC;ALTERRA;ALABE - TERRAL;27,0;Wonshore wind;EGED;EGREEN
ALTIX;18W000000000TTHU;ALTIX;ALTIX;1,2;Solar PV;GNRA;UPSON1
ALTOMOM;18W000000000RTUC;ALTOMONT;ALTOMOMPLA;0,9;Solar PV;GESTE;FGST144
ALTORRI;18WALTORRI-123-M;ALTORRI;IND. DE TRATAMIENTO DE PURINES;14,6;Natural Gas Cogeneration;COGEN;TIGALT
ALTOSOL;18W000000000SDJ4;ALTOSOL;ALTOSOL;1,8;Solar PV;DETIC;FTALTOS
ALUEC01;18W000000000LJ0F;ALUZPENIN;ALUZ PENINSULAR;1,0;Competitive suppliers;ALUZE;ALUEC01
ALUZC01;18W000000000EE2H;AHORRELUZ;AHORRELUZ;0,1;Competitive suppliers;ALUZ;ALUZC01
ALVSOL;18W000000000IJOG;SOL ALV;SOL ALV;35,0;Solar PV;SHEEN;SHEPV02
ALVSPK;18W000000000IJNI;SPK ALV;SPK ALV;35,0;Solar PV;SHEEN;SHEPV01
ALZ1;18WALZ1-12345-BT;ALMARAZ 1;ALMARAZ (G.1);1.011,3;Nuclear;IGNU;ALZ1
ALZ2;18WALZ2-12345-BJ;ALMARAZ 2;ALMARAZ (G.2);1.005,8;Nuclear;IGNU;ALZ2
AMAREI;18WAMAREI-123-ES;AMAREI;AMAREI;15,0;Wonshore wind;EGED;EFEGEL2
AMAZC01;18W000000000SX3D;AMAZON C;AMAZON COMPRA;5,0;Competitive suppliers;COMEF;AMAZC01
AMB1;18WAMB1-12345-AO;AMBASAGU 1;AMBASAGUAS 1;0,4;Hydro UGH;ASIE;ASIDUE
AMB2;18WAMB2-12345-AE;AMBASAGU 2;AMBASAGUAS 2;0,4;Hydro UGH;ASIE;ASIDUE
AMB3;18WAMB3-12345-A4;AMBASAGU 3;AMBASAGUAS 3;0,9;Hydro UGH;ASIE;ASIDUE
AMBIETX;18W-AMBIETX-2--N;AMBIETX;AMBIETX;8,9;Aux. Svcs. Consumption;BIZE;AMBIETX
AMBITG1;18WAMBITG1-12--P;AMBITG1;AMOREBIETA TURBINA GAS 1;252,4;Combined Cycle GT;BIZE;AMBIETA
AMBITG2;18WAMBITG2-12-CT;AMBITG2;AMOREBIETA TURBINA GAS 2;252,4;Combined Cycle GT;BIZE;AMBIETA
AMBITV;18WAMBITV-123-CK;AMBITV;AMOREBIETA TURBINA VAPOR;281,6;Combined Cycle GT;BIZE;AMBIETA
AMBVE;18W000000000T8GL;AMBVE;AMBVE;4,3;Solar PV;GNRA;UPAMB
AMD1;18WAMD1-12345-A2;ALMADEN 1;ALMADENES 1;2,6;Hydro UGH;IBEG;JUCA
AMD2;18WAMD2-12345-AT;ALMADEN 2;ALMADENES 2;2,6;Hydro UGH;IBEG;JUCA
AMD3;18WAMD3-12345-AJ;ALMADEN 3;ALMADENES 3;2,6;Hydro UGH;IBEG;JUCA
AMD4;18WAMD4-12345-A9;ALMADEN 4;ALMADENES 4;4,9;Hydro UGH;IBEG;JUCA
AMEC01;18W-AMEC01-99--0;AMEC01;AMEC01;0,1;Competitive suppliers;AME;AMEC01
AMEITES;18WAMEITES-12-EB;AMEITES;P.E. AMEIXEITAS-TESTEIROS;49,5;Wonshore wind;IBGES;EHIBGES
AMELC01;18W000000000U79Y;-;-;0,0;Competitive suppliers;AMELU;AMELC01
AMIC01;18W000000000TPMW;AMI;AMI ELECTRUM;1,0;Competitive suppliers;FORZA;AMIC01
AMIRAND;18W000000000RU2S;AMIRAND;MIRANDA;7,9;Natural Gas Cogeneration;EGLE;TAZUCA2
AMIZAL;18WAMIZAL-1234-Z;AMIZL;ATOMIZADAS ALCORA;12,0;Natural Gas Cogeneration;ATAL;TAMIZAL
AMOFW1;18W000000000S0TN;AMOFW1;AMOFW1;1,8;Solar PV;GNRA;FVGNRA
AMOFW2;18W000000000S0SP;AMOFW2;AMOFW2;4,4;Solar PV;GNRA;FVGNRA
AMOFW3;18W000000000S0OX;AMOFW3;AMOFW3;1,1;Solar PV;GNRA;FVGNRA
AMOFW4;18W000000000S0NZ;AMOFW4;AMOFW4;1,2;Solar PV;GNRA;FVGNRA
AMPADOR;18WAMPADOR-123-M;AMP.PADOR;P.E. AMPLIACIÓN DE PADORNELO;18,0;Wonshore wind;WMARK;AMPEACI
AMPBEC;18W0000000002RQF;AMPBEC;AMPLIACION BECERRIL;2,0;Wonshore wind;WMARK;ERONDA
AMPCHIE;18WAMPCHIE-12-ED;AMPCHIE;18WAMPCHIE-12-ED;6,6;Wonshore wind;HC G;HCGSIHA
AMPCOLL;18W000000000UFRB;AMP COLLAD;AMPLIACION COLLADETES;12,2;Wonshore wind;WMARK;PEAMPCO
AMPEC01;18W000000000LQLQ;AMPER;UP_AMPERIOS;1,0;Competitive suppliers;AMPER;AMPEC01
AMPHEAC;18WAMPHEAC-123-C;AMP.HEDRAC;P.E. AMPLIACIÓN HEDROSO ACIBER;14,0;Wonshore wind;WMARK;AMPEACI
AMPHIE;18W000000000GPEQ;AMPHIE;PE AMPLIACION HIERRO;43,2;Wonshore wind;GNCO;EGASNE2
AMPLLAN;18W000000000F5NZ;AMP LLANOS;PE AMPLIACION LLANOS;20,0;Wonshore wind;ECYR;EEGPES
AMPOCOG;18WAMPOCOG-123-5;AMPO;AMPO;7,6;Natural Gas Cogeneration;GEMSL;TAMPOC
AMPRC01;18W000000000RYXS;AMPERE;AMPERE ENERGY COMERCIALIZADORA;1,0;Competitive suppliers;AMPEA;AMPRC01
AMPSIL;18WAMPLIACIOSILW;AMPSIL;P.E. AMPLIACIÓN DE SIL;28,0;Wonshore wind;IBGES;EHIBGES
AMPSIL2;18WAMPSIL2-123-X;AMPSIL2;AMPLIACION IL FASE 2;12,0;Wonshore wind;IBGES;EHIBGES
AMYLUMI;18WAMYLUMI-123-Z;AMYLUMI;AMYLUM IBÉRICA;13,6;Natural Gas Cogeneration;DETIC;COGAMYL
AMZFW;18W000000000PSUN;AMZFW;AMZFW;2,8;Solar PV;GNRA;FVGNRA
ANARBE1;18WANARBE1-123-Q;ANARBE1;UF ANARBE I;1,2;Hydro non UGH;GNRA;HANARBE
ANARBE2;18WANARBE2-123-J;ANARBE2;UP  ANARBE II;1,2;Hydro non UGH;GNRA;HANARBE
ANDASO2;18WANDASO2-123-Y;ANDASO2;ANDASOL-2;49,9;Solar thermal;EGLE;SANDA2
ANDASO3;18WANDASO3-123-R;ANDASO3;ANDASOL-3;49,9;Solar thermal;EGLE;SANDA3
ANDASOL;18WANDASOL-123-C;ANDASOL;ANDASOL I;49,9;Solar thermal;EGLE;SANDAS
ANDAYA;18WANDAYA-1234-F;ANDAYA;ANDAYA;7,4;Natural Gas Cogeneration;GNCO;TFGASN
ANDEVAL;18W000000000I7B4;ANDEVAL;ANDEVALO;42,0;Solar PV;IBGES;FIIBGES
ANDSC;18W000000000QY4G;ANDSC;ANDSC;2,0;Solar PV;GNRA;FVGNRA
ANEMC;18W000000000FESZ;18W0000000;18W000000000FESZ;4,8;Solar PV;GNRA;CANTL
ANG1;18WANG1-12345-AV;ANGUIANO 1;ANGUIANO 1;1,2;Hydro UGH;IBEG;EBRA
ANG2;18WANG2-12345-AL;ANGUIANO 2;ANGUIANO 2;1,3;Hydro UGH;IBEG;EBRA
ANG3;18WANG3-12345-AB;ANGUIANO 3;ANGUIANO 3;1,2;Hydro UGH;IBEG;EBRA
ANG4;18WANG4-12345-A1;ANGUIANO 4;LAS CUEVAS 1 (ANGUIANO 4);0,9;Hydro UGH;ASIE;ASIEBRO
ANG5;18WANG5-12345-AS;ANGUIANO 5;LAS CUEVAS 2 (ANGUIANO 5);0,9;Hydro UGH;ASIE;ASIEBRO
ANGEL;18WANGEL-12345-4;ANGEL;UF CH LOS ANGELES;1,5;Hydro non UGH;ANGEL;HGENHI
ANGELES;18WANGELES-123-X;ANGELES;18WANGELES-123-X;3,0;Hydro non UGH;EGLE;HVANGE
ANGES;18W000000000QDJC;ANGES;ANGES;12,0;Solar PV;CEG;FANGES1
ANGLC01;18W000000000TJXS;ANGLER;ANGLER ENERGIA SL;1,0;Competitive suppliers;ANGLB;ANGLC01
ANGOSTI;18WANGOSTI-123-5;ANGOSTI;P,E,ANGOSTILLOS;28,0;Wonshore wind;EGED;EGREEN1
ANGOSTU;18WANGOSTU-123-W;ANGOSTURAS;P.E. ANGOSTURAS;36,0;Wonshore wind;ECYR;EEGPES
ANIMC01;18W000000000AEQM;ANIMC01;ANIMC01;0,1;Competitive suppliers;ANIMA;ANIMC01
ANLLO;18WANLLO-12345-0;C.H. ANLLO;C.H. ANLLO;7,9;Hydro non UGH;ECYR;HEGPE
ANOIAEN;18WANOIAEN-123-2;ANOIAEN;ANOIAEN;13,8;Natural Gas Cogeneration;NEXU;TTFANOI
ANORDES;18WANORDES-12-EH;ANORDES;P. E. ALABE-NORDES;20,2;Wonshore wind;EGED;EFEGEL2
ANOVERR;18W000000000LKHF;ANOVR;ANOVER;46,2;Solar PV;GESTE;FANOVR
ANSERA3;18WANSERA3-123-H;ANSERA3;UF ANSERAL III;2,5;Hydro non UGH;PEUSA;HPEUSA
ANSERAL;18WANSERAL-123-2;ANSERAL;UF ANSERAL I Y II;5,9;Hydro non UGH;PEUSA;HPEUSA
ANSO1;18W0000000000UC5;ANSO1;ANSO1;4,0;Natural Gas Cogeneration;AME;TZAME
ANT1;18WANT1-12345--L;ANTOÑANA 1;ANTOÑANA 1;0,7;Hydro UGH;BARER;BEREBRO
ANTEC01;18W0000000004RGR;ANTEA;ANTEA ENERGIA COMERCIALIZADORA;0,1;Competitive suppliers;ANTEA;ANTEC01
ANTELLA;18WANTELLA-123-Y;ANTELLA;18WANTELLA-123-Y;3,6;Hydro non UGH;EGLE;HANTEL
ANTEX;18WANTEX-12345-C;UF ANTEX;UF ANTEX;1,0;Natural Gas Cogeneration;AME;TANTEX
ANTFW;18W000000000QQGG;ANTFW;ANTFW;1,8;Solar PV;GNRA;FVGNRA
ANTONI;18WANTONI-1234-U;ANTONI;ANTONI;49,9;Wonshore wind;EBLCO;EANTONI
ANTONIO;18W000000000P318;ANTONIO;PE ANTONIO VALVERDE;1,5;Wonshore wind;EGLE;EZENET
ANTPX;18W000000000S8NB;ANTPX;ANTPX;45,0;Solar PV;GNRA;UPANT
ANTUC01;18W000000000HL2L;ENERGY;COMERCIALIZADOR ENERGIA;0,1;Competitive suppliers;ANTUK;ANTUC01
ANUBIS1;18W000000000SN7Z;ANUBIS1;PSF ANUBIS;40,8;Solar PV;WMARK;FVANUBI
ANVER;18W000000000GMU3;ANVER;ANVER;2,0;Solar PV;GNRA;FVGNRA
ANZ1;18WANZ1-12345-A7;ANZANIGO;ANZANIGO;7,7;Hydro UGH;ENDG;EBRACC1
AOIZ;18WAOIZ-12345-DL;AOIZ;INCOGEN 2;3,5;Natural Gas Cogeneration;COGEN;AE11COG
AOZPR;18W000000000PD73;AOZPR;AOZPR;3,8;Solar PV;GNRA;FVGNRA
APALAN1;18WPEALPALANCI-M;APALAN1;P.E. ALTO PALANCIA I;26,0;Wonshore wind;EGED;EGREEN1
APALAN2;18WPEALPALANC2-X;APALAN2;P.E. ALTO PALANCIA II;46,0;Wonshore wind;EGED;EGREEN1
APALAN3;18WAPALAN3-123-M;APALAN3;P. E. ALTO PALANCIA III;32,0;Wonshore wind;EGED;EGREEN1
APOLC01;18W000000000R2CI;APOLB;APOLO BUSINESS SL;10,0;Competitive suppliers;APOLB;APOLC01
APOZOS;18W000000000T2RH;APOZOS;APOZOS;1,0;Hydro non UGH;CEG;HPOZOS
APRC01;18W000000000R0O0;APRC01;APRC01;1,0;Market direct consumption;APRES;APRC01
APRIC01;18W0000000004REV;APRIM;AUSARTA PRIMA COMPRA;0,1;Competitive suppliers;APRIM;APRIC01
AQU127;18W000000000TKLC;AQU127;AQU127;93,8;Solar PV;SOLRC;FAQU127
ARABAYO;18W000000000QFK4;ARABAYO;UF SOLAR ARABAYO;3,5;Solar PV;NEXU;FARBYON
ARACC01;18W-ARACC01-1--3;ARACA1;ARACA1;0,1;Competitive suppliers;ARACA;ARACC01
ARAGON;18WARAGON-123-EM;ARAGON;P.E. ARAGON;5,2;Wonshore wind;ECYR;EEGPEM
ARAIC01;18W000000000QE9T;ARAIA;SAN PEDRO DE ARAIA UNIDAD COMP;0,1;Competitive suppliers;CHPED;ARAIC01
ARALAR;18WARALAR-123--M;ARALAR;18WARALAR-123--M;13,9;Natural Gas Cogeneration;EGLE;TPAARA
ARAS;18WARAS-12345-EU;ARAS;P.E. LLANAS DE CODES - ARAS;33,0;Wonshore wind;EGED;EGREEN
ARASC01;18W0000000004T2C;ARASC01;ARASC01;0,4;Market direct consumption;ARAS;ARASC01
ARAT;18WARAT-12345-AS;ARATORES;ARATORES;0,3;Hydro UGH;ENDG;EBRACC1
ARATOM;18WARATOM-123-DD;ARATOM;ARATOM;12,5;Natural Gas Cogeneration;EGLE;TARATO
ARAVI;18WARAVI-12345-R;SABARCA;PE SANCHO ABARCA;10,2;Wonshore wind;NEXU;ESANCHO
ARAZURI;18WARAZURI-123-M;ARAZURI;ARAZURI;2,2;Biogas;CEG;RCOPAMP
ARB1;18WARB1-12345-A1;ARBON 1;ARBON 1;24,7;Hydro UGH;REPSB;VIES
ARB2;18WARB2-12345-AS;ARBON 2;ARBON 2;24,7;Hydro UGH;REPSB;VIES
ARBASOL;18W000000000RXZR;ARBASOL;UF SOLAR ARBASOL;5,0;Solar PV;NEXU;FARBASL
ARBER;18W000000000M3B0;ARBER;ARBER;2,0;Solar PV;GNRA;LAPEN
ARBOLE;18W00000000035MB;ARBOLE;LA ARBOLEDA;0,8;Hydro non UGH;IBGES;HFIBGES
ARC1;18WARC1-12345-AR;A.CABRAL 1;ARENAS DE CABRALES 1;4,2;Hydro UGH;REPSB;VIES
ARC2;18WARC2-12345-AH;A.CABRAL 2;ARENAS DE CABRALES 2;4,0;Hydro UGH;REPSB;VIES
ARC3TG1;18WARC3TG1-12-C4;ARC3TG1;ARCOS3 TURBINA GAS 1;260,9;Combined Cycle GT;IBGT;ARCOS3
ARC3TG2;18WARC3TG2-12-CY;ARC3TG2;ARCOS3 TURBINA GAS 2;267,8;Combined Cycle GT;IBGT;ARCOS3
ARC3TV;18WARC3TV-123-CP;ARC3TV;ARCOS3 TURBINA VAPOR;294,1;Combined Cycle GT;IBGT;ARCOS3
ARCA;18W000000000SD05;ARCA;UF SOLAR ARCA;1,0;Solar PV;NEXU;FARCA
ARCH;18WARCH-12345-AF;ARCHENA;ARCHENA;0,3;Hydro UGH;BARER;ARCH
ARCH2;18W000000000QP54;ARCH2;ARCH2;1,8;Solar PV;GNRA;FVGNRA
ARCH4;18W000000000QP62;ARCH4;ARCH4;2,4;Solar PV;GNRA;FVGNRA
ARCICAR;18W000000000O2Q2;ARCICLLR;ARCOLLAR;14,5;Solar PV;GESTE;FARCICR
ARCIREF;18W000000000TZXH;ARCIREF;ARCIREF;1,0;Competitive suppliers;EDPCL;EDPCR01
ARCKG1;18W000000000SGJW;ARCKG1;ARCKG1;39,2;Solar PV;GNRA;UPARCKG
ARCO1;18W000000000QF07;ARCO1;ARCO1;40,0;Solar PV;REPSB;FRSIGMA
ARCO2;18W000000000QE7X;ARCO2;ARCO2;40,0;Solar PV;REPSB;FRSIGMA
ARCO3;18W000000000Q4PR;ARCO3;ARCO3;40,5;Solar PV;REPSB;FRSIGMA
ARCO4;18W000000000QG12;ARCO4;ARCO4;24,5;Solar PV;REPSB;FRSIGMA
ARCO5;18W000000000QG20;ARCO5;ARCO5;24,5;Solar PV;REPSB;FRSIGMA
ARCO8;18W000000000TQBE;ARCO8;ARCO8;45,6;Solar PV;CEG;FARCO8
ARCOH;18W000000000QIY4;ARCOH;ARCOH;42,0;Solar PV;GNRA;UPARCOH
ARCOS1;18WARCOS1-123-CR;ARCOS1;ARCOS G1;389,2;Combined Cycle GT;IBGT;ARCOS1
ARCOS2;18WARCOS2-123-CJ;ARCOS2;ARCOS G2;373,2;Combined Cycle GT;IBGT;ARCOS2
ARCOSOL;18WARCOSOL-123-K;ARCOSOL;ARCOSOL 50;50,0;Solar thermal;GNRA;TSGNR
ARDONA1;18W000000000RNYM;ARDONA1;ARCHIDONA 1;17,0;Solar PV;EGLE;FSPV3
ARDONA2;18W000000000RNWQ;ARDONA2;ARCHIDONA 2;30,8;Solar PV;EGLE;FSPV10
ARE1;18WARE1-12345-A5;ARENZANA 1;ARENZANA 1;0,1;Hydro UGH;IBEG;EBRA
ARE2;18WARE2-12345-AW;ARENZANA 2;ARENZANA 2;0,1;Hydro UGH;IBEG;EBRA
AREFA;18WAREFA-1234-EI;AREFA;P. E. ALABE REFACHON;21,0;Wonshore wind;EGED;EFEGEL1
AREN;18WAREN-12345-A7;AREN;18WAREN-12345-A7;4,1;Hydro non UGH;EGLE;HCOHIG
ARENAL;18WARENAL-1234-S;ARENAL;18WARENAL-1234-S;2,8;Hydro non UGH;EGLE;HARENG
ARENALE;18WARENALE-12--X;ARENALE;18WARENALE-12--X;49,9;Solar thermal;EGLE;SARSOL
ARENALS;18W000000000NXTI;ARENALS;ARENALS;4,4;Solar PV;ADXRE;FAUDAX
ARESA;18W000000000QDN4;ARESA;ARESA;4,5;Hydro non UGH;GNRA;HFGNRA
ARG1;18WARG1-12345-AK;ARGONE 1;ARGONE 1;7,6;Hydro UGH;ENDG;EBRACC2
ARG2;18WARG2-12345-AA;ARGONE 2;ARGONE 2;7,2;Hydro UGH;ENDG;EBRACC2
ARGANO;18WARGANO-1234-W;ARGANO;P.E. ARGAÑOSO;22,0;Wonshore wind;IBGES;EHIBGES
ARGC01;18W000000000ONZW;ARGC01;ARGC01;0,6;Market direct consumption;ARGIM;ARGC01
ARGOITI;18WARGOITI-123-A;ARGOITI;UF USARGOITI;1,9;Oil products and coal;GNRA;TUSARGO
ARGSOL;18W000000000L18G;ARGASOL;UF ARGASOL;10,0;Solar PV;EBLCO;FARGASL
ARGUC01;18W000000000F272;ARGUS UPR;COLABORA ENERGIA-ARGUS UPR;0,1;Competitive suppliers;ARGUS;ARGUC01
ARIAS1;18WARIAS1-123-AV;ARIAS1;ARIAS1;6,3;Hydro non UGH;HDE;HHDESP
ARIAS2;18WARIAS2-123--8;ARIAS2;ARIAS2;6,3;Hydro non UGH;HDE;HHDESP
ARIESTO;18WARIESTO-12-AK;ARIESTO;ARIESTOLAS;6,1;Hydro non UGH;HDE;HHDESP
ARIZ;18WARIZ-12345-AS;ARIZMENDI;ARIZMENDI;0,1;Hydro UGH;BARER;BEREBRO
ARLANZ;18W000000000JKS1;ARLANZ;ARLANZ;4,0;Natural Gas Cogeneration;AME;TZAME
ARLAS;18WARLAS-1234-AM;ARLAS;ARLAS;4,1;Hydro non UGH;EGED;HFEGED
ARLAZON;18W0000000006SCO;ARLANZON;UF CH ARLANZON;1,3;Hydro non UGH;AME;HGAME
ARMEP;18W000000000TRJW;ARMEP;ARMEP;200,0;Solar PV;GNRA;UPARM
ARMIJO;18WARMIJO-123-EI;ARMIJO;P.E. ACAMPO ARMIJO;18,0;Wonshore wind;HISPE;RWESZN
ARNE1;18W000000000RGUE;ARNE1;ARNE1;8,0;Solar PV;GNRA;UPARN1
ARNE2;18W000000000RGWA;ARNE2;ARNE2;8,0;Solar PV;GNRA;UPARN2
ARNE3;18W000000000RGY6;ARNE3;ARNE3;8,0;Solar PV;GNRA;UPARN3
ARNE4;18W000000000RH2U;ARNE4;ARNE4;6,0;Solar PV;GNRA;UPARN4
ARNOYA;18WARNOYA-123-A6;ARNOYA;C. H. ARNOYA;10,0;Hydro non UGH;EGLE;HGIES
AROBRES;18W000000000QB0J;AROBRES;AROBRES;6,0;Wonshore wind;CEG;EEOBRO2
ARPAL;18W000000000SZ0D;ARPAL;UF SOLAR ARPAL;8,5;Solar PV;NEXU;FARPAL
ARQCU;18W000000000NQXV;ARQCU;ARQCU;1,4;Hydro non UGH;GNRA;HCUER
ARR1;18WARR1-12345-AA;ARRAMBID 1;ARRAMBIDE 1;0,2;Hydro UGH;IBEG;EBRA
ARR2;18WARR2-12345-A0;ARRAMBID 2;ARRAMBIDE 2;0,3;Hydro UGH;IBEG;EBRA
ARR3;18WARR3-12345-AR;ARRAMBID 3;ARRAMBIDE 3;0,4;Hydro UGH;IBEG;EBRA
ARRIELO;18WARRIELO-123-7;ARRIELO;P.E. ARRIELO;49,5;Wonshore wind;MEDI;EMEDI
ARRO;18WARRO-12345-A2;ARROLLANDI;ARROLLANDIETA;0,5;Hydro UGH;BARER;BEREBRO
ARROBO;18W000000000MH65;ARROBO;ARROBO;1,8;Solar PV;NEXU;FAROBO
ARROIBA;18WARROIBA-12--R;ARROIBA;C.H. ARROIBAR;14,7;Hydro non UGH;ECYR;HEGPE
ARROYAL;18WARROYAL-123-O;ARROYAL;ARROYAL;46,5;Wonshore wind;EGLE;ELBOGA
ARRU1;18WARRU1-1234-CW;UFARRU1;UF ARRUBAL1;394,6;Combined Cycle GT;ARRUB;ARRU1
ARRU1X;18W-ARRU1X-22--2;ARRU1X;ARRU1X;1,0;Aux. Svcs. Consumption;ARRUB;ARRU1X
ARRU2;18WARRU2-1234-CN;UFARRU2;UF DE ARRUBAL2;390,0;Combined Cycle GT;ARRUB;ARRU2
ARRU2X;18W-ARRU2X-84--U;ARRU2X;ARRU2X;1,0;Aux. Svcs. Consumption;ARRUB;ARRU2X
ARSOL;18W000000000QFYD;ARSOL;ARSOL;5,0;Solar PV;GNRA;FVGNRA
ART1;18WART1-12345-AP;ARTIES 1;ARTIES 1;33,4;Hydro UGH;ENDG;EBRFEN
ART2;18WART2-12345-AF;ARTIES 2;ARTIES 2;33,4;Hydro UGH;ENDG;EBRFEN
ARTABRA;18WARTABRA-123-V;ARTABRA;ARTABRA;13,1;Oil products and coal;CEG;TARTABR
ARTEIXO;18WARTEIXO-123-4;ARTEIXO;18WARTEIXO-123-4;2,0;Wonshore wind;EGLE;EFERSA
ARTICUL;18W000000000IBTU;ARTICULATA;UF ARTICULATA;2,0;Solar PV;NEXU;FAZARA
ARTIGAS;18WARTIGAS-123-R;ARTIGAS;ARTIGAS;1,4;Biogas;CEG;RARTIGA
ARTIX;18W000000000TUU1;ARTIX;ARTIX;1,4;Solar PV;GNRA;UPSON2
ARUNAII;18W000000000TK0H;ARUNAII;PE A RUÑA II;21,0;Wonshore wind;EGLE;EDEREN
ASC1;18WASC1-12345-BD;ASCO 1;ASCO (G.1);995,8;Nuclear;ENDG;ASC1
ASC2;18WASC2-12345-B3;ASCO 2;ASCO (G.2);991,7;Nuclear;ENDG;ASC2
ASCCI;18W000000000R0TR;ASCCI;ASCCI;2,6;Solar PV;GNRA;CASMON
ASCOY;18W000000000MGO9;ASCOY;UF EOLICA ASCOY;7,6;Wonshore wind;NEXU;EASCOI
ASEGRE;18WASEGRE-123-AJ;RE-000291;ARTESA;1,6;Hydro non UGH;CEG;HEEARG
ASEIXAL;18WASEIXAL-123-2;ASEIXAL;P.E. ASEIXAL;30,0;Wonshore wind;GNCO;EGASNE2
ASESA;18WASESA-1234--H;ASESA;COGENERACIÓ ASESA;13,5;Natural Gas Cogeneration;DETIC;TFASESA
ASETYM;18W000000000PXE3;ASETYM;PARQUE FV ASETYM SOL DE MURCIA;1,8;Solar PV;EBLCO;FASETYM
ASETYM2;18W000000000PZOE;ASETYM2;PARQUE FV ASETYM2;1,7;Solar PV;EBLCO;FASETYM
ASIEC01;18W000000000EME6;COMPRA ENE;ADQUISICIN DE ENERGA;5,0;Competitive suppliers;ASIE;ASIEC01
ASNEVES;18WASNEVES-123-S;ASNEVES;18WASNEVES-123-S;2,4;Wonshore wind;EGLE;EFERSA
ASOAN;18WASOAN-1234-EE;ASOAN;P. E. ALABE SOAN;19,5;Wonshore wind;EGED;EFEGEL2
ASOANA;18WASOANA-123-ET;ASOANA;ASOANA;21,7;Wonshore wind;EGED;EFEGEL2
ASOEV;18W000000000R0UP;ASOEV;ASOEV;3,8;Solar PV;GNRA;FVGNRA
ASOLANA;18WASOLANA-12-EO;ASOLANA;P.E. ATALAYA DE LA SOLANA;20,4;Wonshore wind;IBGES;EHIBGES
ASOMC;18W000000000PPQ3;ASOMC;ASOMADA;3,8;Solar PV;SOMEN;SENFV1
ASPGN;18W000000000MLMZ;ASPGN;ASPGN;42,1;Solar PV;GNRA;HABGN
ASSEC01;18W000000000R32Z;ASSEC01;ASSENN ENERGY SL;0,0;Competitive suppliers;ASSEN;ASSEC01
ASTC01;18W-ASTC01-25--K;ASTC01;ASTC01;1,3;Market direct consumption;AST;ASTC01
ASTCP3;18W00000000013SD;ASTCP3;ASTCP3;2,0;Import France;AST;ASTCP3
ASTE1A;18WASTE1A-123--E;ASTE1A;18WASTE1A-123--E;49,9;Solar thermal;NEXU;SASTE1A
ASTE1B;18WASTE1B-1234-S;ASTE1B;18WASTE1B-1234-S;49,9;Solar thermal;NEXU;SASTE1B
ASTEC01;18W000000000UIIK;ASTEC01;COMPRA COMERCIALIZADORA;1,0;Competitive suppliers;ASTEN;ASTEC01
ASTEXO2;18WASTEXO2-123-9;ASTEXO2;18WASTEXO2-123-9;49,9;Solar thermal;NEXU;SASTEXO
ASTLAMI;18W000000000U05Q;ASTLAMI;ASTLAMI;1,0;Competitive suppliers;EDPCL;EDPCR01
ASTRC01;18W000000000MHHK;ASTRA;ASTRALCAD ENERGIA;1,0;Competitive suppliers;ASTRA;ASTRC01
ASTRIBC;18W000000000S8ZO;ASTRIBC;UF COMPRA BATERIA SOTO RIBERA;0,3;Storage buy;HC G;ASRIHCC
ASTRIBV;18W000000000S90H;ASTRIBV;UF VENTA BATERIA SOTO RIBERA;0,2;Storage sale;HC G;ASRIHCV
ASTVP3;18W00000000013TB;ASTVP3;ASTVP3F;2,0;Export France;AST;ASTVP3
AT79HU;18W000000000OSSV;AT79HU;AT79HU;1,0;Competitive suppliers;FORTI;FORTR01
ATACI1;18W000000000T16P;ATACI1;ATACI1;4,5;Hydro non UGH;GNRA;HFGNRA
ATACI2;18W000000000T17N;ATACI2;ATACI2;8,6;Hydro non UGH;GNRA;HFGNRA
ATALAYA;18WATALAYA-12-E4;ATALAYA;P. E. ATALAYA;49,5;Wonshore wind;IGNIS;UPEBRO
ATAQUIN;18W000000000SV5F;ATAQUIN;UF SOLAR ATAQUIN;1,8;Solar PV;NEXU;FATQINS
ATCOG;18W000000000S25S;ATCOG;ATCOG;1,0;Competitive suppliers;SHELL;SESAR01
ATEEC01;18W000000000JX74;PENINSULA;ATENCO PENINSULA;1,0;Competitive suppliers;ATENC;ATEEC01
ATENS;18W000000000IUU8;ATENS;ATENS;2,8;Solar PV;GNRA;FVGNRA
ATLROS;18W000000000SSY3;ATLROS;ATLAS ROSELLO;23,4;Natural Gas Cogeneration;ATLAS;TATLROS
ATLSC01;18W-ATLASC1-1--A;ATLSC01;ATLSC01;4,5;Competitive suppliers;ATLAS;ATLSC01
ATMINI;18W000000000OUGC;ATMINI;ATMINI;1,0;Competitive suppliers;ENDCO;ENDER01
ATOMCSA;18W000000000M2FW;ATOMCSA;ATOMCSA;9,7;Natural Gas Cogeneration;DETIC;ATOMCEC
ATOMISA;18WATOMISA-12-D3;ATOMISA;18WATOMISA-12-D3;4,9;Natural Gas Cogeneration;EGLE;TBLANSA
ATOMIXS;18W000000000M2EY;ATOMIXS;ATOMIXS;8,3;Natural Gas Cogeneration;DETIC;ATOMICO
ATOMIZZ;18WATOMIZZ-123-A;UF_ATOMIZA;UF TERMICA ATOMIZADORA;5,5;Natural Gas Cogeneration;DETIC;COGATOM
ATORMES;18W00000000037BR;ATORMES;18W00000000037BR;4,5;Wonshore wind;EGLE;GAVIAEG
ATPC01;18W000000000S8LF;ATPC01;COMPR COMERCIALIZADORA;0,1;Competitive suppliers;ATPEN;ATPC01
ATRIC01;18W000000000RQI8;ATRIAUP01;ATRIA ENERGA UNIDAD DE PROGRAM;1,0;Competitive suppliers;ATRES;ATRIC01
ATS1;18WATS1-12345-AC;ARTESIAG 1;ARTESIAGA 1;0,4;Hydro UGH;ASIE;ASIEBRO
ATS2;18WATS2-12345-A2;ARTESIAG 2;ARTESIAGA 2;0,7;Hydro UGH;ASIE;ASIEBRO
ATUEA;18W000000000QYEX;ATUEA;ATUEA;1,6;Solar PV;GNRA;FVGNRA
AUDAC01;18W-AUDAX-493--H;AUDAC01;AUDAC01;0,1;Competitive suppliers;ADXRE;AUDAC01
AUDAX01;18WAUDAX01-123-U;ADBIOG01;AUDAX BIOGAS1;2,4;Biogas;ADXRE;RAUDAX
AUNGNR;18W-AUNGNR-28--E;AUNGNR;UP A11 NO ALTA EIFCIENCIA;1,0;Natural Gas Cogeneration;GNRA;AUNGNR
AUR114;18W000000000TZQV;AUR114;AUR114;24,9;Solar PV;SOLRC;FAUR114
AUREAFV;18W000000000RX6B;FGST151;FGST151;150,0;Solar PV;GESTE;FGST151
AUSIN;18WAUSIN-12345-Q;AUSIN;18WAUSIN-12345-Q;1,8;Hydro non UGH;EGLE;HHIPAL
AUSINE;18W0000000001FF3;AUSINE;AUSINE;27,0;Wonshore wind;CEG;EAUSIN
AUXIME;18WAUXIME-1234-3;AUXIME;UF AUXIME;2,2;Hydro non UGH;GNRA;HSTMARI
AVENTOA;18WAVENTOA-12-EA;AVENTOA;AVENTOA;22,5;Wonshore wind;EGED;EFEGEL1
AVIADOR;18WAVIADOR-12-EA;AVIADOR;P. E. LOMA DE AVIADORES;6,0;Wonshore wind;HC G;HCGSIHA
AVILA;18WAVILA-1234-EE;AVILA;P.E. DE AVILA;11,9;Wonshore wind;HC G;HCGSCS3
AVILC01;18W-AVILC01-1--K;AVIL_ALUMB;AYUNTAMIENTO DE AVILES - ALUMB;36,3;Market direct consumption;AVIL;AVILC01
AVIMN;18W000000000TTIS;AVIMN;AVIMN;2,0;Solar PV;GNRA;UPSON3
AXIABRE;18WAXIABRE-123-F;AXIABRE;P.E. AMPLIACIÓN XIABRE;31,2;Wonshore wind;EGLE;EENGAS
AYLUC01;18W-AYLUC01-6--4;AYLUZ;AYLUZ COMERCIALIZADORA;0,1;Competitive suppliers;AYLUZ;AYLUC01
AYMVB;18W000000000TMTR;AYMVB;AYMVB;25,0;Wonshore wind;GNRA;UPAYM
AYORA1;18W000000000T3AB;FV AYORA I;FV AYORA I;23,0;Solar PV;EGED;FVGREEN
AYORA2;18W000000000T3B9;FV AYORA 2;FV AYORA 2;23,0;Solar PV;EGED;FVGREEN
AYORA3;18W000000000T3C7;FV AYORA 3;FV AYORA 3;23,0;Solar PV;EGED;FVGREEN
AYPGNR;18W-AYPGNR-20--J;AYPGNR;A12 NO ALTA EFICIENCIA;1,4;Oil products and coal;GNRA;AYPGNR
AZANON;18W000000000NGKD;AZANON;AZANON;1,5;Hydro non UGH;CEG;HAZANON
AZARA;18W000000000IBUS;AZARA;UF SOLAR AZARA;2,0;Solar PV;NEXU;FAZARA
AZEBRO;18WAZEBRO-1234-N;AZEBRO;AZEBRO;18,4;Natural Gas Cogeneration;DETIC;COGAZEB
AZGUALT;18WAZGUALT-12-E6;AZGUALT;18WAZGUALT-12-E6;8,6;Natural Gas Cogeneration;DETIC;TAZGUAL
AZNALC;18WAZNALCO-123-7;AZNALC;AZNALCOLLAR;1,0;Solar PV;ECYR;FEGPE3
AZOF;18W000000000NQS4;AZOF;AZOF;1,5;Solar PV;GNRA;FVGNRA
AZSAAV;18W000000000OSEM;AZSAAV;AZSAAV;1,0;Competitive suppliers;EDPCL;EDPCR01
AZU1;18WAZU1-12345-AT;AZUTAN 1;AZUTAN 1;67,4;Hydro UGH;IBEG;TAJO
AZU2;18WAZU2-12345-AJ;AZUTAN 2;AZUTAN 2;65,5;Hydro UGH;IBEG;TAJO
AZU3;18WAZU3-12345-A9;AZUTAN 3;AZUTAN 3;65,0;Hydro UGH;IBEG;TAJO
AZUCB01;18W000000000QPDP;AZUCB01;AZUCB01;1,7;Solar PV;GNRA;FVGNRA
AZUELO;18WAZUELO-123-E4;AZUELO;AZUELO;43,2;Wonshore wind;EGED;EGREEN
AZUEN;18W000000000JZQY;AZUEN;AZUEN;1,8;Solar PV;GNRA;FVGNRA
AZUER1;18W000000000LX6Z;AZUER1;UF SOLAR AZUER1;41,0;Solar PV;NEXU;FAZUER1
AZUER2;18W000000000LX8V;AZUER2;UP SOLAR AZUER;32,0;Solar PV;NEXU;FAZUER2
AZULIB;18WAZULIB-123-DU;AZULIB;AZULIBER 1;17,7;Natural Gas Cogeneration;EGLE;AZULIB
AZULMED;18W0000000001EUD;AZULMED;AZULMED;5,7;Natural Gas Cogeneration;DETIC;TAZULME
AZUTORO;18W000000000RU3Q;AZUTORO;TORO;12,9;Natural Gas Cogeneration;EGLE;TAZUCA2
BABILA;18WBABILA-123-DJ;BABILA;BIOETANOL DE BABILAFUENTE;24,7;Natural Gas Cogeneration;EENER;TBIOCL
BACAC01;18W000000000E08A;BACAC01;BACAC01;1.200,0;Market direct consumption;BACA;BACAC01
BADAIA;18WBADAIA-123-ES;BADAIA;P. E. DE BADAIA;49,9;Wonshore wind;IBGES;EHIBGES
BADFW;18W000000000QXZV;BADFW;BADFW;5,0;Solar PV;GNRA;FVGNRA
BADJOZ9;18W000000000RXOC;BADJOZ9;UF SOLAR BADAJOZ SOLAR 9;5,0;Solar PV;NEXU;FBADJOZ
BAHIABX;18W-BAHIABX-3--F;BAHIABX;BAHIA DE BIZKAIA ELECTRICIDAD;12,0;Aux. Svcs. Consumption;BBEL;BAHIABX
BAHITG1;18WBAHITG1-12-CR;BAHITG1;BAHIAB TG1;256,6;Combined Cycle GT;BBEL;BAHIAB
BAHITG2;18WBAHITG2-12-CK;BAHITG2;BAHIAB TG2;257,4;Combined Cycle GT;BBEL;BAHIAB
BAHITV;18WBAHITV-123-CB;BAHITV;BAHIAB TV;271,3;Combined Cycle GT;BBEL;BAHIAB
BAKC01;18W000000000QS5W;BAKC01;BAKC01;0,6;Market direct consumption;BASKO;BAKC01
BALA;18WBALA-12345-AT;BALAGUER;BALAGUER;7,3;Hydro UGH;ENDG;EBRFEN
BALDIO2;18W000000000MZ1Z;BLDIO;BLDIO2;17,0;Solar PV;GESTE;FBLDIO2
BALEC01;18W000000000FS44;BALEC01;BALEC01;10,0;Competitive suppliers;ELECB;BALEC01
BALFV3;18W000000000UA30;BALFV3;BALFV3;16,1;Solar PV;SOLRC;FBALFV3
BALI;18WBALI-12345-AN;BALIERA;BALIERA;5,2;Hydro UGH;ENDG;EBRFEN
BALKC01;18W000000000ISF7;BALKC01;BALKC01;0,3;Market direct consumption;BALEI;BALKC01
BALLEST;18W000000000GJVA;BALLESTAS;BALLESTAS;75,9;0;IBGES;FEHIBHV
BALMENA;18W000000000NJEG;BALMENA;UF BIOGAS ALMENAR;3,0;Biogas;NEXU;RBALMN
BALSON;18W000000000G4CJ;BALSON;PE EL BALSON;30,0;Wonshore wind;EGLE;EENECO
BALTO;18WBALTO-1234-EE;BALTO;P.E. BOSQUE ALTO;21,7;Wonshore wind;HISPE;RWESZN
BANARES;18W000000000ODXT;BAÑARES;BAÑARES;1,1;Solar PV;LMER;BANARES
BANCAL;18WBANCAL-1234-8;BANCAL;P.E.BANCAL;21,0;Wonshore wind;HISPE;RWESZN
BANDELE;18WBANDELE-123-T;BANDELE;PE BANDOLERAS;36,0;Wonshore wind;EGLE;EPEBAN
BANDERA;18WBANDERA-12-ES;BANDERA;BANDERA;32,3;Wonshore wind;CEG;EEBAN
BANERES;18W000000000L9XG;BANERES;18W000000000L9XG;1,9;Natural Gas Cogeneration;EGLE;TBANER
BANILLA;18WBANILLA-123-I;BANILLA;UF ABANILLA;1,0;Biogas;GNRA;RABANIL
BANOSF;18WBANOSF-123-AQ;BAÑOS;BAÑOS;5,5;Hydro non UGH;EGED;HEALTOG
BANY;18WBANY-123456-R;BANY;UF COG BANYOLES;4,4;Natural Gas Cogeneration;AME;TBANY
BANZAI;18WBANZAI-123-E9;BANZAI;P.E. BARBANZA I;19,8;Wonshore wind;ECYR;EREGPEM
BANZAII;18WBANZAII-12-E8;BARBANZAII;P.E. BARBANZA;9,2;Wonshore wind;ECYR;EREGPEM
BAR1;18WBAR1-12345-AG;BDELUNA 1;BARRIOS DE LUNA 1 (MORA LUNA);16,3;Hydro UGH;GNFG;UFGC
BAR2;18WBAR2-12345-A6;BDELUNA 2;BARRIOS DE LUNA 2 (MORA LUNA);16,4;Hydro UGH;GNFG;UFGC
BAR3;18WBAR3-12345-AX;BDELUNA 3;BARRIOS DE LUNA 3 (MORA LUNA);7,6;Hydro UGH;GNFG;UFGC
BAR4;18WBAR4-12345-AN;BDELUNA 4;BARRIOS DE LUNA 4 (MORA LUNA);7,5;Hydro UGH;GNFG;UFGC
BARAS;18W000000000GBQ7;BARAS;BARAS;22,1;Hydro non UGH;GNRA;HPTMR
BARASO;18WBARASO-1234-K;BARASOAIN;P. E. BARASOAIN;15,0;Wonshore wind;EGED;EGREEN
BARBANT;18WBARBANT-123-V;BARBANT;18WBARBANT-123-V;2,7;Hydro non UGH;EGLE;HENGAG
BARBEL;18WBARBEL-123-A5;BARBEL;18WBARBEL-123-A5;1,4;Hydro non UGH;EGLE;HATJUG
BARBERS;18WBARBERS-123-7;BARBERS;18WBARBERS-123-7;30,0;Wonshore wind;EBLCO;EBARBER
BARCIEN;18W000000000LUZN;BARCIEN;FV BARCIENCE;38,6;Solar PV;IBGES;FIIBGES
BARCONE;18W000000000SDBK;BARCONES;UF SOLAR BARCONES;9,0;Solar PV;NEXU;FBRCNES
BARDENS;18W000000000IPYF;BARDENS;BARDENS;5,4;Solar PV;GESTE;FBRDENA
BARGAS;18W000000000R5RG;BARGAS;UF SOLAR BARGAS;5,0;Solar PV;NEXU;FBRGAS
BARGASN;18W000000000PYHV;BARGSN;BARGASNORTE;4,7;Solar PV;GESTE;FBARGSN
BARGASS;18W000000000PYJR;BRGSSUR;BARGASSUR;4,7;Solar PV;GESTE;FBARGSS
BARRAD;18W000000000JWGQ;FBARRAD;PIELESBARRADO;1,2;Solar PV;GESTE;FBARAD
BARRAL;18W000000000OGL7;BARRAL;BARRAL;1,0;Natural Gas Cogeneration;DETIC;COGBARR
BARRANC;18WPELBARRANCOSU;BARRANC;P.E. LOS BARRANCOS;20,0;Wonshore wind;ECYR;EEGPEM
BARRAX;18W000000000I992;BARRAX;BARRAX;3,6;Wonshore wind;WMARK;EFWMARK
BARREIR;18WBARREIR-123-0;BARREIR;C.H.BARREIRO;2,4;Hydro non UGH;EGLE;HNORHI
BARRIO;18WBARRIOS-123-K;BARRIO;BARRIO;0,1;Solar PV;ECYR;FEGPE3
BARROSO;18W000000000RVA9;EGST146;EGST146;21,6;Wonshore wind;GESTE;EGST146
BARRU;18W000000000O1MD;BARRU;BARRU;2,0;Solar PV;GNRA;FVGNRA
BARTOLO;18WBARTOLO-12-AP;BARTOLO;18WBARTOLO-12-AP;1,2;Hydro non UGH;EGLE;HGIES
BASE;18WBASE-12345-AN;BASERCA;BASERCA;5,9;Hydro UGH;ENDG;EBRFEN
BASIR51;18W000000000SRBF;BASIR51;UF SOLAR BASIR;15,5;Solar PV;NEXU;FBASIR
BASURTO;18WBASURTO-123-Y;BASURTO;BASURTO;4,0;Natural Gas Cogeneration;WMARK;TGIRSA
BAUSEN;18WBAUSEN-123-A8;RE-000162;HID BAUSEN;3,3;Hydro non UGH;NEXU;HBAUSEN
BAYO;18WBAYO-12345-EY;BAYO;P. E. BAYO;49,5;Wonshore wind;IGNIS;UPEBRO
BAYPO;18WBAYERPOLIMERX;BAYPO;BAYER POLIMEROS;13,6;Natural Gas Cogeneration;DETIC;TTBAYPO
BAYPO00;18W000000000NSQ2;BAYPO003;BAYPO003;0,9;Natural Gas Cogeneration;DETIC;TTBAYPO
BCA1;18WBCA1-12345-AV;LABARCA 1;LA BARCA 1;25,8;Hydro UGH;HC G;HCHI
BCA2;18WBCA2-12345-AL;LABARCA 2;LA BARCA 2;26,2;Hydro UGH;HC G;HCHI
BCA3;18WBCA3-12345-AB;LABARCA 3;LA BARCA 3;2,6;Hydro UGH;HC G;HCHI
BCERRIL;18W000000000TNWI;BCERRIL;UF SOLAR BECERRIL;1,0;Solar PV;NEXU;FBCERRI
BCIENCE;18W000000000R5AD;BCIENCE;FV BARCIENCE;30,0;Solar PV;EGLE;FBARCI
BCNONW;18W000000000OUHA;BCNONW;BCNONW;1,0;Competitive suppliers;ENDCO;ENDER01
BEBE;18W000000000OKPO;TYLMER;CERÁMICA DOBON;0,9;Natural Gas Cogeneration;LMER;BEBE
BEBRIN;18W00000000058F8;BEBRIN;HIDABEBRIN;2,3;Hydro non UGH;EGLE;HPARRA
BECERRI;18WBECERRI-123-A;BECERRI;PARQUE EÓLICO BECERRIL;6,0;Wonshore wind;PEBEC;EBECERR
BECOC01;18W-BECOC01-1--6;BECOC01;BECOC01;35,0;Competitive suppliers;BECO;BECOC01
BECOG1;18WBECOG1-123-DH;BECOG1;BECOG1;6,9;Natural Gas Cogeneration;DETIC;COGBECO
BECVH02;18W000000000CSA4;BECVH02;VENDA HIDRAULICA  MOLI CARLOT;0,5;Hydro non UGH;BECO;BECVH02
BECVS01;18W000000000Q44W;BECVS01;BECO VENDA SOLAR 01;1,0;Solar PV;BECO;BECVS01
BEFESVA;18WBEFESVA-123-T;BEFESA;BEFESA VALORIZACIÓN DE AZUFRE;12,2;Sundry waste;REPSB;TBEFESA
BEJARF;18W000000000U9ZD;BEJAR UF;PEÑA DE BEJAR UF;4,0;Solar PV;NETRA;BEJAR
BEJO;18WBEJO-12345-AB;BEJO;BEJO;20,8;Hydro non UGH;EGED;HENANSA
BEL1;18WBEL1-12345-AY;BELESAR 1;BELESAR 1;102,5;Hydro UGH;GNFG;UFMI
BEL103;18W000000000TZUN;BEL103;BEL103;19,9;Solar PV;SOLRC;FBEL103
BEL2;18WBEL2-12345-AO;BELESAR 2;BELESAR 2;104,8;Hydro UGH;GNFG;UFMI
BEL3;18WBEL3-12345-AE;BELESAR 3;BELESAR 3;102,9;Hydro UGH;GNFG;UFMI
BELCH1;18W000000000Q6NP;BELCH1;FV BELIUNO;44,0;Solar PV;CEG;FBELCH1
BELCH2;18W000000000Q6ON;BELCH2;FV BELIDOS;44,0;Solar PV;CEG;FBELCH2
BELCH3;18W000000000Q6PL;BELCH3;FV BELITRES;44,0;Solar PV;CEG;FBELCH3
BELCHI;18WBELCHI-123-E2;BELCHITE;P. E. BELCHITE;49,5;Wonshore wind;HC G;HCGSCSA
BELEN1;18WBELEN1-123-ER;BELEN1;P.E. VIRGEN DE BELEN 1;33,1;Wonshore wind;IBGES;EHIBGES
BELEN2;18WBELEN2-123-EJ;BELEN2;P.E. VIRGEN BELEN 2;24,4;Wonshore wind;IBGES;EHIBGES
BELESII;18WBELESII-123-B;BELESII;BELESII;20,8;Hydro non UGH;GNCO;HFGASN
BELINCH;18W000000000NXCF;FV BELINCH;FV BELINCHON;1,3;Solar PV;DREUA;FDREU08
BELMEZ1;18W000000000RCGH;BELMEZ1;UF SOLAR BELMEZ1;0,9;Solar PV;NEXU;FBELME1
BELMEZ2;18W000000000RCID;BELMEZ2;UF SOLAR BELMEZ2;0,9;Solar PV;NEXU;FBELME2
BELMONT;18WBELMONT-123-Z;BELMONT;P.E.BELMONTE;34,8;Wonshore wind;ECYR;EREGPEM
BELOS;18W000000000I9ET;BELOS;UF SOLAR BELOS;40,0;Solar PV;NEXU;FBELOS
BELOTEG;18WBELOTEG-123-M;BELOTEG;BELOTEG;3,1;Hydro non UGH;EGED;HFEGED
BELVI;18W000000000SFLV;BELVI;FV BELVIS I-PES01;45,5;Solar PV;EGLE;FALDER
BELVII;18W000000000SFMT;BELVII;PFV BELVIS II;45,5;Solar PV;EGLE;FALDER
BELVIII;18W000000000SFNR;BELVIII;FV BELVIS III;3,8;Solar PV;EGLE;FALDER
BEMB;18WBEMB-12345-AY;BEMBEZAR;BEMBEZAR;14,8;Hydro UGH;ENDG;GDLQ
BEMORON;18WBEMORON-123-B;BEMORON;BECOSA-MORON;10,8;Natural Gas Cogeneration;HISPE;TMORON
BEN1;18WBEN1-12345-AC;BENAGEBE 1;BENAGEBER 1;4,3;Hydro UGH;IBEG;JUCA
BEN2;18WBEN2-12345-A2;BENAGEBE 2;BENAGEBER 2;14,9;Hydro UGH;IBEG;JUCA
BENAB;18W000000000FA7F;BENAB;BENAB;1,8;Solar PV;GNRA;FVGNRA
BENACZN;18W000000000T8Q1;BENACAZON;BENACAZON;20,0;Solar PV;SHEEN;SHEPV30
BENAD;18W000000000FA5J;BENAD;BENAD;1,8;Solar PV;GNRA;FVGNRA
BENAF;18W000000000FA9B;BENAF;BENAF;1,8;Solar PV;GNRA;FVGNRA
BENAN;18W000000000FA8D;BENAN;BENAN;1,6;Solar PV;GNRA;FVGNRA
BENAP;18W000000000FA4L;BENAP;BENAP;1,8;Solar PV;GNRA;FVGNRA
BENAX;18W000000000FA6H;BENAX;BENAX;1,8;Solar PV;GNRA;FVGNRA
BENEDP;18W000000000RTZ2;BENEDP;PARQUE FV BENEIXAMA;7,6;Solar PV;EBLCO;FBENEIX
BENEIXA;18W000000000UARQ;FV BENEIXA;FV BENEIXAMA;3,5;Solar PV;DREUA;FDREU21
BENEJB;18W000000000RTY4;BENEJB;PARQUE FV BENEIXAMA;7,6;Solar PV;EBLCO;FBENEIX
BENESQ;18W000000000RU0W;BENESQ;PARQUE FV BENEIXAMA;3,8;Solar PV;EBLCO;FBENEIX
BENET;18WBENET-12345-O;BENET;PLA DE BENET;6,0;Natural Gas Cogeneration;CEG;T1CEG
BENILDE;18W000000000SWR5;BENILDE;BENILDE SOLAR;42,0;Solar PV;EBLCO;FBENILD
BENITAC;18WBENITAC-123-9;BENITAC;P.E. BENITA CUELLAR;32,0;Wonshore wind;IBGES;EHIBGES
BENOC01;18W000000000KZAP;BEROIL UP;BEROIL UP;0,1;Competitive suppliers;BENOI;BENOC01
BERBEOD;18W000000000T953;BERBEOD;CH BERBEGAL Y ODINA;2,0;Hydro non UGH;EGLE;HRIEAG
BERC01;18W-BERC01-51--Z;BERNA;FABRICA BERNA;0,6;Market direct consumption;MELUL;BERC01
BERGA3;18W000000000T29G;BERGA3;BERGA3;2,9;Hydro non UGH;DETIC;HYBERGA
BERLC01;18W000000000SPTM;BERLC01 CO;BERLC01 COMPRA;1,0;Competitive suppliers;LUZYG;BERLC01
BERMEJA;18W000000000THYW;BERMEJA;PANTANO BERMEJALES;2,4;Hydro non UGH;EGLE;HGRCUG
BERR1;18WBERR1-1234-AO;BERROCAL 1;BERROCALILLO 1;0,1;Hydro UGH;HIDRJ;BERR1
BERR2;18WBERR2-1234-AF;BERROCAL 2;BERROCALILLO 2;0,3;Hydro UGH;HIDRJ;BERR2
BES3;18WBES3-12345-C7;BESOS 3;BESOS (G.3) C.C.;411,9;Combined Cycle GT;ENDG;BES3
BES4;18WBES4-12345-CY;BESOS 4;BESOS (G 4) C.C.;399,7;Combined Cycle GT;GNCC;BES4
BES5TG1;18WBES5TG1-123-2;BES5 TG1;CC BESOS 5 T GAS 1;276,0;Combined Cycle GT;ENDG;BES5
BES5TG2;18WBES5TG2-123-W;BES5 TG2;CC BESOS 5 T GAS 2;276,0;Combined Cycle GT;ENDG;BES5
BES5TV;18WBES5TV-1234-K;BES5 TV;CC BESOS 5 T VAPOR;307,0;Combined Cycle GT;ENDG;BES5
BESC01;18W000000000SA8Z;BESC01;COMPRA COMERCIALIZADORA;0,1;Competitive suppliers;BESPI;BESC01
BESTC01;18W000000000S9YN;BESTC01;BEST OPTION COMPRA;0,0;Competitive suppliers;BESTO;BESTC01
BETANZ;18W000000000S2J0;BETANZ;BETANZ;1,0;Competitive suppliers;ENDCO;ENDER01
BETSAI1;18W000000000U11V;BETSAI1;BETSAI1;1,0;Competitive suppliers;EDPCL;EDPCR01
BETSAI3;18W000000000U12T;BETSAI3;BETSAI3;1,0;Competitive suppliers;EDPCL;EDPCR01
BEYOC01;18W000000000E5QX;BEYOC01;UP BEYOC01;0,1;Competitive suppliers;BEYON;BEYOC01
BGR1;18WBGR1-12345-AI;BUGARRA 1;BUGARRA 1;0,2;Hydro UGH;ASIE;ASIJUCA
BGR2;18WBGR2-12345-A8;BUGARRA 2;BUGARRA 2;0,3;Hydro UGH;ASIE;ASIJUCA
BI21;18WBI21-12345-AA;BIESCAS 1;BIESCAS 21;30,7;Hydro UGH;ENDG;EBRACC1
BI22;18WBI22-12345-A0;BIESCAS 2;BIESCAS 22;30,7;Hydro UGH;ENDG;EBRACC1
BIB1;18WBIB1-12345-AM;P.BIBEY 1;PUENTE BIBEY 1;79,3;Hydro UGH;IBEG;SIL
BIB2;18WBIB2-12345-AC;P.BIBEY 2;PUENTE BIBEY 2;78,8;Hydro UGH;IBEG;SIL
BIB3;18WBIB3-12345-A2;P.BIBEY 3;PUENTE BIBEY 3;78,0;Hydro UGH;IBEG;SIL
BIB4;18WBIB4-12345-AT;P.BIBEY 4G;PUENTE BIBEY GR.4 GENERAC.;76,2;Hydro UGH;IBEG;SIL
BIB4B;18WBIB4B-12345-0;P.BIBEY 4B;PUENTE BIBEY GR.4 BOMBEO;68,0;Pump consumption;IBEG;SILB
BIB5;18WBIB5-12345-AJ;P.BIBEY 5;PUENTE BIBEY 5;0,7;Hydro UGH;IBEG;SIL
BICINCO;18W000000000SOGE;BIOCINCO;BICINCOVILLAS;2,0;Biomass;ELEIA;CINCOVI
BIDUER;18WBIDUER-1234-H;BIDUER;P.E.BIDUEROS 1ªFASE;37,7;Wonshore wind;EGED;EPBUIO
BIEL;18WBIEL-12345-AB;BIELSA;BIELSA;1,5;Hydro UGH;ENDG;EBRERZ
BIEMTEC;18WBIEMTEC-12-D9;BIEMTEC;BIEMTEC;9,9;Natural Gas Cogeneration;IGNIS;TBIEMTE
BIESCAF;18W000000000QCUU;BIESCAF;BIESCAF;2,7;Hydro non UGH;EGED;HEALTOG
BILOGRO;18W000000000T3NM;BIO EXT 1;BIOMASA EXTREMADURA 1;49,9;Biomass;EGED;RFBILOG
BIMEDAM;18W000000000S75D;BIMEDAM;BIOM CIUDAD DEL MEDIO AMBIENTE;17,0;Biomass;EGLE;RBIORAY
BIOASTU;18WBIOASTU-123-K;BIOASTU;BIOASTUR;9,0;Biogas;WMARK;RREBIOA
BIOC01;18W000000000ROO2;BIOC01;BIOC01;1,0;Market direct consumption;BIODI;BIOC01
BIOCAN;18WBIOCAN-1234-X;BIOCAN;BIOMASA DE CANTABRIA;10,0;Biomass;CEG;RBIOCAN
BIOCRIS;18WBIOCRIS-12-DL;BIOCRIS;PLT. BIODIESEL SAN CRISTÓBAL 2;1,1;Natural Gas Cogeneration;BIOWA;RBIOWA
BIOGASA;18WBIOGASA-12-DW;BIOGASA;BIOETANOL GALICIA;24,8;Natural Gas Cogeneration;EGLE;TBIOBG
BIOGASE;18W00000000072RV;BIOGASE;18W00000000072RV;9,1;Natural Gas Cogeneration;EGLE;TOLEPU
BIOLE;18WBIOLE-12345-U;BIOLE;BIOELÉCTRICA DE LINARES, S.L.;15,0;Biomass;GNRA;RBIOLSI
BIORE;18W000000000SID1;UF BIORE;UF BIORECICLAJE DE CADIZ;1,2;Biogas;GEMSL;RBIORE
BIOSAN;18WBIOSAN-123-D8;BIOSAN;BIOMASA DE SANGÜESA;30,2;Biomass;EGED;RFEGED
BIOSM1;18WBIOSM1-123-D2;BIOSM1;BIOENERGIA SANTAMARIA S.A.;14,3;Biomass;SANTG;RBIOSAN
BIOSM2;18WBIOSM2-123-DV;BIOSM2;BIOSM2;12,8;Natural Gas Cogeneration;SANTG;TSANTG
BIOVEGA;18WBIOVEGA-123-W;BIOVEGA;18WBIOVEGA-123-W;1,4;Biogas;EGLE;RMSVGA
BIPUGE;18WBIPUGE-1234-8;BIPUGE;BIPUGE;9,8;Biomass;GNRA;RBIPU
BIROC01;18W000000000H8V2;BIROUGAS;BIROUGAS SL;1,0;Competitive suppliers;BIROU;BIROC01
BIRSPRA;18W000000000IXZQ;RYEEXXI;END CUR  ( TARIFA, TERMICA REN;0,6;Biogas;RSPRA;BIRSPRA
BLANC;18WBLANC-1234--G;BLANC;BLANC;6,0;Solar PV;GNRA;BLANC
BLANSA;18WBLANSA-1234-K;BLANSA;UF ARCIBLANSA F1;9,9;Natural Gas Cogeneration;GNRA;TARCILL
BLCHON1;18W000000000QAND;BLCHON1;UP SOLAR BELINCHON1;41,2;Solar PV;NEXU;FBLCON1
BLCHON2;18W000000000QE6Z;BLCHON2;UF SOLAR BELINCHON2;41,2;Solar PV;NEXU;FBLCON2
BLCHON3;18W000000000QTF9;BLCHON3;UF SOLAR BELINCHON3;41,2;Solar PV;NEXU;FBLCON3
BLOGPR2;18W000000000T872;BLOGPR2;UF SOLAR PR2;9,0;Solar PV;NEXU;FBLOPR2
BLOGPR3;18W000000000T880;BLOGPR3;UF SOLAR PR3;8,0;Solar PV;NEXU;FBLOPR3
BLOMER2;18W000000000TESG;BLOMER2;UF SOLAR BLOGGERS MER2;14,0;Solar PV;NEXU;FBLMER2
BLOMER3;18W000000000TETE;BLOMER3;UF SOLAR BLOGGERS MER3;7,0;Solar PV;NEXU;FBLMER3
BNDARIZ;18WBNDARIZ-123-W;BNDARIZ;CH SALTO 1 BRANDARIZ;18,0;Hydro non UGH;GNCO;HFGASN
BNO1;18WBNO1-12345-A4;BENOS 1;BENOS 1;7,8;Hydro UGH;ENDG;EBRFEN
BNO2;18WBNO2-12345-AV;BENOS 2;BENOS 2;7,8;Hydro UGH;ENDG;EBRFEN
BNPRC01;18W000000000H8U4;BNPRC01;BNPRC01;0,1;Competitive suppliers;BNPRU;BNPRC01
BNPRV01;18W000000000Q45U;RETMAYOR15;REGIMEN ESPECIAL TARIFA >15;1,8;Solar PV;BNPRU;BNPRV01
BNUGN;18W000000000MEEZ;BNUGN;BNUGN;42,2;Solar PV;GNRA;HABGN
BOAD;18WBOAD-12345-AQ;BOADELLA;BOADELLA PIE DE PRESA;3,5;Hydro UGH;ENDG;EBRFEN
BOAEC01;18W000000000Q3YC;UP BOAEN;UP BOAENERGTICA;0,1;Competitive suppliers;BOAEN;BOAEC01
BOBISI;18WBOBISI-123-EI;BOBISI;P.E. DE LA BOBIA Y SAN ISIDRO;49,3;Wonshore wind;EGED;EBSISG
BODEG;18WBODEG-12345-K;BODEGUILLA;P. E. LAS BODEGUILLAS;36,5;Wonshore wind;EGED;EGREEN
BODENA;18WBODENA-123-EY;BODENA;P.E. SIERRA DE BODENAYA;18,0;Wonshore wind;GNRA;EFGNRA
BOH1;18WBOH1-12345-AW;BOHI 1;BOHI 1;7,8;Hydro UGH;ENDG;EBRFEN
BOH2;18WBOH2-12345-AM;BOHI 2;BOHI 2;7,8;Hydro UGH;ENDG;EBRFEN
BOINERS;18WBOINERS-123-3;BOINERS;BOINERSA;24,6;Oil products and coal;EGLE;TBOIRO
BOLANOS;18WBOLANOS-123-6;BOLANOS;P.E. LOS BOLAÑOS;24,0;Wonshore wind;IBGES;EHIBGES
BOLAR1;18W000000000T7S0;BOLAR1;BOLAR1;45,0;Solar PV;CEG;FBOLAR1
BOLAR2;18W000000000T7UX;BOLAR2;BOLAR2;45,0;Solar PV;CEG;FBOLAR2
BOLAR3;18W000000000T7WT;BOLAR3;BOLAR3;23,5;Solar PV;CEG;FBOLAR3
BOLARQ;18W000000000PRK9;BOLARQUE I;FV BOLARQUE I;40,0;Solar PV;EGED;FVGREEN
BOLI;18WBOLI-12345-A3;BOLINCHES;BOLINCHES;0,4;Hydro UGH;BARER;BOLI
BOLMEC;18W000000000TIR6;BOLMEC;OLMEDILLA BATERIA COMPRA;25,0;Storage buy;IBGES;AFIOLHC
BON1;18WBON1-12345-A3;BONO 1;BONO 1;1,8;Hydro UGH;ENDG;EBRFEN
BON2;18WBON2-12345-AU;BONO 2;BONO 2;1,8;Hydro UGH;ENDG;EBRFEN
BONETE7;18W000000000PZMI;MAHBONETE7;PARQUE FV BONETE7;5,0;Solar PV;EBLCO;FMAHOR
BONETE8;18W000000000PZNG;MAHBONETE8;PARQUE FV BONETE8;5,0;Solar PV;EBLCO;FMAHOR
BOQUERO;18WBOQUERO-12-E3;BOQUERO;P.E. BOQUERON;49,5;Wonshore wind;HC G;HCGSIH2
BORB;18WBORB-12345-A7;BORBOLLON;BORBOLLON;1,3;Hydro UGH;ASIE;ASITAJ
BORDECO;18WBORDECO-12-EN;BORDECO;P. E. BORDECOREX NORTE;44,3;Wonshore wind;IBGES;EHIBGES
BORGESA;18W000000000RCO1;BORGESA;BORGESA;4,6;Natural Gas Cogeneration;DETIC;COGBORG
BORGSTM;18W000000000QV6L;BRGS;BORGES;22,5;Solar thermal;GESTE;TBORGES
BORJA;18WBORJA-1234-E6;BORJA;18WBORJA-1234-E6;1,9;Wonshore wind;HC G;HCGSIHA
BORJA1;18WBORJA1-123-EJ;BORJA1;P.E. BORJA1;16,0;Wonshore wind;HC G;HCGSIH2
BORJA2;18WBORJA2-123-EB;BORJA2;P.E. BORJA2;21,5;Wonshore wind;HC G;HCGSIH2
BORSE;18W000000000O6PT;BORSE;BORSE;1,5;Solar PV;GNRA;FVGNRA
BOTAREL;18WBOTAREL-123-B;BOTARELL.;PLANTA MECÁNIC-BIOLÓGICA DE BO;1,2;Biogas;BOTAR;RBOTARE
BOUSE;18W000000000O6QR;BOUSE;BOUSE;1,2;Solar PV;GNRA;FVGNRA
BOYAL3;18W000000000FGZF;BOYAL3;PE BOYAL III;2,5;Wonshore wind;WMARK;EFWMARK
BOYALI;18WBOYALI-1234-Y;BOYALI;PE BOYAL I;4,5;Wonshore wind;WMARK;EFWMARK
BOYALII;18WBOYALII-12--B;BOYALII;PE BOYAL II;4,5;Wonshore wind;WMARK;EFWMARK
BPC01;18W000000000DCB9;BPGAS_COM;BP GAS EUROPE COMERCIALIZADORA;0,1;Competitive suppliers;BP;BPC01
BPLLANC;18W000000000Q3SO;BPLLANC;BPLLANC;5,0;Storage buy;IBGES;AFIBHFC
BPLLANV;18W000000000Q7TA;BPLLANV;BATERIA VENTA;5,0;0;IBGES;FBHIBHV
BPOIL1;18WBPOIL1-1234-3;BPOIL1;BP OIL REFINERIA DE CASTELLON;28,5;Sundry waste;BP;TBPREF1
BPOIL2;18WBPOIL2-1234-W;P/RE-10024;BP OIL REFINERIA DE CASTELLO;25,6;Sundry waste;BP;TBPREF2
BQ11;18WBQ11-12345--L;BOLARQ IG1;BOLARQUE I 1;13,9;Hydro UGH;GNFG;UFTA
BQ12;18WBQ12-12345-AQ;BOLARQ IG2;BOLARQUE I 2;13,9;Hydro UGH;GNFG;UFTA
BQ21;18WBQ21-12345-FF;BOLARQIIG1;BOLARQUE II GR.1 GENERAC.;54,5;Turbine pumping;GNFG;UFBG
BQ21B;18WBQ21B-12345-X;BOLARQIIB1;BOLARQUE II GR.1 BOMBEO;52,0;Pump consumption;GNFG;UFBB
BQ22;18WBQ22-12345-F5;BOLARQIIG2;BOLARQUE II GR.2 GENERAC.;52,5;Turbine pumping;GNFG;UFBG
BQ22B;18WBQ22B-12345-N;BOLARQIIB2;BOLARQUE II GR.2 BOMBEO;52,0;Pump consumption;GNFG;UFBB
BQ23;18WBQ23-12345-FW;BOLARQIIG3;BOLARQUE II GR.3 GENERAC.;53,5;Turbine pumping;GNFG;UFBG
BQ23B;18WBQ23B-12345-D;BOLARQIIB3;BOLARQUE II GR.3 BOMBEO;52,0;Pump consumption;GNFG;UFBB
BQ24;18WBQ24-12345-FM;BOLARQIIG4;BOLARQUE II GR.4 GENERAC.;54,5;Turbine pumping;GNFG;UFBG
BQ24B;18WBQ24B-12345-3;BOLARQIIB4;BOLARQUE II GR.4 BOMBEO;52,0;Pump consumption;GNFG;UFBB
BRANDIA;18W0000000000UE1;BRANDIA;BRANDIA;4,4;Natural Gas Cogeneration;COGEN;TAE7COG
BRC1;18WBRC1-12345-AE;BARCENAB 1;BARCENA 1;0,4;Hydro UGH;REPSB;VIES
BRC2;18WBRC2-12345-A4;BARCENAB 2;BARCENA 2;1,7;Hydro UGH;REPSB;VIES
BRD1;18WBRD1-12345-A3;BARRADOS;BARRADOS;15,7;Hydro UGH;ENDG;EBRFEN
BREIC01;18W000000000KX2A;UP IBERICA;IBERICA IMPULSA SL;1,0;Competitive suppliers;IBERB;BREIC01
BREN1B;18W000000000M2WZ;UF B BREÑA;UF BOMBEO BREÑA 2;50,0;Pump consumption;IGNIS;BRENB
BRENA2;18W000000000HSBJ;BRENA2;BRENA2;34,0;Hydro non UGH;IGNIS;HIDRAUL
BRETONA;18W000000000RWT5;BRETONA;BRETOÑA;3,0;Wonshore wind;EGLE;ENORVE
BREVIC;18W000000000TILI;BREVIC;REVILLA BATERIA UF COMPRA;25,0;Storage buy;IBGES;AFIREHC
BRG1;18WBRG1-12345-A7;BERGANZO 1;BERGANZO 1;0,1;Hydro UGH;IBEG;EBRA
BRG2;18WBRG2-12345-AY;BERGANZO 2;BERGANZO 2;0,1;Hydro UGH;IBEG;EBRA
BRG3;18WBRG3-12345-AO;BERGANZO 3;BERGANZO 3;0,1;Hydro UGH;IBEG;EBRA
BRIG1;18W000000000QZ1J;BRIG1;BRIG1;1,7;Solar PV;GNRA;FVGNRA
BRIG2;18W000000000QYYU;BRIG2;BRIG2;1,4;Solar PV;GNRA;FVGNRA
BRILE;18WBRILE-12345-P;BRILE;COGENERACION BRILEN;24,7;Natural Gas Cogeneration;IGNIS;UPBRILE
BRILEN;18W000000000S1Z8;BRILEN;BRILEN;1,0;Competitive suppliers;SHELL;SESAR01
BRIVIES;18WBRIVIES-123-T;BRIVIESCA;BIOMASA BRIVIESCA;16,0;Biomass;EGED;RFEGED
BROMEC;18W000000000TIQ8;BROMEC;UF COMPRA BATERIA ROMERAL;25,0;Storage buy;IBGES;AFIROHC
BROVALE;18W000000000RKMI;BROVALES3;UF SOLAR BROVALES3;14,0;Solar PV;NEXU;FBRVLS3
BROVLE1;18W000000000RQTN;BROVLE1;UF SOLAR BROVALES1;40,0;Solar PV;NEXU;FBRVLS1
BROVLE2;18W000000000RM1H;BROVLE2;UF SOLAR BROVALES 2;40,0;Solar PV;NEXU;FBRVLS2
BRR1;18WBRR1-12345-DS;BARRIOS;LOS BARRIOS;570,0;Sub-bituminous coal;VIEPR;BRR1
BRR1X;18W000000000C3A5;AUX BRR1;CONSUMOS AUX CT LOS BARRIOS;34,1;Aux. Svcs. Consumption;VIEPR;BRR1X
BRRS;18WBRRS-12345-AN;BARROSA ;BARROSA;3,5;Hydro UGH;GNRA;CHBAO
BRUJULA;18WBRUJULA-12-EZ;BRUJULA;P.E. LA BRÚJULA;29,7;Wonshore wind;HC G;EBRUJUL
BRULLES;18WBRULLES-123-7;BRULLES;18WBRULLES-123-7;40,0;Wonshore wind;EGLE;EBRULL
BRUTII;18W000000000T9SV;BRUTII;BRUTII;2,8;Hydro non UGH;DETIC;HYBRUTI
BRZ1;18WBRZ1-12345-AK;BARAZAR 1;BARAZAR 1;41,3;Hydro UGH;IBEG;EBRA
BRZ2;18WBRZ2-12345-AA;BARAZAR 2;BARAZAR 2;40,6;Hydro UGH;IBEG;EBRA
BRZ3;18WBRZ3-12345-A0;BARAZAR 3;BARAZAR 3;0,8;Hydro UGH;IBEG;EBRA
BSGEC01;18W00000000092FA;BSGEA;BSGEA;1,0;Competitive suppliers;BSGEA;BSGEC01
BSOUF01;18W000000000SVA5;BSOUFTAL5M;UF BSO TALAVERA 5 MW;4,6;Solar PV;BECO;BSOUP01
BSOUF02;18W000000000SVB3;BSOUFTAL4M;UF BSO TALAVERA 4M;3,6;Solar PV;BECO;BSOUP01
BST1;18WBST1-12345-A0;BOSSOST 1;BOSOST 1;10,6;Hydro UGH;ENDG;EBRFEN
BST2;18WBST2-12345-AR;BOSSOST 2;BOSOST 2;10,8;Hydro UGH;ENDG;EBRFEN
BTN;18WBTN-123456-AQ;BATAN;BATAN;0,1;Hydro UGH;VIEG;BTN
BTN1;18WBTN1-12345-AH;BATAN1;BATAN 1;0,1;Hydro UGH;IBEG;TAJO
BTNJ;18WBTNJ-12345-AM;BATANEJO;BATANEJO;2,0;Hydro UGH;IBEG;JUCA
BTRIX1;18W000000000RVE1;BTRIX1;BTRIX1;41,2;Solar PV;GNRA;BTRR1
BTRIX2;18W000000000RVC5;BTRIX2;BTRIX2;41,2;Solar PV;GNRA;BTRR2
BTRIX3;18W000000000RVHW;BTRIX3;BTRIX3;41,2;Solar PV;GNRA;BTRR3
BUBONSO;18W000000000RY0K;BUBONSO;BUBONSO;1,8;Hydro non UGH;RSPRA;HHRSPRA
BUE1;18WBUE1-12345-AU;BUENDIA 1;BUENDIA 1;18,1;Hydro UGH;GNFG;UFTA
BUE2;18WBUE2-12345-AK;BUENDIA 2;BUENDIA 2;18,1;Hydro UGH;GNFG;UFTA
BUE3;18WBUE3-12345-AA;BUENDIA 3;BUENDIA 3;18,1;Hydro UGH;GNFG;UFTA
BUECB;18W000000000RH4Q;BUECB;BUECB;3,1;Solar PV;GNRA;FVGNRA
BUENAV;18WBUENAV-123-EW;BUENAV;18WBUENAV-123-EW;7,8;Wonshore wind;HC G;HCGSCSA
BUG1;18WBUG1-12345-A8;BURGUILL 1;BURGUILLO 1;19,7;Hydro UGH;GNFG;UFTA
BUG2;18WBUG2-12345-AZ;BURGUILL 2;BURGUILLO 2;21,2;Hydro UGH;GNFG;UFTA
BUG3;18WBUG3-12345-AP;BURGUILL 3;BURGUILLO 3;21,0;Hydro UGH;GNFG;UFTA
BUI1;18WBUI1-12345-AN;BUITRERA 1;BUITRERAS 1;2,3;Hydro UGH;ENDG;GDLQ
BUI2;18WBUI2-12345-AD;BUITRERA 2;BUITRERAS 2;2,3;Hydro UGH;ENDG;GDLQ
BUI3;18WBUI3-12345-A3;BUITRERA 3;BUITRERAS 3;2,3;Hydro UGH;ENDG;GDLQ
BUICI1;18W000000000T13V;BUICI1;BUICI1;7,2;Hydro non UGH;GNRA;HFGNRA
BUICI2;18W000000000T14T;BUICI2;BUICI2;8,0;Hydro non UGH;GNRA;HFGNRA
BUICI3;18W000000000T15R;BUICI3;BUICI3;5,6;Hydro non UGH;GNRA;HFGNRA
BUICIO;18WBUICIO-123-AG;BUICIO;BUICIO;2,1;Hydro non UGH;ASIE;HFASIE
BUIO;18WBUIO-12345-E7;BUIO;P.E. BUIO;40,3;Wonshore wind;EGED;EPBUIO1
BUIXLEU;18W000000000QHKZ;BUIXLEU;UF SOLAR BUIXALLEU;2,2;Solar PV;NEXU;FBUIXEU
BULLANA;18WBULLANA-123-1;BULLENA;P.E. BULLANA;38,0;Wonshore wind;IBGES;EHIBGES
BUN1;18WBUN1-12345-A5;BUENAMES 1;BUENAMESON 1;0,6;Hydro UGH;GNFG;UFTA
BUN2;18WBUN2-12345-AW;BUENAMES 2;BUENAMESON 2;0,6;Hydro UGH;GNFG;UFTA
BUN3;18WBUN3-12345-AM;BUENAMES 3;BUENAMESON 3;0,6;Hydro UGH;GNFG;UFTA
BUNBARC;18WBUNBARC-123-X;BUNBARC;BUNGE BARCELONA;9,9;Natural Gas Cogeneration;CEG;TBUNGE
BUNCART;18WBUNCART-123-F;BUNCART;BUNGE CARTAGENA;9,9;Natural Gas Cogeneration;CEG;TBUNGE
BUNIEL;18W000000000RJ7E;BUNIEL;BUNIEL;104,0;Wonshore wind;IBGES;EIBGEBU
BUNZIER;18WBUNZIER-123-G;BUNZIER;BUNGE ZIERBENA;9,9;Natural Gas Cogeneration;CEG;TBUNGE
BUR1;18WBUR1-12345-AZ;BURGOMIL 1;BURGOMILLODO I-A;0,4;Hydro UGH;GNFG;UFTA
BUR2;18WBUR2-12345-AP;BURGOMIL 2;BURGOMILLODO II-A;0,4;Hydro UGH;GNFG;UFTA
BUR3;18WBUR3-12345-AF;BURGOMIL 3;BURGOMILLODO III-A;0,4;Hydro UGH;GNFG;UFTA
BUR4;18WBUR4-12345-A5;BURGOMIL 4;BURGOMILLODO IV;2,3;Hydro UGH;GNFG;UFTA
BURA1;18W000000000O74V;BURA1;BURA1;1,5;Solar PV;GNRA;FVGNRA
BURA2;18W000000000O75T;BURA2;BURA2;2,5;Solar PV;GNRA;FVGNRA
BUREBA;18WBUREBA-1234-5;BUREBA;P.E. BUREBA;12,0;Wonshore wind;IBGES;EHIBGES
BURGOM1;18W000000000RINM;BURGOM1;UF SOLAR BURGO1;2,1;Solar PV;NEXU;FBURGO1
BURGOM2;18W000000000RIOK;BURGOM2;UF SOLAR BURGO2;2,1;Solar PV;NEXU;FBURGO2
BURGUIL;18W000000000PVSI;BURGUIL;UF SOLAR BURGUILLOS;21,2;Solar PV;NEXU;FBURGLL
BURKIC;18W000000000QITE;BURKIC;BATERIA URKILLA COMPRA;5,5;Storage buy;IBGES;AFIBHEC
BURKIV;18W000000000QIUC;BURKIV;VENTA BATERIA URKILLA;5,5;0;IBGES;EBHIBHV
BUSTEL1;18WBUSTEL1-12-EH;BUSTEL1;BUSTEL1;24,7;Wonshore wind;EGED;EGREEN
BUSVB;18W000000000T0BI;BUSVB;BUSVB;50,0;Wonshore wind;GNRA;UPBUS
BUTETEM;18WBUTETEM-123-M;BIOGASUTEM;BIOGAS UTE TEM;1,6;Biogas;UTTEM;TBUTETE
BUZADER;18W000000000R2SN;BUZADER;PE LA BUZADERA;9,0;Wonshore wind;ECYR;EEGPE2
BVCOR;18WBVCOR-12345-7;BVCOR;P.E. CORBERA;49,9;Wonshore wind;IGNIS;ECOR
BVNIDA1;18W000000000J1FA;BVNIDA1;FV BIENVENIDA 1;150,0;Solar PV;SHEEN;SHEPV03
BYDETIC;18W0000000005JUJ;FYEEXXI;END CUR  ( TARIFA, FOTOVOLTAIC;1,1;Biogas;DETIC;BYDETIC
BYENC01;18W000000000IYMC;BYENC01;BY ENERGYC PENINSULA;0,1;Competitive suppliers;BYENE;BYENC01
CA11;18WCA11-12345-AU;CASTRO I 1;CASTRO I 1;41,5;Hydro UGH;IBEG;DUER
CA12;18WCA12-12345-AK;CASTRO I 2;CASTRO I 2;41,5;Hydro UGH;IBEG;DUER
CA1RAT;18W000000000GP81;CAIRAT;CH CAIRAT;2,3;Hydro non UGH;NEXU;HFNEXU
CA21;18WCA21-12345-AJ;CASTRO II;CASTRO II;112,1;Hydro UGH;IBEG;DUER
CAA1;18WCAA1-12345-A5;CANALROYA;CANALROYA;6,7;Hydro UGH;ENDG;EBRACC1
CAB1;18WCAB1-12345-AV;CABANELAS;CABANELAS 1;2,3;Hydro UGH;GNFG;UFGC
CABAN2;18W000000000IZ48;CABAN2;PE CABANILLAS 2;49,9;Wonshore wind;CEG;EVALDET
CABANA;18WCABANA-123-ET;CABANA;P. E. LA CABAÑA;41,6;Wonshore wind;HC G;HCGSIHA
CABELLO;18W000000000SWND;CABELLO;ES-CABELLO;12,0;Wonshore wind;EBLCO;ECABELL
CABEZAS;18WCABEZAS-123-D;CABEZAS;P. E. LAS CABEZAS;17,4;Wonshore wind;IBGES;EHIBGES
CABIMO;18WCABIMO-123-EV;CABIMO;P. E. CABIMONTEROS;49,5;Wonshore wind;IBGES;EDRIBGE
CABISC2;18WCABISC2-123-H;CABISCO 2;HIDRAULICA CABISCO 2;2,5;Hydro non UGH;DETIC;HFDETIC
CABISCO;18W000000000T9QZ;CABISCO;CABISCO;2,3;Hydro non UGH;DETIC;HYCABIS
CABOVIL;18WCABOVIL-123-8;CABOVIL;P E CABO VILANO;6,0;Wonshore wind;GNCO;EGASNE1
CABRAS;18WCABRAS-1234-W;CABRAS;PE SIERRA DE LAS CABRAS;22,1;Wonshore wind;IBGES;EHIBGES
CABRER;18W000000000IG8K;CABRER;PSF CERRADO CABRERA;39,8;Solar PV;EGLE;FLUANDA
CABRERA;18W000000000HF7T;CABRERA;18W000000000HF7T;3,1;Solar PV;EGLE;FEBISU
CABRERI;18W000000000PUG8;CABRERI;PE CABRERIZAS;40,1;Wonshore wind;HC G;HCGSCSA
CABRIL;18WCABRIL-1234-G;CABRIL;P.E. LAS CABRILLAS;28,5;Wonshore wind;MEDI;EMEDI
CABUELO;18WCABUELO-12-E1;CABUELO;CABUELO;30,0;Wonshore wind;IBGES;EHIBGES
CABZASF;18W000000000NDT4;CABZAS;CABZASFV;1,6;Solar PV;GESTE;FCABEZA
CABZLAS;18W000000000RQWH;CABZLAS;UF SOLAR LAS CABEZUELAS;2,4;Solar PV;NEXU;FCABZLA
CACONDE;18WCACONDE-123-A;CACONDE;18WCACONDE-123-A;8,0;Wonshore wind;EBLCO;ECACOND
CACRES1;18W000000000UGIQ;CACRES1;UF SOLAR CACERES 1;4,3;Solar PV;NEXU;FCACRE1
CADEIR;18W000000000G1FM;CADEIR;18W000000000G1FM;19,8;Wonshore wind;HISPE;EESTELO
CADIMA;18W000000000GEWN;CADIMA;FV CADIMA;33,1;Solar PV;NEXU;FCADIMA
CADLC01;18W000000000FVZ7;UC CANDELA;UNIDAD COMPRA CANDELA;0,0;Competitive suppliers;CANDL;CADLC01
CAL1;18WCAL1-12345-AW;CALA 1;CALA 1;6,3;Hydro UGH;ENDG;GDLQ
CAL2;18WCAL2-12345-AM;CALA 2;CALA 2;6,3;Hydro UGH;ENDG;GDLQ
CALANAS;18W000000000NQKK;CALANAS;CALANAS;4,0;Solar PV;ADXRE;FAUDAX
CALASPA;18W000000000RL2I;CALASPA;CALASPA;8,0;Solar PV;INTRA;INTRE02
CALAVER;18W000000000LZYA;CALAVER;UF SOLAR CALAVERON;20,0;Solar PV;NEXU;FCLVRON
CALCAL;18W000000000L27F;CALCAL;UF CALCAL;10,0;Solar PV;NEXU;FCALCAL
CALDERE;18WCALDERE-123-R;CALDERE;P.E. CALDEREROS;37,8;Wonshore wind;ECYR;EEGPEM
CALEC01;18W000000000K70I;CALEC01;CALEC01;2,3;Market direct consumption;CALEA;CALEC01
CALERA;18WCALERA-1234-6;CALERA;18WCALERA-1234-6;4,9;Wonshore wind;EGLE;EMTORR
CALERAS;18W000000000N0B5;CALERS;CALERSCHOZAS;13,4;Solar PV;GESTE;FCALERA
CALIG;18W000000000ONW1;CALIG;UF SOLAR CALIG;3,2;Solar PV;NEXU;FCALIG
CALIX;18W000000000TVVX;CALIX;CALIX;1,4;Solar PV;GNRA;UPSON4
CALLEJA;18WCALLEJA-12-EL;CALLEJA;P.E. CALLEJAS;49,5;Wonshore wind;IBGES;EHIBGES
CALOBRE;18WCALOBRE-12-E0;CALOBRE;P. E. LES CALOBRES;12,7;Wonshore wind;WMARK;EFWMARK
CALUEN;18WCALUEN-123-ET;CALUEN;P.E. CALUENGO;49,5;Wonshore wind;GNCO;EGASNE0
CALZADA;18WCALZADA-123-K;CALZADA;PARQUE EÓLICO LA CALZADA;30,6;Wonshore wind;EBLCO;ECALZAD
CAM1;18WCAM1-12345-AL;CAMARMEÑ 1;CAMARMEÑA 1;6,5;Hydro UGH;REPSB;VIES
CAM2;18WCAM2-12345-AB;CAMARMEÑ 2;CAMARMEÑA 2;6,2;Hydro UGH;REPSB;VIES
CAMCC01;18W000000000ARMS;CAMPO_UP;CAMPO COMPRAS;0,4;Competitive suppliers;CAMCO;CAMCC01
CAMG20X;18W0000000004S4B;CAMG20X;CAMG20X;7,0;Aux. Svcs. Consumption;DETIC;CAMG20X
CAMGI10;18WCAMGI10-12-CK;CAMPGIB1;CAMPO GIBRALTAR 1;392,6;Combined Cycle GT;GNCC;CAMGI10
CAMGI20;18WCAMGI20-12-CC;CAMPGIB2;CAMPO GIBRALTAR 2;387,9;Combined Cycle GT;SEDAE;CAMGI20
CAMODUE;18WCAMODUE-123-2;CAMODUE;P.E. CABEZA MORENA - DUEÑAS;50,0;Wonshore wind;EGED;EGREEN
CAMP2;18W000000000MCPJ;UFCAMPA2;UF ELAWAN CAMPANARIO II;41,8;Solar PV;IGNIS;SCAMP2
CAMPAL;18WCAMPAL-123-E9;CAMPAL;P.E. CAMPALBO;49,3;Wonshore wind;IBGES;EHIBGES
CAMPANA;18WCAMPANA-123-T;CAMPANA;18WCAMPANA-123-T;4,9;Wonshore wind;EGLE;EPUEYO
CAMPAR;18W000000000HSDF;CPO;CPRIO;31,5;Solar PV;GESTE;FCAMPAN
CAMPEYO;18WCAMPEYO-123-T;CAMPEYO;UF EL CAMPEYO;1,4;Biogas;GNRA;RCAMPEL
CAMPIL1;18W000000000NPOF;CAMPIL1;PE CAMPILLO 1;75,0;Wonshore wind;ECYR;EEGPES
CAMPIL2;18W000000000NPMJ;CAMPIL2;PE CAMPILLO 2;87,5;Wonshore wind;ECYR;EEGPE1
CAMPIL3;18W000000000NPNH;CAMPIL3;PE CAMPILLO 3;87,5;Wonshore wind;ECYR;EEGPE1
CAMPILL;18WCAMPILL-123-7;CAMPILL;P.E.LOS CAMPILLOS;34,0;Wonshore wind;IBGES;EHIBGES
CAMPISA;18WCAMPISA-12-EA;CAMPISA;P.E. CAMPISABALOS;24,4;Wonshore wind;IBGES;EHIBGES
CAMPO1;18W000000000S2AI;CAMPO1;CAMPO1;1,0;Competitive suppliers;ENDCO;ENDER01
CAMPOBR;18WCAMPOBR-123-S;CAMPOBR;18WCAMPOBR-123-S;6,8;0;EGLE;TRODO2
CAMPOF;18WCAMPOF-123-D7;CAMPOF;COGENERADORA BURGALESA;4,9;Natural Gas Cogeneration;COBUR;TCOBUR
CAMPOL1;18W000000000F64X;CAMPOLIVAI;PE CAMPOLIVA I;35,9;Wonshore wind;ECYR;EEGPES
CAMPOL2;18W000000000F65V;CAMPOLIVA2;CAMPOLIVA II;39,3;Wonshore wind;ECYR;EEGPES
CAMPORI;18W000000000RJU5;CHCAMPORI;CHCAMPORI;15,2;Hydro non UGH;CEG;HALTANO
CAMPOSP;18W000000000S1WE;CAMPOS;CAMPOS SAN PEDRO;1,0;Solar PV;GESTE;FGST154
CAMRV01;18W000000000QQHE;CAMRV01;CAMRV01;50,0;Solar PV;GNRA;UPCAM1
CAMRV05;18W000000000QR24;CAMRV05;CAMRV05;50,0;Solar PV;GNRA;UPCAM5
CAMSO1;18W000000000U0QL;CAMSO1;CAMSO1;2,0;Solar PV;GNRA;FVGNRA
CAMSO2;18W000000000U0RJ;CAMSO2;CAMSO2;2,0;Solar PV;GNRA;FVGNRA
CAMSO3;18W000000000U0SH;CAMSO3;CAMSO3;2,0;Solar PV;GNRA;FVGNRA
CAMSO4;18W000000000U0TF;CAMSO4;CAMSO4;2,0;Solar PV;GNRA;FVGNRA
CAMTRU;18W000000000TS0U;CAMTRU;CAMTRU;1,0;Competitive suppliers;ENDCO;ENDER01
CAN1;18WCAN1-12345-AA;CAÑAVERO 1;CAÑAVEROSA 1;1,1;Hydro UGH;IBEG;JUCA
CAN2;18WCAN2-12345-A0;CAÑAVERO 2;CAÑAVEROSA 2;1,2;Hydro UGH;IBEG;JUCA
CAN3;18WCAN3-12345-AR;CAÑAVERO 3;CAÑAVEROSA 3;1,1;Hydro UGH;IBEG;JUCA
CANA;18WCANA-12345-AV;CANALES;CANALES 1;8,0;Hydro UGH;ENDG;GDLQ
CANAISA;18WCANAISA-123-J;CANAISA;UNIDAD TRATAMIENTO LODOS DEPUR;19,9;Natural Gas Cogeneration;GNRA;TCANAIS
CANALEJ;18WCANALEJ-12-EN;CANALEJ;CANALEJ;18,7;Wonshore wind;IBGES;EHIBGES
CANALRI;18WCANALRI-123-I;HCANALRIO;HIDCANALRIO;6,5;Hydro non UGH;GESTE;HGUADAL
CANALTA;18W000000000R7ZV;CANADA ALT;FV CANADA ALTA;43,4;Solar PV;SHEEN;SHEPV28
CANAME;18W000000000EZPJ;CANAMERO;CANAMERO SOLAR;5,5;Solar PV;NEXU;FCANAME
CANASEC;18W000000000F5ZB;CANASEC;PARQUE EOLICO CANASECA;18,0;Wonshore wind;ECYR;EEGPES
CANAT;18W000000000M3DX;CANAT;CANAT;2,0;Solar PV;GNRA;LAPEN
CANAVFV;18WCANAVFV-123-7;CANAVV;PV CANAVER;6,0;Solar PV;GESTE;FCANAVE
CANBADI;18W000000000TA26;CANBADI;CANBADI;1,0;Hydro non UGH;DETIC;HYCANBA
CANBAR;18W000000000R0EK;CANBAR;18W000000000R0EK;1,2;Biogas;EGLE;RCESRE
CANDAL;18WCANDAL-1234-M;CANDAL;PE EL CANDAL;38,0;Wonshore wind;IBGES;EHIBGES
CANDNOS;18W000000000UBXB;FVENTUS;PSFV CANDASNOS;2,7;Solar PV;EGLE;FVENTUS
CANES;18W000000000T1BF;CANES;UF SOLAR CANES;38,2;Solar PV;NEXU;FCANES
CANILES;18W000000000S7XV;CANILES;UF SOLAR CANILES;2,8;Solar PV;NEXU;FCANILS
CANO1;18WCANO1-1234-AM;CANO1;CAÑO 1;0,7;Hydro UGH;HC G;HCHI
CANO2;18WCANO2-1234-AD;CANO2;CAÑO 2;0,1;Hydro UGH;HC G;HCHI
CANONER;18WCANONER-123-C;CANONER;P. E. CA¥ORERAS;32,3;Wonshore wind;IBGES;EHIBGES
CANTAL;18WCANTAL-123-EW;CANTAL;P.E. CANTALOJAS;24,0;Wonshore wind;IBGES;EHIBGES
CANTALE;18WCANTALE-123-3;CANTALE;P.E. LOS CANTALES;23,5;Wonshore wind;HC G;HCGSCS2
CANTERA;18WCANTERA-123-L;CANTERAS;P. E. LAS CANTERAS;8,0;Wonshore wind;MIRAS;EMIRASI
CANTI44;18W000000000R1L3;CANTILLANA;CANTILLANA44;5,0;Solar PV;ADXRE;CANTI44
CANTIII;18W000000000T3PI;PE CANTERA;PE CANTERAS III;40,0;Wonshore wind;WMARK;PECANTI
CANTIRU;18WPECANTIRUEL-S;CANTIRU;P.E.CANTIRUELA;15,0;Wonshore wind;ECYR;EEGPEM
CANTO;18WCANTO-1234-EG;CANTO;P.E. CANTO;20,2;Wonshore wind;EGED;EGREEN
CANXC01;18W000000000PQBU;CANXC01;CANXC01;4,7;Market direct consumption;MOLEC;CANXC01
CAPARRO;18WCAPARRO-12-A1;CAPARRO;SALTO DE CAPARROSO;4,7;Hydro non UGH;EGED;HFEGED
CAPEL;18WCAPEL-1234-EN;CAPEL;P.E. CAPELADA;16,5;Wonshore wind;ECYR;EREGPEM
CAPEL2;18WCAPEL2-123-ES;CAPEL2;P.E. CAPELADA II;14,8;Wonshore wind;ECYR;EREGPEM
CAPIECH;18W000000000K48B;CAPIECH;CAPIECHAMARTIN;34,1;Wonshore wind;IBGES;EHIBGES
CAPIR1;18WCAPIR1-123-EG;CAPIR1;P.E. CAPIRUZA I;50,0;Wonshore wind;IBGES;EHIBGES
CAPIR2;18WCAPIR2-123-E8;CAPIR2;P.E. CAPIRUZA II;42,0;Wonshore wind;IBGES;EHIBGES
CAPRIC;18W000000000KNCK;CAPRIC;FVCAPRICORNIUS;21,5;Solar PV;HISPE;FCAPRI
CAPSA;18WCAPSA-12345-V;CAPSA2;UF CAPSA;9,7;Natural Gas Cogeneration;DETIC;TCAPSA
CAPTC01;18W000000000SSLT;CAPTURC01;CAPTURC01;0,1;Competitive suppliers;CAPTA;CAPTC01
CAR1;18WCAR1-12345-A3;CARPIO 1;EL CARPIO 1;2,5;Hydro UGH;ENDG;GDLQ
CAR2;18WCAR2-12345-AU;CARPIO 2;EL CARPIO 2;2,7;Hydro UGH;ENDG;GDLQ
CAR3;18WCAR3-12345-AK;CARPIO 3;EL CARPIO 3;2,3;Hydro UGH;ENDG;GDLQ
CARAG;18WCARAG-12345-O;CARAGUE;P.E. MOLINO DE CARAGÜEYES;0,7;Wonshore wind;HC G;HCGSIHA
CARANTO;18WCARANTO--1-AD;CARANTO;CARANTOÑA;5,0;Hydro non UGH;IGNIS;HXAL2
CARAVAK;18W000000000NGIH;CARAVAK;CARAVAK;1,5;Solar PV;CEG;FCARAVA
CARBA;18WCARBA-1234-EJ;CARBA;P.E. A CARBA;19,5;Wonshore wind;EGED;EGREEN
CARBAL;18WCARBAL-123-EK;CARBAL;P.E. CARBALLEIRA;24,4;Wonshore wind;EGED;EGREEN
CARBALL;18WCARBALL-123-G;CARBALL;ENERGYWORKS CARBALLO;13,1;Oil products and coal;IBGES;TPIBGES
CARDENE;18W000000000T0H6;CARDENER;PS SOLAR PARK CARDENER;2,9;Solar PV;SOMEN;SENFV1
CAREON;18WCAREON-123-EX;CAREON;P. E. CAREON;18,0;Wonshore wind;ECYR;EREGPEM
CARJOS1;18W000000000QAKJ;CARJOS1;UF SOLAR CARTUJOS 1;20,0;Solar PV;NEXU;FCRJOS1
CARJOS2;18W000000000QALH;CARJOS2;UF SOLAR CARTUJOS 2;10,0;Solar PV;NEXU;FCRJOS2
CARMONA;18W000000000SEXA;CARMONA;UF SOLAR CARMONA;5,0;Solar PV;NEXU;FCARMON
CAROLI;18W000000000KBL1;CAROLINA I;CAROLINAS I;4,2;Solar PV;ADXRE;FAUDAX
CAROLII;18W000000000KBNY;CAROLINAII;CAROLINAS II;4,2;Solar PV;ADXRE;FAUDAX
CARONDI;18W-CARONDI-6--V;CARONDI;P.E. CARONDIO;50,0;Wonshore wind;HC G;HCGEORS
CARPIO;18W000000000F2AX;CARPIO;SFV EL CARPIO;46,2;Solar PV;GNCO;FGASNE2
CARRA;18W000000000U9VL;CARRA;SIC12 CARRA;3,0;Solar PV;NETRA;CARRA
CARRAC;18WCARRAC-123-E6;CARRAC;P. E. LA CARRACHA;49,5;Wonshore wind;EGLE;ECARRG
CARRACE;18W000000000G1DQ;CARRACE;18W000000000G1DQ;9,9;Wonshore wind;HISPE;EESTELO
CARRAS;18WCARRAS-123-EQ;CARRAS;P.E. CARRASQUILLO;49,3;Wonshore wind;IBGES;EHIBGES
CARRASC;18WPECARRASCOSAS;CARRASC;P.E. CARRASCOSA;38,0;Wonshore wind;IBGES;EIBGENO
CARRAT;18W000000000IAMA;CARRAT;PE CARRATORRES;39,6;Wonshore wind;GNCO;EGASNE2
CARRE;18W000000000SS0Y;CARRE;CARRE;10,0;Wonshore wind;RENSP;RECARRE
CARRERS;18W000000000NJCK;CARRERAS;CARRERAS ENERGIAS RENOVABLES;8,9;Wonshore wind;CEG;ECARRER
CARRIL;18WCARRIL-1234-P;CARRIL;P. E. EL CARRIL;28,0;Wonshore wind;IBGES;EHIBGES
CARRIO;18WCARRIO-123-EN;CARRIO;P.E. MONTE CARRIO;31,4;Wonshore wind;IBGES;EHIBGES
CARTGO1;18W000000000PP2E;BIANOR;BIANOR SOLAR;11,0;Solar PV;SHEEN;SHEPV16
CARTGO2;18W000000000PPCV;FREYA;FREYA SOLAR;40,8;Solar PV;SHEEN;SHEPV12
CARTGO3;18W000000000PP58;DR III;DON RODRIGO III;40,8;Solar PV;SHEEN;SHEPV13
CARTGO4;18W000000000PP4A;DR IV;DON RODRIGO IV;42,8;Solar PV;SHEEN;SHEPV14
CARTGO5;18W000000000PP3C;DR V;DON RODRIGO V;42,8;Solar PV;SHEEN;SHEPV15
CARTGO6;18W000000000QQJA;BIANOR SPV;BIANOR SPV;29,7;Solar PV;SHEEN;SHEPV27
CARTO;18W000000000QJV7;CARTO;CARTO;1,6;Solar PV;EFG;FGEFG
CARTUJA;18W000000000LZFB;CARTUJA;18W000000000LZFB;43,0;Solar PV;EGLE;FCARTU
CARVACA;18W000000000R2AM;CAR;CARAVACA;2,0;Solar PV;GESTE;FCARVAC
CASA;18WCASA-123456-E;CASA;P.E. CASA;29,9;Wonshore wind;GNCO;EGASNE0
CASA1;18WCASA1-12345-0;CASA1;P.E.CASA DEL AIRE I;50,0;Wonshore wind;GNCO;EGASNE0
CASA2;18WCASA2-12345-S;CASA2;P.E.CASA DEL AIRE II;50,0;Wonshore wind;GNCO;EGASNE0
CASAC01;18W0000000002UIM;CASAC01;CASAC01;1,2;Market direct consumption;CASAT;CASAC01
CASAIII;18W000000000U70F;CASA III;CASAFUERTE III;30,0;Solar PV;ELEIA;CASAIII
CASAIV;18W000000000U72B;CASA IV;CASAFUERTE IV;30,0;Solar PV;ELEIA;CASAIV
CASAQ1;18W000000000Q1VO;CASAQ1;CASAQUEMADA I;29,0;Solar PV;EBLCO;FCASAQ1
CASAQ2;18W000000000Q1WM;CASAQ2;CASAQUEMADA II;29,0;Solar PV;EBLCO;FCASAQ2
CASAR;18WCASAR-12345-P;CASAR;CASAR;3,1;Hydro non UGH;CEG;HCASAR
CASAV;18W000000000U747;CASA V;CASAFUERTE V;8,0;Solar PV;ELEIA;CASAV
CASAVJ;18W000000000SSQJ;CASA VIEJA;CASA VIEJA;47,3;Wonshore wind;SHEEN;SHEPV32
CASCALD;18WCASCALD-123-E;CASCALD;18WCASCALD-123-E;4,3;Hydro non UGH;EGLE;HSAEDO
CASCANT;18W000000000SKWV;CASCANT;PE CASCANTE II;50,0;Wonshore wind;EGLE;ECANTE
CASETON;18W000000000GJUC;CASETONA;CASETONA;53,1;0;IBGES;FEHIBHV
CASLLEI;18W000000000TYL7;CASLLEI;CASLLEI;1,0;Competitive suppliers;ENDCO;ENDER01
CASOL;18WCASOL-12345-D;CASOL;CASOL;2,0;Hydro non UGH;CEG;HCAMPOS
CASTE;18WCASTE-12345-Q;CASTELLANA;PARQUE EOLICO LA CASTELLANA;46,0;Wonshore wind;EGED;EGREEN
CASTEL1;18W000000000MH2D;CASTEL1;CASTEL1;1,1;Solar PV;NEXU;FCSTEL1
CASTEL2;18W000000000MHP4;CASTEL2;CASTEL2;1,8;Solar PV;NEXU;FCSTEL2
CASTELO;18WCASTELO-12-E9;CASTELO;P.E. CASTELO;16,5;Wonshore wind;ECYR;EEGPEM
CASTELS;18W000000000P6MV;CASTELS;UF SOLAR CASTELSERAS;1,1;Solar PV;NEXU;FCSERAS
CASTEUR;18WCASTEUR-12-DT;CASTEUR;18WCASTEUR-12-DT;8,8;Natural Gas Cogeneration;EGLE;TPYC2
CASTI;18WCASTI-12345-R;CASTI;PARQUE EOLICO CASTIL DE TIERRA;36,0;Wonshore wind;EGLE;ECASTI
CASTIL;18W000000000RO0D;CASTIL;CASTIL;1,5;Hydro non UGH;GNRA;HFGNRA
CASTILB;18W000000000F6ED;CASTILBLAN;FV CASTILBLANCO;34,3;Solar PV;ECYR;FEGPEM
CASTOR;18W000000000MEMJ;CASTOR;CASTOR;42,5;Solar PV;HISPE;FCASTOR
CASTRE;18WCASTRE-1234-6;CASTRE;P.E. EL CASTRE;26,7;Wonshore wind;GNRA;PECAST
CASTRIO;18WCASTRIO-12-ER;CASTRIO;CASTRIO;26,4;Wonshore wind;GNRA;EFGNRA2
CASTRO;18WCASTRO-1234-0;CASTRO;UF COGOTAS 1;5,2;Hydro non UGH;GNRA;HCOGOTA
CASTUER;18W000000000QJW5;CASTUER;FV CASTUERA;1,9;Solar PV;WMARK;FFWMARK
CASTUR;18W000000000QAOB;CASTUR;UF SOLAR CASTUR;1,2;Solar PV;NEXU;FCASTUR
CASZAR;18W000000000TYM5;CASZAR;CASZAR;1,0;Competitive suppliers;ENDCO;ENDER01
CAT1;18W000000000TX71;CAT1;CAT1;37,1;Solar PV;REPSB;FCAT
CAT2;18W000000000TX9Y;CAT2;CAT2;37,1;Solar PV;REPSB;FCAT
CATALA;18W000000000SM9Y;FV CATALA;FV MAS DE CATALA;1,7;Solar PV;DREUA;FDREU12
CATGC01;18W-CATGC01-2--A;CATGAS;CATGAS ENERGIA SA;0,5;Competitive suppliers;CATGA;CATGC01
CATMIN;18W000000000S24U;CATMIN;CATMIN;1,0;Competitive suppliers;SHELL;SESAR01
CATRAL1;18W000000000SLFP;CATRAL1F;CATRAL01 FISICA;1,8;Solar PV;TRISO;CATRAL1
CATRAL2;18W000000000T57B;CATRAL 2;UP CATRAL 2;0,5;Solar PV;TRISO;CATRAL2
CATRC01;18W-CATRC01-4--E;CATRC01 CO;ELÉCTRICA CATRALENSE, SLU COMP;4,0;Competitive suppliers;CATRA;CATRC01
CAUPS;18W000000000JKVW;CAUPS;CAUPS;1,7;Solar PV;GNRA;FVGNRA
CAUXA;18W000000000TA18;CAUXA;CAUXA;2,7;Hydro non UGH;DETIC;HYCAUXA
CAV1;18WCAV1-12345-AX;CARCAVILLA;CARCAVILLA;4,8;Hydro UGH;ENDG;EBRACC1
CAVAD;18W000000000TB23;CAVAD;CAVAD;50,0;Wonshore wind;REPSB;ECERRA2
CAVAR1;18W000000000I2QQ;CAVAR1;CAVAR1;27,7;Wonshore wind;IBGES;EIBGECA
CAVAR2;18W000000000I2RO;CAVAR2;CAVAR2;27,7;Wonshore wind;IBGES;EIBGECA
CAVAR3A;18W000000000I2SM;CAVAR3A;CAVAR3A;27,7;Wonshore wind;IBGES;EIBGECA
CAVAR3B;18W000000000I2TK;CAVAR3B;CAVAR3B;27,7;Wonshore wind;IBGES;EIBGECA
CAVLO;18WCAVLO-1234-DA;CAVLO;PAPELERA DE CAVLO;4,9;Natural Gas Cogeneration;WMARK;TCAVLO
CAXADO;18WCAXADO-123-EO;CAXADO;CAXADO;24,4;Wonshore wind;EGED;EGREEN
CAYO;18WCAYO-12345-EL;CAYO;P. E. EL CAYO;24,7;Wonshore wind;EGLE;ETASA
CAYPA;18WCAYPA-1234-DQ;CAYPA;CAYLA Y PARES;7,3;Natural Gas Cogeneration;EBLCO;TTCAYPA
CAZU;18WCAZU-12345-AW;CAZULAS;CAZULAS;1,7;Hydro UGH;ENDG;GDLQ
CBAILON;18WCBAILON-12-E3;CBAILON;P.E. CRISTO BAILONES;42,0;Wonshore wind;EGED;EGREEN1
CBAMN;18W000000000TTKO;CBAMN;CBAMN;1,4;Solar PV;GNRA;UPSON3
CBANAL;18W000000000U18H;CBANAL;UF SOLAR CIBANAL 1;1,9;Solar PV;NEXU;FCBANAL
CBECERR;18WCBECERR-123-B;CBECERR;P.E. CERRO BECERRIL;49,6;Wonshore wind;HC G;HCGSCSA
CBIO1;18WCBIO1-12345-W;CBIO1;COGENERACION CON BIOMASA HUELV;27,5;Biomass;ENCEG;RUCBIO1
CBIO2;18WCBIO2-12345-N;CBIO2;BIOMASA HUELVA 50 MW;50,0;Biomass;ENCEG;RUCBIO2
CBLA;18WCBLA-12345-A4;CASABLANCA;CASABLANCA;0,5;Hydro UGH;ENDG;EBRACC1
CBLANCO;18WCBLANCO-123-E;CBLANCO;P. E. CERRO BLANCO;42,0;Wonshore wind;IBGES;EHIBGES
CBR1;18WCBR1-12345-AS;CABRIANA 1;CABRIANA 1;0,7;Hydro UGH;IBEG;EBRA
CBR2;18WCBR2-12345-AI;CABRIANA 2;CABRIANA 2;0,7;Hydro UGH;IBEG;EBRA
CBR3;18WCBR3-12345-A8;CABRIANA 3;CABRIANA 3;1,9;Hydro UGH;IBEG;EBRA
CBR4;18WCBR4-12345-AZ;CABRIANA 4;CABRIANA 4;1,9;Hydro UGH;IBEG;EBRA
CBRVALE;18W000000000T848;CBRVALE;UF SOLAR CABROVALES;41,0;Solar PV;NEXU;FCBROVA
CBSIX;18W000000000TTLM;CBSIX;CBSIX;1,1;Solar PV;GNRA;UPSON3
CC08HU;18W000000000SW6A;CC08HU;CC08HU;1,0;Competitive suppliers;FORTI;FORTR01
CCAL;18W000000000ISPO;CCAL;CERRO CALDERON;4,0;Wonshore wind;WMARK;EFWMARK
CCASC01;18W000000000NLNT;CCASC01;CCASC01 UP;1,0;Competitive suppliers;COMER;CCASC01
CCATC01;18W-CCATC01-7--4;CCATC01;CCATC01;6,0;Competitive suppliers;CCATR;CCATC01
CCDFW;18W000000000O6VH;CCDFW;CCDFW;3,6;Solar PV;GNRA;FVGNRA
CCH1;18WCCH1-12345-AF;CONCHAS 1;LAS CONCHAS 1;12,5;Hydro UGH;GNFG;UFGC
CCH2;18WCCH2-12345-A5;CONCHAS 2;LAS CONCHAS 2;12,6;Hydro UGH;GNFG;UFGC
CCH3;18WCCH3-12345-AW;CONCHAS 3;LAS CONCHAS 3;24,1;Hydro UGH;GNFG;UFGC
CCOLOR;18WCCOLOR-123-EE;CCOLOR;P.E. CUESTA COLORADA;49,5;Wonshore wind;IBGES;EHIBGES
CCORA;18WCCORA-12345-S;CCORA;CORA COGENERACION SL;5,4;Natural Gas Cogeneration;NEXU;TCORCOG
CCOREN2;18W000000000R7RA;CCOREN2;CCOREN2;3,5;Natural Gas Cogeneration;DETIC;COGCORE
CCRUCES;18WCCRUCES-123-D;RE-025548;ARCOS DE GRABA SL;1,8;Wonshore wind;NEXU;EFNEXU
CCUFW;18W000000000O9G1;CCUFW;CCUFW;2,5;Solar PV;GNRA;FVGNRA
CDAMM1;18WCDAMM1-123--W;CDAMM1;CDAMM1;9,9;Natural Gas Cogeneration;DETIC;COGCDAM
CDB1;18WCDB1-12345-AW;CORDOBIL 1;CORDOBILLA 1;4,0;Hydro UGH;ENDG;GDLQ
CDB2;18WCDB2-12345-AM;CORDOBIL 2;CORDOBILLA 2;5,0;Hydro UGH;ENDG;GDLQ
CDB3;18WCDB3-12345-AC;CORDOBIL 3;CORDOBILLA 3;5,0;Hydro UGH;ENDG;GDLQ
CDEMORO;18WCDEMORO-123-3;CDEMORO;P.E. COLL DEL MORO;48,7;Wonshore wind;IGNIS;ECOL
CDGARGA;18WCDGARGA-123-1;CDGARGA;CDGARGA;21,7;Wonshore wind;HC G;HCGSCSA
CDMOLIN;18W000000000PS09;CDMOLIN;UF SOLAR CAÑADA MOLINO 2;0,9;Solar PV;NEXU;FMOLINO
CDORADA;18WCDORADA-12-ED;CDORADA;P.E. CUEVA DORADA;19,5;Wonshore wind;EGED;ECEGRG
CDP1;18W000000000KLEM;CDP1;CASASDP1;47,4;Solar PV;SHEEN;SHEPV04
CDP2;18W000000000KLFK;CDP2;CASASDP2;36,0;Solar PV;SHEEN;SHEPV05
CDRMN;18W000000000OYOL;CDRMN;CDRMN;1,5;Solar PV;GNRA;FVGNRA
CDTENON;18WPECHNDTENON-2;CDTENON;P.E.CHAN DO TENON;22,4;Wonshore wind;ECYR;EEGPEM
CEBAC01;18W-CEBAC01-4--7;CEBA;CEBA;6,3;Competitive suppliers;CEA;CEBAC01
CEBRIAN;18W000000000SF7M;CEBRIAN;PE SAN CEBRIAN;39,6;Wonshore wind;EGLE;EPRADA3
CECAC01;18W-CECAC01-4--Y;CASTELLAR;CASTELLAR;3,6;Competitive suppliers;CECA;CECAC01
CECAMPO;18WCECAMPO-123-J;CECAMPO;18WCECAMPO-123-J;3,9;Oil products and coal;EGLE;TNUCE
CED1;18WCED1-12345-AZ;CEDILLO 1;CEDILLO 1;121,3;Hydro UGH;IBEG;TAJO
CED2;18WCED2-12345-AP;CEDILLO 2;CEDILLO 2;120,6;Hydro UGH;IBEG;TAJO
CED3;18WCED3-12345-AF;CEDILLO 3;CEDILLO 3;127,4;Hydro UGH;IBEG;TAJO
CED4;18WCED4-12345-A5;CEDILLO 4;CEDILLO 4;125,6;Hydro UGH;IBEG;TAJO
CEDC01;18W00000000024YV;CEDSL;COMERCIALIZADORA DE ENERGA DIR;0,1;Competitive suppliers;CEDSL;CEDC01
CEEEC01;18W-CEEEC01-4--F;CEEEC01 CO;COMPAÑÍA ESCANDINAVA DE ELECTR;0,8;Competitive suppliers;CEEE;CEEEC01
CEESC01;18W-CEESC01-2--8;CEESC01;CEESC01;1,9;Competitive suppliers;CENES;CEESC01
CEGC01;18W-CEGC01-40--V;CEGC01;CEGC01;0,0;Competitive suppliers;CEG;CEGC01
CELAD;18WCELAD-12345-W;CELAD;P. E. CELADA V;26,0;Wonshore wind;EGED;EGREEN1
CELAD1;18WCELAD1-1234-B;CELAD1;P. E. CELADA I;34,0;Wonshore wind;EGED;EGREEN1
CELADFU;18W000000000N4UT;CELADFU;CELADAS FUSION;44,8;Wonshore wind;EGED;EGREEN1
CELAYA;18WCELAYA-123-EV;CELAYA;P.E. CELAYA;28,8;Wonshore wind;HC G;HCGSIHA
CELC01;18W-CELC01-45--Z;CELC01;CELC01;7,0;Market direct consumption;CELL;CELC01
CELI;18WCELI-123456-0;CELI;COMPAÑÍA ENERGÉTICA DE LINARES;25,0;Natural Gas Cogeneration;GNRA;TCELISI
CELIS;18WCELIS-1234-AZ;CELIS;CELIS;6,3;Hydro non UGH;EGED;HENANSA
CELSC01;18W0000000005OQC;CELSC01;CELSC01;7.021,4;Market direct consumption;CELSA;CELSC01
CELSC02;18W0000000007HQP;CELSC02;CELSC02;0,4;Market direct consumption;CELSA;CELSC02
CELVI;18WCELVI-1234--H;CELVI;COMPAÑÍA ENERGÉTICA LAS VILLAS;24,9;Natural Gas Cogeneration;GNRA;TCELVSI
CEMEC01;18W000000000SRG5;CEMENTO PE;CEMENTO PENINSULA;5,0;Competitive suppliers;CEMEK;CEMEC01
CEMOS;18WCEMOS-12345-5;CEMOS;CELUSOSAS MOLDEADAS;4,8;Natural Gas Cogeneration;GEMSL;TCEMO
CEMRINQ;18WCEMRINQ-12--B;CEMRINQ;18WCEMRINQ-12--B;9,9;Natural Gas Cogeneration;NEXU;TCERMA
CEN121;18W000000000T6B0;CENTAURUS;CENTAURUS SOLAR FV121;45,6;Solar PV;SOLRC;FCEN121
CENAR;18WCENAR-12345-W;CENAR;P. E. EL CENTENAR;40,0;Wonshore wind;IBGES;EHIBGES
CENER2;18WCENER2-123-DO;CENER2;CENER2;40,9;Biomass;CENER;RCENER
CENG01;18W000000000QS6U;FYEEXXI;END CUR  ( TARIFA, FOTOVOLTAIC;0,0;Solar PV;CENTS;CENG01
CENTC01;18W-CENTC01-3--G;CENTC01;CENTC01;0,0;Competitive suppliers;CENTE;CENTC01
CENTCP3;18W-CENTCP3-8--V;CENTCP3;CENTCP3;300,0;Import France;CENTE;CENTCP3
CENTE;18W000000000KHKM;CENTE;CENTE;3,5;Solar PV;GNRA;FVGNRA
CENTVP3;18W-CENTVP3-9--N;CENTVP3;CENTVP3;300,0;Export France;CENTE;CENTVP3
CENVIA1;18W000000000SGNO;CENVIA1;UF SOLAR CENTROVIA 1;9,2;Solar PV;NEXU;FCNVIA1
CENVIA2;18W000000000SGOM;CENVIA2;UF SOLAR CENTROVIA 2;9,2;Solar PV;NEXU;FCNVIA2
CENVIA3;18W000000000SGPK;CENVIA3;UF SOLAR CENTROVIA 3;9,1;Solar PV;NEXU;FCNVIA3
CEP116;18W000000000TZWJ;CEP116;CEP116;30,4;Solar PV;SOLRC;FCEP116
CEPEC01;18W000000000ASMP;CEPEN;COMERCIALIZADORA ELECTRICA PEN;1,0;Competitive suppliers;CEPEN;CEPEC01
CEPUE;18WCEPUE-12345-1;CEPUE;CIA. ENERGÉTICA PUENTE DEL OBI;24,9;Natural Gas Cogeneration;GNRA;TCEPUSI
CER1;18WCER1-12345-AT;CERNADILLA;CERNADILLA;33,3;Hydro UGH;IBEG;DUER
CERANO2;18WCERANO2-12-DS;CERANO2;18WCERANO2-12-DS;9,9;Natural Gas Cogeneration;EGLE;TCRNOR
CERANOR;18WCERANOR-12-D1;CERANOR;18WCERANOR-12-D1;9,8;Natural Gas Cogeneration;EGLE;TCRNOR
CERCAL;18WCERCAL--12-EK;CERCAL;P.E. CERRO CALDERON;49,5;Wonshore wind;IBGES;EHIBGES
CERCEDA;18WCERCEDA-123-Q;CERCEDA;18WCERCEDA-123-Q;2,5;Wonshore wind;EGLE;EFGAVE
CERCEDO;18WCERCEDO-123-2;CERCEDO;CH CERCEDO;3,0;Hydro non UGH;WMARK;HFWMARK
CERES1;18WCERES1-1234-T;CERES1;WHISKY DYC;6,4;Natural Gas Cogeneration;COGEN;TAE4COG
CERES2;18WCERES2-1234-L;CERES2;VINAZAS DYC;6,4;Natural Gas Cogeneration;COGEN;TAE5COG
CERRAT6;18W000000000SEH5;CERRAT6;PE CERRATO 6;47,7;Wonshore wind;EGLE;ECERRA
CERRATO;18WCERRATO-123-J;CERRATO;CERRATO;4,0;Hydro non UGH;CEG;HCERRAT
CERRILL;18W000000000QBBY;CERRILLARE;CERRILLARES-FV;42,0;Solar PV;ALDRO;PLENFV1
CERRO;18WCERRO-1234-EI;CERRO;CERRO;30,0;Wonshore wind;EGED;EGREEN
CERRODU;18WCERRODURANEO6;DURAN;P.E. CERRO DURAN;45,0;Wonshore wind;HC G;HCGSCSA
CERROS;18WCERROS-1234-F;CERROS;18WCERROS-1234-F;4,5;Wonshore wind;EGLE;EUNZUE
CERVUP;18W000000000QI0Z;FYIBCUR;IB CUR  ( TARIFA, FOTOVOLTAICA;1,0;Solar PV;ZRMTT;CERVUP
CESILLA;18WCESILLA-12--P;CESILLA;P.E. CERRO DE LA SILLA;15,3;Wonshore wind;IBGES;EHIBGES
CESOC01;18W000000000GQ0E;CESOC01;UNIDAD DE COMPRA DE COMERCIALI;0,1;Competitive suppliers;CESOS;CESOC01
CESPAF1;18WCESPAF1-123-5;CESPAF1;UF CESPA F1;3,1;Biogas;GNRA;RBCESPA
CESPALC;18W000000000TF8G;CESPALC;CESPALC;1,0;Biogas;EGLE;RUCESP
CESPARE;18WCESPARE-123-3;CESPARE;18WCESPARE-123-3;4,2;Biogas;EGLE;RURBA
CESPASP;18WCESPASP-123-T;CESPASP;18WCESPASP-123-T;3,4;Biogas;EGLE;RCESPA
CETAC01;18W-CETAC01-2--K;CETAL;COMERCIALIZADORA ELECTRICA TAL;1,0;Competitive suppliers;CETAL;CETAC01
CETAPAL;18W000000000UBEC;CETAPAL;COG ASERPAL;6,6;Natural Gas Cogeneration;EGLE;TCETA
CETASAN;18W000000000UBFA;CETASAN;COG IND LOSAN;13,3;Natural Gas Cogeneration;EGLE;TCETA
CFAB;18WCFAB-12345-AU;CASTIFABIB;CASTIELFABIB;1,1;Hydro UGH;ENDG;EBRACC1
CFR1;18WCFR1-12345-AH;COFREN H 1;COFRENTES 1 HIDRA.;40,2;Hydro UGH;IBEG;JUCA
CFR2;18WCFR2-12345-A7;COFREN H 2;COFRENTES 2 HIDRA.;40,5;Hydro UGH;IBEG;JUCA
CFR3;18WCFR3-12345-AY;COFREN H 3;COFRENTES 3 HIDRA.;39,7;Hydro UGH;IBEG;JUCA
CGCEASA;18WCGCEASA-123-Q;CGCEASA;COGENERACION CEASA NAVIA;40,3;Sundry waste;CEASA;RCOGENA
CGINDU;18W000000000OKKY;CGINDU;CGINDU;0,5;Natural Gas Cogeneration;GNRA;CGINDU
CGLAM;18W000000000PYS9;AYPGNR;A12 NO ALTA EFICIENCIA;1,0;Oil products and coal;GNRA;CGLAM
CGLAV;18W000000000OKLW;TYGNRA;TYGNRA;0,5;Natural Gas Cogeneration;GNRA;CGLAV
CGRISEL;18WCGRISEL-12-E9;CGRISEL;CGRISEL;16,5;Wonshore wind;HISPE;RWESZN
CGRVO;18WCGRVO-12345-3;RE-105053;CONSORCI PER GESTIO DE RS VO;1,2;Biogas;NEXU;RCOGRVO
CGTOP;18W000000000OKNS;TYGNRA;TYGNRA;0,4;Natural Gas Cogeneration;GNRA;CGTOP
CGYEL;18W000000000OKI1;TYGNRA;TYGNRA;0,4;Natural Gas Cogeneration;GNRA;CGYEL
CHAC01;18W000000000U2GZ;CHAC01;CHARGE;1,0;Competitive suppliers;CHARG;CHAC01
CHALAN;18W000000000G04A;CHALANGE;CH ALANGE;9,1;Hydro non UGH;NEXU;HALANGE
CHAMBON;18WCHAMBON-12-EI;CHAMBON;P. E. CHAMBON;33,1;Wonshore wind;IBGES;EHIBGES
CHAMERA;18WCHAMERA-123-2;CHAMERA;CHAMERA;1,5;Hydro non UGH;GNRA;RAUN
CHANC01;18W000000000KRTB;CHANDUY;RECICLAJES ECOLGICOS CHANDUY S;1,0;Competitive suppliers;CHAND;CHANC01
CHANTAD;18WCHANTAD-12-ES;CHANTAD;P.E. CHANTADA;48,0;Wonshore wind;IGNIS;EGVENTO
CHAPARR;18WCHAPARR-123-0;CHAPARRO;P. E. CHAPARRO;16,0;Wonshore wind;EGED;EGREEN1
CHASOL;18WCHASOL-1234-R;CHASOL;CHASOL;49,9;Solar thermal;ELEIA;SMASOL1
CHAVIA;18WCHAVIA-1234-S;CHAVIA;CH AVIA;9,4;Hydro non UGH;GNCO;HFGASN
CHBARCO;18WCHBARCO-123-G;CHBARCO;18WCHBARCO-123-G;3,2;Hydro non UGH;EGLE;HBARCO
CHBUBAL;18WCHBUBAL-123-Y;CHBUBAL;18WCHBUBAL-123-Y;4,2;Hydro non UGH;ASIE;HFASIE
CHCABO;18WCHCABO-1234-J;CHCABO;18WCHCABO-1234-J;4,9;Hydro non UGH;EGLE;HHIDGA
CHCADOS;18WCHCADOS-123-7;CHCADOS;18WCHCADOS-123-7;2,0;Hydro non UGH;EGLE;HCADOS
CHCALM;18W000000000G10F;CHCALM;CH ALMAZAN;1,5;Hydro non UGH;NEXU;HFNEXU
CHCANAS;18WCHCANAS-123-T;CHCANAS;SALTO DE LAS CANAS;2,1;Hydro non UGH;WMARK;HFWMARK
CHCASTR;18WCHCASTR-123-O;CHCASTR;FERROATLANTICA-CASTRELO;28,7;Hydro non UGH;IGNIS;HCAST
CHCC01;18W-CHCC01-77--W;CHCC01;CIDE HCENERGÍA COMPRA;15,0;Competitive suppliers;CHC;CHCC01
CHCLOT;18WCHCLOT-1234-B;CHCLOT;CHCLOT;2,5;Hydro non UGH;INTRA;HHTTRIN
CHCOC01;18W-CHCOC01-9--3;CHCOC01;CHCOC01;200,0;Competitive suppliers;CHCOR;CHCOC01
CHCOLPO;18W000000000TBOX;CHCOLPONS;CH COLONIA PONS;1,2;Hydro non UGH;INTRA;HHTTRIN
CHCORA;18W000000000FZYY;CHCORA;CH CORADA;5,0;Hydro non UGH;NEXU;HCORADA
CHCORC;18W000000000G0ZM;CHCORC;CH CORCOESTO;1,1;Hydro non UGH;NEXU;HFNEXU
CHDORNA;18WCHDORNA-123-C;CHDORNA;DORNA;2,6;Hydro non UGH;GNCO;HFGASN
CHENC01;18W000000000SKQ6;CHURCH;CHURCH ENERGY SL;1,0;Competitive suppliers;CHURC;CHENC01
CHERC01;18W-CHERC01-8--Y;SOT CHERA;SOT CHERA;1,1;Competitive suppliers;CHERA;CHERC01
CHETXL4;18WCHETXL4-123-T;CHETXL4;CH SALTO ETXALAR;1,6;Hydro non UGH;INTRA;HHTTRIN
CHFECH;18W000000000G139;CHFECH;CH FECHA;2,2;Hydro non UGH;NEXU;HFNEXU
CHFERR;18W000000000G155;CHFERR;CH FERRERAS;2,8;Hydro non UGH;NEXU;HFNEXU
CHFRAGO;18WCHFRAGO-123-Y;CHFRAGO;18WCHFRAGO-123-Y;4,0;Hydro non UGH;EGLE;HHIDFR
CHFRES;18W000000000FZML;CH FRESER;CH FRESER;6,4;Hydro non UGH;NEXU;HFRESER
CHGALLU;18WCHGALLU-123-C;CHGALLU;18WCHGALLU-123-C;3,5;Hydro non UGH;EGLE;HGALLU
CHGARES;18WCHGARES-123-S;CH GARES;CH GARES;1,1;Hydro non UGH;INTRA;HHTTRIN
CHGRAUS;18WCH-GRAUS----X;CH GRAUS;C.HIDRAULICA GRAUS;2,1;Hydro non UGH;ECYR;HREGPE
CHGUARD;18W000000000N633;CHGUARD;CH GUARDA;0,6;Hydro non UGH;HC G;HCHI2
CHIDONA;18W000000000MP0U;CHIDONAI;PSF ARCHIDONA I;7,0;Solar PV;EGLE;FANPU
CHIERRO;18WCHIERRO-12-EK;CHIERRO;P.E. DE CRUZ DE HIERRO;25,8;0;HC G;HIBSIHA
CHIL;18WCHIL-12345-A3;CHILLAR;CHILLAR 1;0,7;Hydro UGH;ENDG;GDLQ
CHINCH;18W000000000RK7B;CHCHINCHA;CHCHINCHA;1,4;Hydro non UGH;CEG;HALTANO
CHINEST;18W000000000SLXQ;FV CHINEST;FV CHINESTRA;1,5;Solar PV;DREUA;FDREU10
CHIR;18WCHIR-12345-AH;CHIRRISQUI;CHIRRISQUIN;0,5;Hydro UGH;BARER;BEREBRO
CHISC01;18W000000000E1B1;CHISTA_COM;UP_LACHISTABINA_COMPRAS;0,1;Competitive suppliers;COMCH;CHISC01
CHJALON;18WCHJALON-123-4;CHJALON;18WCHJALON-123-4;0,5;Hydro non UGH;EGLE;HPEGLE
CHJERT;18W000000000G00I;CHJERT;CH JERTE;5,4;Hydro non UGH;NEXU;HJERTE
CHLAISA;18W000000000Q9C1;CHLAISA;CH LA ISABELA;1,8;Hydro non UGH;WMARK;HFWMARK
CHLLOR;18W000000000FZOH;CH LLORENS;CH LLORENS;10,0;Hydro non UGH;NEXU;HLLOREN
CHMERZA;18WCHMERZA-123-S;CHMERZA;18WCHMERZA-123-S;2,9;Hydro non UGH;EGLE;HFOHIS
CHMOLI;18W000000000FZS9;CHMOLI;CH MOLINOS;13,5;Hydro non UGH;NEXU;HMOLINO
CHMOLIN;18WCHMOLIN-123-R;CHMOLIN;CHMOLIN;4,1;Hydro non UGH;GNCO;HFGASN
CHN1;18WCHN1-12345-A0;CHANDREJ 1;CHANDREJA 1;1,7;Hydro UGH;IBEG;SIL
CHN2;18WCHN2-12345-AR;CHANDREJ 2;CHANDREJA 2;1,6;Hydro UGH;IBEG;SIL
CHOCB;18W000000000RWU3;CHOCB;CHOCB;1,7;Solar PV;GNRA;FVGNRA
CHOLATE;18WCHOLATE-123-Z;CHOLATE;UF C.H. OLATE;4,7;Hydro non UGH;GOIEN;HONATIK
CHORRAL;18WCHORRAL-12--B;CHORRAL;P.E. CHORREADEROS ALTOS;20,5;Wonshore wind;IBGES;EHIBGES
CHORRBA;18WCHORRBA-123-V;CHORRBA;P.E. CHORREADEROS BAJOS;30,0;Wonshore wind;IBGES;EHIBGES
CHOVA;18WCHOVA-12345-2;CHOVA;CHOVA;5,2;Natural Gas Cogeneration;DETIC;COGCHOV
CHPONTE;18WCHPONTE-123-P;CHPONTE;18WCHPONTE-123-P;3,2;Hydro non UGH;EGLE;HENGAG
CHPORM;18W000000000G066;CHPORMA;CH PORMA;18,5;Hydro non UGH;NEXU;HPORMA
CHRAMAL;18WCHRAMAL-123-X;CHRAMAL;18WCHRAMAL-123-X;4,0;Hydro non UGH;EGLE;HNORHI
CHRDEVA;18WCHRDEVA-123-L;CHRDEVA;18WCHRDEVA-123-L;4,9;Hydro non UGH;EGLE;HSANMI
CHSARDO;18WCHSARDO-123-6;CHSARDO;CHSARDON;1,4;Hydro non UGH;EGLE;HNORHI
CHTAMBR;18WCHTAMBR-123-Z;CHTAMBR;CHTAMBR;8,4;Hydro non UGH;GNCO;HFGASN
CHTAMCA;18WCHTAMCA-123-Z;CHTAMCA;TAMBRE CABALAR;1,8;Hydro non UGH;GNCO;HFGASN
CHTELD;18W000000000G147;CHTELD;CH TELDEHE;2,2;Hydro non UGH;NEXU;HFNEXU
CHU1;18WCHU1-12345-AY;CHULILLA 1;CHULILLA 1;0,9;Hydro UGH;ASIE;ASIJUCA
CHU2;18WCHU2-12345-AO;CHULILLA 2;CHULILLA 2;0,9;Hydro UGH;ASIE;ASIJUCA
CHU3;18WCHU3-12345-AE;CHULILLA 3;CHULILLA 3;1,0;Hydro UGH;ASIE;ASIJUCA
CHUCENA;18W000000000UEV6;CHUCENA;UF SOLAR CHUCENA;29,6;Solar PV;NEXU;FHUCENA
CHURC01;18W000000000NFKG;CHURC01;CHURC01;5,5;Market direct consumption;CHURR;CHURC01
CHVADO;18WCHVADO-1234-E;CHVADO;CHVADO;2,7;Hydro non UGH;STIN;CHVADOM
CHVICAR;18W000000000RPBP;CHVICAR;CH VICARIAS;1,4;Hydro non UGH;EGLE;HBARLO
CHVN;18WCHVN-12345-AP;CHAVIN;CHAVIN;0,2;Hydro UGH;WMARK;CHVN
CHZAIDA;18WCHZAIDA-123-Y;CHZAIDA;UP CH ZAIDA;3,6;Hydro non UGH;INTRA;HHTTRIN
CI60BU;18W000000000OTEJ;CI60BU;CI60BU;1,0;Competitive suppliers;FORTI;FORTR01
CIEGE;18W000000000GBP9;CIEGE;CIEGE;3,4;Hydro non UGH;GNRA;HPTMR
CIERVES;18WCIERVES-12-A7;CIERVES;18WCIERVES-12-A7;3,7;Hydro non UGH;EGLE;HGIES
CIERZO;18W000000000FI21;CIERZO;EOLICA CIERZO;15,0;Wonshore wind;NEXU;ECIRZOS
CIERZO1;18WCIERZO1-12-EZ;CIERZO1;CIERZO1;29,6;Wonshore wind;IGNIS;ECIERZO
CIERZO2;18WCIERZO2-12-ES;CIERZO2;CIERZO2;30,8;Wonshore wind;IGNIS;ECIERZO
CIJ1;18WCIJ1-12345-AW;CIJARA 1;CIJARA 1;16,9;Hydro UGH;ENDG;GDNA
CIJ2;18WCIJ2-12345-AM;CIJARA 2;CIJARA 2;16,9;Hydro UGH;ENDG;GDNA
CIJ3;18WCIJ3-12345-AC;CIJARA 3;CIJARA 3;17,1;Hydro UGH;ENDG;GDNA
CIJ4;18WCIJ4-12345-A2;CIJARA 4;CIJARA 4;49,6;Hydro UGH;ENDG;GDNA
CILCOR;18WCILCOR-123-DU;CILCOR;REPSOL  PETROLEO;94,1;Oil products and coal;REPP;CILCOR
CIM1;18WCIM1-12345--L;CIMANES;CIMANES;7,7;Hydro UGH;GNFG;UFGC
CIMAC01;18W000000000H5KX;CIMA;CIMA ENERGIA;0,1;Competitive suppliers;CIMA;CIMAC01
CINCA;18WCINCA-12345-6;CINCA;CINCA;7,4;Natural Gas Cogeneration;GNCO;TFGASN
CINCOVI;18W000000000TCYA;CINCOVI;CH CINCO VILLAS;4,6;Hydro non UGH;EGLE;HVILLA
CINSEIR;18WCINSEIR-12-EI;CINSEIR;P.E. CINSEIRO;12,0;Wonshore wind;GNCO;EGASNE0
CIPRIAN;18WCIPRIAN-12-EP;CIPRIAN;CIPRIAN;17,8;Wonshore wind;EGED;EGREEN
CIR1;18WCIR1-12345-AI;CIRAT 1;CIRAT 1;7,3;Hydro UGH;EGLE;HHYDRO2
CIR2;18WCIR2-12345-A8;CIRAT 2;CIRAT 2;7,3;Hydro UGH;IBEG;JUCA
CIREF;18W000000000RPFH;CIREF;CIREF;3,5;Solar PV;GNRA;FVGNRA
CISENER;18WCISENER-123-Z;CISENER;UF DE CISENER;7,5;Natural Gas Cogeneration;EGLE;TPAYCA
CIURE;18W000000000MH0H;CIURE;CIURE;1,0;Biogas;GNRA;RABANIL
CJAC;18WCJAC-12345-A9;CAST.JACA;CASTILLO DE JACA;1,0;Hydro UGH;ENDG;EBRACC1
CJON3X;18W000000000KYBQ;CCAA CTJ3;CCAA CASTEJON 3;1,5;Aux. Svcs. Consumption;NATGA;CJON3X
CLARES;18WCLARES-123-E8;CLARES;CLARES;32,0;Wonshore wind;IBGES;EHIBGES
CLD1;18WCLD1-12345-AP;CALDES 1;CALDES 1;16,0;Hydro UGH;ENDG;EBRFEN
CLD2;18WCLD2-12345-AF;CALDES 2;CALDES 2;16,0;Hydro UGH;ENDG;EBRFEN
CLEAC01;18W000000000N0RA;CLEARVIEW;CLEARVIEW ENERGY;0,1;Competitive suppliers;CLEAR;CLEAC01
CLIDC01;18W-CLIDC01-4--I;CLIDOMUP01;CLIDOMUP01;0,1;Competitive suppliers;CLIDM;CLIDC01
CLIMAST;18W000000000GUG7;CLIMASTER;FV CLIMASTER;3,4;Solar PV;DREUA;FDREU04
CLIMBER;18W000000000OGM5;CLIMBER;CLIMBER;1,0;Natural Gas Cogeneration;DETIC;COGCLIM
CLIPCX1;18W000000000OGCP;CLIPCX1;CLIPCX1;9.999,0;Porfolio;CLIDM;CLIPCX1
CLIPVX1;18W000000000OGBR;CLIPVX1;CLIPVX1;9.999,0;Porfolio;CLIDM;CLIPVX1
CLJ1;18WCLJ1-12345-AX;CSTILLEJ 1;EL CASTILLEJO 1;1,1;Hydro UGH;ASIE;ASITAJ
CLJ2;18WCLJ2-12345-AN;CSTILLEJ 2;EL CASTILLEJO 2;1,1;Hydro UGH;ASIE;ASITAJ
CLL1;18WCLL1-12345-AB;CNTLLANA 1;CANTILLLANA 1;3,1;Hydro UGH;ENDG;GDLQ
CLL2;18WCLL2-12345-A1;CNTLLANA 2;CANTILLANA 2;3,1;Hydro UGH;ENDG;GDLQ
CLM1;18WCLM1-12345-A0;COLMENAR 1;COLMENAR 1;2,7;Hydro UGH;IBEG;JUCA
CLM2;18WCLM2-12345-AR;COLMENAR 2;COLMENAR 2;2,9;Hydro UGH;IBEG;JUCA
CLMENTE;18W000000000SQG8;CLMENTE;UF SOLAR SAN CLEMENTE;2,0;Solar PV;NEXU;FCLMNTE
CLUGAR;18W000000000T36J;CLUGAR;UF SOLAR CAMPO LUGAR;1,9;Solar PV;NEXU;FCLUGAR
CM08TC;18W000000000OT9T;CM08TC;CM08TC;1,0;Competitive suppliers;FORTI;FORTR01
CMENGI;18W00000000064UN;CMENGI;MENGIBAR;24,7;Natural Gas Cogeneration;WMARK;TSMURES
CMESA;18WCMESA-12345-8;CMESA;P.E. CABEZA DE MESA;29,6;Wonshore wind;IGNIS;ESAV
CMG2;18W000000000KW0H;CMG2;COMPL MEDIOAMBIENTAL GIPUZKOA2;2,0;Biogas;AME;RGAME
CMILLAS;18WCMILLAS-12--8;CMILLAS;CMILLAS E HIJOS;5,1;Natural Gas Cogeneration;LMER;CMILLAS
CMOLINO;18W000000000PK4P;CMOLINO;UF SOLAR CAÑADA MOLINO;0,5;Solar PV;NEXU;FMOLINO
CMONTOU;18WCMONTOU-123-8;PE MONTOUT;P.E. CORDAL DE MONTOUTO;14,0;Wonshore wind;GNCO;EGASNE1
CMORENO;18WCMORENO-123-5;CMORENO;18WCMORENO-123-5;6,0;Wonshore wind;EBLCO;ECMOREN
CMOTRIL;18WCMOTRIL-12-DO;CMOTRIL;CMOTRIL;48,8;Natural Gas Cogeneration;NEXU;TTFMOTR
CMR1;18WCMR1-12345-A7;CAMARASA 1;CAMARASA 1;14,7;Hydro UGH;ENDG;EBRFEN
CMR2;18WCMR2-12345-AY;CAMARASA 2;CAMARASA 2;14,5;Hydro UGH;ENDG;EBRFEN
CMR3;18WCMR3-12345-AO;CAMARASA 3;CAMARASA 3;14,3;Hydro UGH;ENDG;EBRFEN
CMR4;18WCMR4-12345-AE;CAMARASA 4;CAMARASA 4;14,7;Hydro UGH;ENDG;EBRFEN
CMTA1;18W000000000MYFA;COMETA1;COMETA1;15,1;Wonshore wind;REPSB;ECMTA
CMTA2;18W000000000N8VF;COMETA2;COMETA2;44,7;Wonshore wind;REPSB;ECMTA
CND1;18WCND1-12345-A1;CERNADO;CERNADO;2,1;Hydro UGH;IBEG;SIL
CNEGRID;18WCNEGRID-123-S;CNEGRID;PE I+D CABEZO NEGRO;4,5;Wonshore wind;WMARK;EFWMARK
CNEVERA;18WCNEVERA-123-I;CNEVERA;PARQUE EÓLICO CERRO DE LA NEVE;31,5;Wonshore wind;EGED;EMEDI1
CNL1;18WCNL1-12345-AO;CANELLES 1;CANELLES 1;35,4;Hydro UGH;ENDG;EBRFEN
CNL2;18WCNL2-12345-AE;CANELLES 2;CANELLES 2;35,4;Hydro UGH;ENDG;EBRFEN
CNL3;18WCNL3-12345-A4;CANELLES 3;CANELLES 3;35,4;Hydro UGH;ENDG;EBRFEN
CNM1;18WCNM1-12345-AD;CONTRER 3;CONTRERAS-MIRASOL 1;0,4;Hydro UGH;IBEG;JUCA
CNM2;18WCNM2-12345-A3;CONTRER 4;CONTRERAS-MIRASOL 2;0,5;Hydro UGH;IBEG;JUCA
CNOVE;18W000000000TGZX;CNOVE;CNOVE;4,9;Solar PV;GNRA;UPCENS
CNR1;18W000000000SEUG;CNR1;CNR1;29,9;Wonshore wind;REPSB;ECNRG
CNR2;18W000000000SEVE;CNR2;CNR2;49,5;Wonshore wind;REPSB;ECNR
CNT1;18WCNT1-12345-AA;CONTRER 1;CONTRERAS II 1;13,9;Hydro UGH;IBEG;JUCA
CNT2;18WCNT2-12345-A0;CONTRER 2;CONTRERAS II 2;36,9;Hydro UGH;IBEG;JUCA
CNTLC01;18W-CNTLC01-6--S;CNTLC01;CNTL UP;5,0;Competitive suppliers;CENTS;CNTLC01
CO14NI;18W000000000OSXL;CO14NI;CO14NI;1,0;Competitive suppliers;FORTI;FORTR01
CO21;18WCO21-12345--L;CORTES 1;CORTES II-1;141,9;Hydro UGH;IBEG;JUCA
CO22;18WCO22-12345-AQ;CORTES 2;CORTES II-2;148,0;Hydro UGH;IBEG;JUCA
CO28TO;18W000000000OSYJ;CO28TO;CO28TO;1,0;Competitive suppliers;FORTI;FORTR01
COALC01;18W-COALC01-8--E;COALG01 CO;COMERCIALIZADORA SUMINISTRO ES;10,5;Competitive suppliers;COALG;COALC01
COBANE;18WCOBANE-1234-T;COBANE;COBANE A.I.E.;6,5;Natural Gas Cogeneration;IBGES;TFIBGES
CODES01;18WCODES01-123-7;CODES01;P.E. CODESAS;17,0;Wonshore wind;GNCO;EGASNE1
CODES02;18WCODES02-123-0;CODES02;CODES02;21,2;Wonshore wind;GNCO;EGASNE1
CODOC01;18W0000000006Q2D;CODOC01;CODOC01;1,0;Competitive suppliers;CODOR;CODOC01
COELC01;18W-COELC01-4--R;GUADASSAUR;GUADASSAUR;6,7;Competitive suppliers;COELD;COELC01
COF1;18WCOF1-12345-B2;COFRENTES;COFRENTES C.N.;1.063,9;Nuclear;IGNU;COF1
COFERRE;18W000000000S67C;COFERRE;COG FERRE;1,9;Natural Gas Cogeneration;EGLE;TFERRE
COFRENT;18W000000000HJF1;COFRENT;18W000000000HJF1;49,7;Wonshore wind;IGNIS;ECOFREN
COG75RQ;18WCOG75RQ-12-DT;COG75RQ;COGENERACION REPSOL Q.;75,7;Natural Gas Cogeneration;REPSB;COG75RQ
COGAJ;18W000000000NMOO;COGAJ;COGAJ;2,0;Natural Gas Cogeneration;GNRA;COGAJ
COGAYME;18W000000000OJLZ;COGAYME;COGAYME;0,9;Natural Gas Cogeneration;DETIC;COGAYME
COGBERN;18W000000000OK8L;COGBERN;COGBERN;0,9;Natural Gas Cogeneration;DETIC;COGBERN
COGBIO2;18WCOGBIO2-123-6;COGBIO2;18WCOGBIO2-123-6;7,5;Biogas;EGLE;RCOGBIO
COGDERC;18W000000000OK7N;COGDERC;COGDERC;0,4;Natural Gas Cogeneration;DETIC;COGDERC
COGEC01;18W-COGEC01-7--L;COGEC01 CO;ENERGY BY COGEN, S.L.U. COMPRA;1,0;Competitive suppliers;COGEN;COGEC01
COGEN2;18WCOGEN2-1234-U;COGEN2;COGEN2;31,3;Natural Gas Cogeneration;EGLE;TPCOGE
COGENGA;18W00000000078W3;COGENGA;18W00000000078W3;7,3;Natural Gas Cogeneration;EGLE;TTECGA
COGFUST;18W000000000OJMX;COGFUST;COGFUST;0,9;Natural Gas Cogeneration;DETIC;COGFUST
COGFUT;18W000000000CZI4;UF_ROMA;UF_ROMA ENERGIA;0,4;Natural Gas Cogeneration;FUTGR;UP_COGF
COGGAIK;18W000000000OKF7;RYDETIC;RYDETIC;0,1;Biomass;DETIC;COGGAIK
COGINC2;18W000000000OKE9;INCUSA2;INCUSA2;0,9;Natural Gas Cogeneration;DETIC;COGINC2
COGLOSR;18W000000000OK9J;COGLOSR;COGLOSR;0,5;Natural Gas Cogeneration;DETIC;COGLOSR
COGMARQ;18W000000000OJNV;TYDETIC;TYDETIC;0,7;Natural Gas Cogeneration;DETIC;COGMARQ
COGMIMS;18W000000000OKAH;COGMIMS;COGMIMS;0,5;Natural Gas Cogeneration;DETIC;COGMIMS
COGNAV;18WCOGNAV-123-DY;COGNAV;COGENERACIÀN DE NAVIA;24,0;Oil products and coal;EGLE;TCOGNA
COGOBLA;18W000000000OKDB;COGOBLA;COGOBLA;0,4;Natural Gas Cogeneration;DETIC;COGOBLA
COGOLL2;18WCOGOLL2-123-L;COGOLL2;P.E. COGOLLOS 2;50,0;Wonshore wind;ECYR;EEGPES
COGOPEL;18WCOGOPEL-123-J;COGOPEL;COGOPEL;13,3;Natural Gas Cogeneration;EGLE;TGEMOT
COGPACH;18W000000000OKBF;COGPACH;COGPACH;0,5;Natural Gas Cogeneration;DETIC;COGPACH
COGPER;18W000000000JLYN;COGPER;COGPER;6,8;Natural Gas Cogeneration;DETIC;TPERSAN
COGUTZ2;18W000000000OJK0;COGUTZ2;COGUTZ2;0,9;Natural Gas Cogeneration;DETIC;COGUTZ2
COL4;18WCOL4-12345-CF;COLON 4;C.COLON (G.4);390,9;Combined Cycle GT;ENDG;COL4
COLASEM;18WCOLASEM-123-X;RE-004257;COLASEM AIE;5,0;Natural Gas Cogeneration;NEXU;TCOLSEM
COLIV;18WCOLIV-12345-3;COLIV;P.E. CERRO DE LA OLIVA;9,0;Wonshore wind;EBLCO;ECOLIVA
COLIX1;18W000000000TTMK;COLIX1;COLIX1;1,2;Solar PV;GNRA;UPSON3
COLIX2;18W000000000TTNI;COLIX2;COLIX2;1,2;Solar PV;GNRA;UPSON3
COLLAD;18WCOLLAD-1234-8;COLLADILLO;PE COLLADILLO;30,6;Wonshore wind;IGNIS;ESAV
COLLAD2;18W000000000QO81;COLLAD2;LA COLLADA FASE II;7,5;Wonshore wind;WMARK;EFWMARK
COLLADA;18WCOLLADA-123-T;COLLADA;LA COLLADA;3,0;Wonshore wind;WMARK;EFWMARK
COLLADE;18WCOLLADE-12-EK;COLLADE;P. E. LES COLLADETES;73,2;Wonshore wind;WMARK;EFWMARK
COLLADO;18WCOLLADO-123-5;COLLADO;P. E. LOS COLLADOS;11,2;Wonshore wind;IBGES;EHIBGES
COLON;18W000000000SRQM;COLON;COLON;15,9;Solar PV;CEG;FCOLON
COLORO;18W000000000S2BG;COLORO;COLORO;1,0;Competitive suppliers;ENDCO;ENDER01
COLVB;18W000000000UCPO;COLVB;COLVB;20,4;Solar PV;GNRA;UPCOLI
COMES;18WCOMES-1234-EA;COMES;18WCOMES-1234-EA;3,0;Wonshore wind;EGLE;ECOMES
COMF01;18W000000000QOBW;COMF01;COMF01;1,0;Competitive suppliers;ENDCO;ENDER01
COMFC2;18W000000000S2CE;COMFC2;COMFC2;1,0;Competitive suppliers;ENDCO;ENDER01
COMFC7;18W000000000S2DC;COMFC7;COMFC7;1,0;Competitive suppliers;ENDCO;ENDER01
COMPC01;18W000000000TMVN;COMPC01;COMPC01;5,0;Competitive suppliers;COMPA;COMPC01
COMTC01;18W000000000SS8I;COMTC01;COMTC01;1,0;Competitive suppliers;COMEE;COMTC01
CON1;18WCON1-12345-AR;CONSO 1G;CONSO GR.1 GENERAC;89,3;Hydro UGH;IBEG;SIL
CON1B;18WCON1B-12345-Z;CONSO 1B;CONSO GR.1 BOMBEO;72,0;Pump consumption;IBEG;SILB
CON2;18WCON2-12345-AH;CONSO 2G;CONSO GR.2 GENERAC.;90,5;Hydro UGH;IBEG;SIL
CON2B;18WCON2B-12345-P;CONSO 2B;CONSO GR.2 BOMBEO;72,0;Pump consumption;IBEG;SILB
CON3;18WCON3-12345-A7;CONSO 3G;CONSO GR.3 GENERAC.;88,0;Hydro UGH;IBEG;SIL
CON3B;18WCON3B-12345-F;CONSO 3B;CONSO GR.3 BOMBEO;72,0;Pump consumption;IBEG;SILB
CONDADO;18W000000000SO41;CONDADO;UF SOLAR CONDADO;5,0;Solar PV;NEXU;FPLMCND
CONEC01;18W-CONEC01-9--H;COMPRA;COMPRA;0,1;Competitive suppliers;CONEC;CONEC01
CONEFV0;18W000000000NCML;C2FV;EXCEDENTES FV;1,0;Solar PV;CONEC;CONEFV0
CONESA2;18WCONESA2-123-W;CONESA;PE CONESA II;32,0;Wonshore wind;IBGES;EHIBGES
CONESAI;18WCONESAI-123-V;CONESAI;P.E. CONESA I;30,0;Wonshore wind;WMARK;EFWMARK
CONFI;18WCONFI-12345-H;CONFI;CONFI;11,9;Natural Gas Cogeneration;NEXU;TTFCONF
CONSC01;18W000000000NUYH;CMGREENENE;CONSULTING AND MANAGEMENT GREE;3,0;Competitive suppliers;CONSB;CONSC01
CONSELL;18W000000000T2F4;FV CONSELL;FV CONSELL;0,9;Solar PV;DREUA;FDREU15
CONSET;18W000000000S2EA;CONSET;CONSET;1,0;Competitive suppliers;ENDCO;ENDER01
CONSTAN;18W000000000R5JW;CONSTAN;PS CONSTANTI 42;14,2;Solar PV;WMARK;FCONSTA
CONTC01;18W000000000JZVO;CONTALLUM;CONTALLUM;1,0;Competitive suppliers;CONTA;CONTC01
CONUEVO;18WCONUEVO-12-ES;CONUEVO;PE CORRAL NUEVO;5,2;Wonshore wind;WMARK;EFWMARK
CONVA;18W0000000000UB7;CONVA;CONVA;5,1;Natural Gas Cogeneration;IGNIS;UPCONVA
COOSUR;18WCOOSUR-1234-K;COOSUR;ACEITES COOSUR;21,0;Oil products and coal;DETIC;TCOOSUR
COPIC01;18W000000000MDB7;URANO V;URANOSCOPIDAE ENERGIA V SL;1,0;Competitive suppliers;URANA;COPIC01
COPLA;18WCOPLA-1234-DY;COPLA;COPLA;4,7;Natural Gas Cogeneration;EGLE;TPAPRI
COPLA1;18W000000000NWRP;COPLA1;18W000000000NWRP;6,4;Natural Gas Cogeneration;EGLE;TPAPRI1
COR1;18WCOR1-12345-AK;CORCHADO 1;EL CORCHADO 1;1,2;Hydro UGH;ENDG;GDLQ
COR2;18WCOR2-12345-AA;CORCHADO 2;EL CORCHADO 2;5,1;Hydro UGH;ENDG;GDLQ
COR3;18WCOR3-12345-A0;CORCHADO 3;EL CORCHADO 3;5,1;Hydro UGH;ENDG;GDLQ
CORCO;18WCORCO-12345-N;CORCO;DESIMPACTE DE PURINS CORCO;14,6;Natural Gas Cogeneration;COGEN;TIGCOR
CORDELV;18W000000000K47D;CORDELV;CORDEL Y VIDURAL;36,7;Wonshore wind;IBGES;EHIBGES
CORDIN;18W000000000RJZW;CHCORDIN;CHCORDIN;9,8;Hydro non UGH;CEG;HALTANO
CORELLA;18W000000000INFM;CORELLA;CORELLA;7,3;Solar PV;GESTE;FCORELA
CORESES;18W000000000MZTG;C;UF SOLAR CORESES;2,9;Solar PV;NEXU;FCORESE
COREYSA;18WCOREYSA-123-U;COREYSA;18WCOREYSA-123-U;3,8;Natural Gas Cogeneration;EGLE;TCOREY
CORIA;18W000000000OA1S;CORIA;UF SOLR CORIA;1,5;Solar PV;NEXU;FCORIA
CORISCA;18WCORISCA-12-E6;CORISCA;P.E. DE CORISCADA;24,0;Wonshore wind;ECYR;EREGPEM
CORME3;18WCORME3-123-EZ;CORME3;P.E. CORME3;18,3;Wonshore wind;HC G;HCGSCSA
CORPC01;18W-CORPC01-2--H;CORPOLUX;CORPOLUX;0,5;Competitive suppliers;CORPO;CORPC01
CORTADO;18WCORTADO-123-7;CORTADO;18WCORTADO-123-7;13,5;Wonshore wind;ECYR;EREGPEM
CORTES;18WCORTES-1234-2;CORTES;18WCORTES-1234-2;1,3;Biogas;EGLE;RCESRE
CORUXEI;18WCORUXEI-123-9;CORUXEI;P.E. CORUXEIRAS;49,6;Wonshore wind;HISPE;EALP3
CORVERA;18W000000000RA1G;CORVERA;UF SOLAR CORVERA;3,0;Solar PV;NEXU;FCORVER
CORZAN;18WCORZAN-123-E3;CORZAN;P. E. CORZAN;43,2;Wonshore wind;ECYR;EEGPEM
COSCOJA;18WCOSCOJA-12-EZ;COSCOJA;COSCOJA;22,2;0;NEXU;EHIBCOS
COSEMA1;18WCOSEMA1-123-1;COALSEMA;COALSEMA;7,2;Natural Gas Cogeneration;EGLE;TCOALSA
COSENT;18W000000000NX9L;COSENT;COSENT;19,8;Solar PV;HISPE;FCOSENT
COSJAR2;18W000000000MHJG;COSJAR2;COSJAR2;49,7;Wonshore wind;NEXU;ECOSJAR
COSSI;18W000000000O79L;COSSI;COSSI;1,1;Solar PV;GNRA;FVGNRA
COTALSA;18WCOTALSA-12-D1;COTALSA;COGETALSA;10,0;Natural Gas Cogeneration;CEG;TUTISA
COTASA;18WCOTASA-123-DR;COTASA;COG. TIERRA ATOMIZADA;14,0;Natural Gas Cogeneration;EGLE;TATOM
COTERA;18WCOTERA-1234-9;COTERA;P. E. LA COTERA;18,0;Wonshore wind;IBGES;EHIBGES
COTEREJ;18WCOTEREJ-123-9;COTEREJ;COTEREJ;6,0;Wonshore wind;IBGES;EHIBGES
COTILLA;18W000000000RD41;COTILLA;LAS TORRES DE COTILLAS II;5,3;Solar PV;WMARK;FVCOTI2
COTORRA;18WCOTORRA-123-G;COTORRA;P. E. COTORRA;1,5;Wonshore wind;MIRAS;EMIRASI
COUTO;18WCOUTO-12345-5;COUTO;PE COUTO DE SAN SEBASTIAN;18,0;Wonshore wind;ECYR;EEGPEM
COVAPED;18WCOVAPED-123-D;COVAPED;18WCOVAPED-123-D;9,0;0;EGLE;TCOVAP
COVAT1;18W000000000SJMH;COVAT1;COVAT1;41,7;Solar PV;GNRA;UPCOV1
COVAT5;18W000000000SIZV;COVAT5;COVAT5;41,7;Solar PV;GNRA;UPCOV5
COVAT6;18W000000000SIXZ;COVAT6;COVAT6;41,7;Solar PV;GNRA;UPCOV6
COVILL;18WCOVISA-1234-C;COVILL;COGENERACION VILLARICOS;22,3;Oil products and coal;EGLE;TPCOVI
COVISLA;18WCOVISLANSL012;COVISLA;COVISLAN;8,3;Oil products and coal;PLACG;TPLACG
CP31AL;18W000000000OTFH;CP31AL;CP31AL;1,0;Competitive suppliers;FORTI;FORTR01
CP31AT;18W000000000OTGF;CP31AT;CP31AT;1,0;Competitive suppliers;FORTI;FORTR01
CP31HO;18W000000000OTHD;CP31HO;CP31HO;1,0;Competitive suppliers;FORTI;FORTR01
CP31OL;18W000000000OTIB;CP31OL;CP31OL;1,0;Competitive suppliers;FORTI;FORTR01
CP39MA;18W000000000OTJ9;CP39MA;CP39MA;1,0;Competitive suppliers;FORTI;FORTR01
CP58MO;18W000000000OTK7;CP58MO;CP58MO;1,0;Competitive suppliers;FORTI;FORTR01
CPALO;18WCPALO-1234-EM;CPALO;P.E. CERRO DEL PALO;49,5;Wonshore wind;IBGES;EHIBGES
CPANISS;18WCPANISS-123-M;CPANISS;COLL DE PANISSOT;9,0;Wonshore wind;WMARK;EFWMARK
CPD0;18WCPD0-12345-AO;CAPDELLA 0;CAPDELLA (AUX);6,2;Hydro UGH;ENDG;EBRFEN
CPD1;18WCPD1-12345-AE;CAPDELLA 1;CAPDELLA 1;6,2;Hydro UGH;ENDG;EBRFEN
CPD2;18WCPD2-12345-A4;CAPDELLA 2;CAPDELLA 2;6,2;Hydro UGH;ENDG;EBRFEN
CPD3;18WCPD3-12345-AV;CAPDELLA 3;CAPDELLA 3;6,2;Hydro UGH;ENDG;EBRFEN
CPD4;18WCPD4-12345-AL;CAPDELLA 4;CAPDELLA 4;6,2;Hydro UGH;ENDG;EBRFEN
CPELAOS;18WCPELAOS-123-S;CPELAOS;18WCPELAOS-123-S;3,0;Wonshore wind;EGLE;EUEUZA
CPELEAS;18W000000000RXQ8;CPELEAS;UF SOLAR PELEAS 14;5,0;Solar PV;NEXU;FPELEAS
CPGLASS;18WCPGLASS-12-DW;CPGLASS;18WCPGLASS-12-DW;9,7;Natural Gas Cogeneration;EGLE;TTOVAG
CPRROSO;18WCPRROSO-12-EA;CPRROSO;CPRROSO;30,5;Wonshore wind;CEG;EECAP
CPUNTA;18WCPUNTA-123-EB;CPUNTA;P.E. CERRO DE LA PUNTA;24,4;Wonshore wind;IBGES;EHIBGES
CRCEC01;18W000000000HUJY;CRCEC01;CRCEC01;2,7;Market direct consumption;CRCES;CRCEC01
CREEC01;18W000000000N21J;CREAE;CREAENERGIA ECO SLU;1,0;Competitive suppliers;CREAE;CREEC01
CREOC01;18W000000000LJ1D;CRECE PEN;CRECE SOLUCIONES P;1,0;Competitive suppliers;CRESO;CREOC01
CREPSOL;18WCREPSOL-12-DK;CREPSOL;COGENERACIÓN REPSOL;40,8;Natural Gas Cogeneration;REPP;TREPP
CREVOL;18WCREVOL-123-E3;CREVOL;P.E. CERRO REVOLCADO;26,3;Wonshore wind;IBGES;EHIBGES
CRGYC01;18W000000000UFLN;CARTO C;CARTO ENERGY SL COMPRA;0,1;Competitive suppliers;CARGY;CRGYC01
CRIIX;18W000000000TTOG;CRIIX;CRIIX;3,3;Solar PV;GNRA;UPSON1
CRMON1;18W000000000UFV3;CRMON1;UF SOLAR CARMONA 1;36,6;Solar PV;NEXU;FCRMON1
CRMON2;18W000000000UFW1;CRMON2;UF SOLAR CARMONA 2;36,6;Solar PV;NEXU;FCRMON2
CRMON3;18W000000000UFYY;CRMON3;UF SOLAR CARMONA 3;36,6;Solar PV;NEXU;FCRMON3
CRMONA1;18W000000000SEZ6;CRMONA1;UF SOLAR CARMONA 1;5,0;Solar PV;NEXU;FCMONA1
CROA1;18W000000000LA05;CR1;CROAS1;7,3;Wonshore wind;NEXU;EACROA1
CROA2;18W000000000LA21;CR2;CROAS2;10,3;Wonshore wind;NEXU;EACROA2
CRONSLR;18W000000000MP1S;CRNSL;CRONOSOLAR;3,3;Solar PV;GESTE;FCRONOS
CRRASCA;18W000000000U1AD;CRRASCA;UF SOLAR CARRASCA 1;1,1;Solar PV;NEXU;FCRASCA
CRT1;18WCRT1-12345--L;CORTIJO 1;EL CORTIJO I Y II 1;2,0;Hydro UGH;IBEG;EBRA
CRT2;18WCRT2-12345-AQ;CORTIJO 2;EL CORTIJO I Y II 2;1,9;Hydro UGH;IBEG;EBRA
CRT3;18WCRT3-12345-AG;CORTIJO 3;EL CORTIJO I Y II 3;3,8;Hydro UGH;IBEG;EBRA
CRTA;18W000000000SEF9;CRTA;CRTA;41,0;Solar PV;REPSB;FCERRAT
CRTM;18W000000000SEEB;CRTM;CRTM;41,0;Solar PV;REPSB;FCERRAT
CRTOBAL;18W000000000SQ8O;CRTOBAL;UF SOLAR SAN CRISTOBAL;1,7;Solar PV;NEXU;FCRTBAL
CRUAN;18W000000000JJHQ;CRUAN;CRUAN;1,1;Solar PV;GNRA;FVGNRA
CRUAS;18W000000000JPUJ;CRUAS;CRUAS;1,6;Solar PV;GNRA;FVGNRA
CRUZ;18W000000000SIB5;CRUZ;CRUZ;5,0;Solar PV;CEG;FCRUZ
CRUZ1;18WCRUZ1-1234-EU;CRUZ1;P.E. CRUZ I;39,9;Wonshore wind;IBGES;EHIBGES
CRUZ2;18WCRUZ2-1234-EL;CRUZ2;P.E. CRUZ II;26,3;Wonshore wind;IBGES;EHIBGES
CRUZCAR;18WCRUZCAR-123-B;CRUZCAR;P.E.CRUZ DE CARRETERO FASE I;40,0;Wonshore wind;IBGES;EHIBGES
CSABLCA;18W000000000N7CJ;CSBNA;CSABLANCA;2,1;Solar PV;GESTE;FBLANCA
CSCFIN;18W000000000MA9K;CSCFIN;CSCFIN;1,4;Solar PV;GNRA;FVGNRA
CSD1;18WCSD1-12345-AF;CASEDA 1;CASEDA 1;0,2;Hydro UGH;BARER;BEREBRO
CSD2;18WCSD2-12345-A5;CASEDA 2;CASEDA 2;0,2;Hydro UGH;BARER;BEREBRO
CSFMUDE;18W000000000T47E;CSF MUDEJA;CSF MUDEJAR 1;40,0;Solar PV;WMARK;MUDEJAR
CSID;18W000000000M87U;CERROSID;CERRO SIDRICO;1,5;Wonshore wind;WMARK;EFWMARK
CSL1;18WCSL1-12345-A1;CSTELLAR 1;EL CASTELLAR 1;0,2;Hydro UGH;SJUCA;UPSJUCA
CSL2;18WCSL2-12345-AS;CSTELLAR 2;EL CASTELLAR 2;0,3;Hydro UGH;SJUCA;UPSJUCA
CSMONTE;18WCSMONTE-123-0;CSMONTE;CASAS DEL MONTE;1,7;Hydro non UGH;WMARK;HFWMARK
CSMP;18WCSMP-12345--V;CSMP F2;CSMP F2;4,0;Natural Gas Cogeneration;LMER;CSMP
CSONDAA;18W000000000SV89;CSONDAA;UF SOLAR CUBIERTA ONDA A;1,1;Solar PV;NEXU;FSONDAA
CTALINA;18W000000000RWGV;CTALINA;UF SOLAR SANTA CATALINA;30,0;Solar PV;NEXU;FCTLINA
CTDAL;18W000000000PJZ3;CANTADAL;CANTADAL;9,7;Wonshore wind;REPSB;EPI
CTDFW;18W000000000TVT0;CTDFW;CTDFW;1,4;Solar PV;GNRA;UPSON3
CTEVB;18W000000000QJSD;CTEVB;CTEVB;1,0;Solar PV;GNRA;FVGNRA
CTFRIO;18WCTFRIO-123-E1;CTFRIO;P.E. CASTILFRIO;24,7;Wonshore wind;EGLE;ETASA
CTGN1;18WCTGN1-1234-CP;CARTAGENA1;CARTAGENA1;418,2;Combined Cycle GT;GNCC;CTGN1
CTGN2;18WCTGN2-1234-CG;CARTAGENA2;CARTAGENA2;417,8;Combined Cycle GT;GNCC;CTGN2
CTGN3;18WCTGN3-1234-C7;CARTAGENA3;CARTAGENA3;412,7;Combined Cycle GT;GNCC;CTGN3
CTJ1;18WCTJ1-12345-AB;CASTREJ 1 ;CASTREJON 1;20,1;Hydro UGH;GNFG;UFTA
CTJ2;18WCTJ2-12345-A1;CASTREJ 2;CASTREJON 2;20,7;Hydro UGH;GNFG;UFTA
CTJ3;18WCTJ3-12345-AS;CASTREJ 3;CASTREJON 3;20,3;Hydro UGH;GNFG;UFTA
CTJ4;18WCTJ4-12345-AI;CASTREJ 4;CASTREJON 4;19,5;Hydro UGH;GNFG;UFTA
CTJON1;18WCTJON1-123-CJ;CASTEJON 1;CASTEJON  (G.1);424,9;Combined Cycle GT;NATGA;CTJON1
CTJON1X;18W000000000KYAS;CCAA CTJ1;CCAA CASTEJON 1;2,0;Aux. Svcs. Consumption;NATGA;CTJON1X
CTJON2;18WCTJON2-123-CB;CASTEJON 2;CASTEJON  (G.2);378,9;Combined Cycle GT;IBGT;CTJON2
CTJON3;18WCTJON3-1234-E;CTJON3;CC CASTEJON GRUPO 2;418,4;Combined Cycle GT;NATGA;CTJON3
CTL1;18WCTL1-12345-AQ;CASTRELO 1;CASTRELO 1;67,5;Hydro UGH;GNFG;UFMI
CTL2;18WCTL2-12345-AG;CASTRELO 2;CASTRELO 2;68,0;Hydro UGH;GNFG;UFMI
CTN3TG1;18WCTN3TG1-12-CI;CTN3TG1;CASTELLON 3 TG1;249,2;Combined Cycle GT;IBGT;CTN3
CTN3TG2;18WCTN3TG2-12-CB;CTN3TG2;CASTELLON 3 TG2;249,7;Combined Cycle GT;IBGT;CTN3
CTN3TV;18WCTN3TV-123-C2;CTN3TV;CASTELLON 3 TV;283,1;Combined Cycle GT;IBGT;CTN3
CTN4TG1;18WCTN4TG1-123-M;CTN4TG1;CC CASTELLON GRUPO 4 T.GAS 1;265,2;Combined Cycle GT;IBGT;CTN4
CTN4TG2;18WCTN4TG2-123-F;CTN4TG2;CC CASTELLON GRUPO 4 T.GAS 2;268,9;Combined Cycle GT;IBGT;CTN4
CTN4TV;18WCTN4TV-1234-3;CTN4TV;CC CASTELLON GRUPO 4 T.VAPOR;305,2;Combined Cycle GT;IBGT;CTN4
CTNUTG1;18WCTNUTG1-12-C7;CTNUTG1;CTNUTG1;263,0;Combined Cycle GT;CTNU;CTNU
CTNUTG2;18WCTNUTG2-12-C0;CTNUTG2;CTNUTG2;263,0;Combined Cycle GT;CTNU;CTNU
CTNUTV;18WCTNUTV-123-CS;CTNUTV;CTNUTV;264,6;Combined Cycle GT;CTNU;CTNU
CTNUX;18W-CTNUX-646--L;CTNUX;CTNUX;10,0;Aux. Svcs. Consumption;CTNU;CTNUX
CTO1;18WCTO1-12345-AU;COMPUERT 1;COMPUERTO 1;9,8;Hydro UGH;IBEG;DUER
CTO2;18WCTO2-12345-AK;COMPUERT 2;COMPUERTO 2;9,8;Hydro UGH;IBEG;DUER
CTR1;18WCTR1-12345-AY;CORNATEL 1;CORNATEL 1;65,2;Hydro UGH;ENDG;SBEU
CTR2;18WCTR2-12345-AO;CORNATEL 2;CORNATEL 2;65,4;Hydro UGH;ENDG;SBEU
CTUDEL;18WCTUDEL-123-D1;TUDELANA;CERAMICA TUDELANA;0,9;Natural Gas Cogeneration;LMER;CTUDEL
CTUDELA;18WCTUDELA-123-Z;CTUDELA;UF CIUDAD AGROALIMENTARIA;9,9;Natural Gas Cogeneration;GNRA;TTUDELA
CTUNIII;18W000000000TAJ9;CTUNIII;TUÑO III;2,2;Hydro non UGH;EGLE;HAPHIG
CTUNOII;18W000000000TAIB;CTUNOII;UFI TUÑO II;2,7;Hydro non UGH;EGLE;HAPHIG
CUADRO;18WCUADRO-1234-7;CUADRO;P.E. EL CUADRON;22,0;Wonshore wind;EGED;EGREEN1
CUARTI;18W000000000OM8F;CUARTILLEJ;CUARTILLEJO LUNA ENERGY POWER;4,6;Solar PV;CEG;FCUARTI
CUBI;18W000000000SJU1;CUBI;CUBI;26,0;Solar PV;CEG;FCUBI
CUBILLO;18W000000000H3K2;CUBILLOS;UF BIOMASA CUBILLOS;49,5;Biomass;NEXU;RCUBILL
CUBLA;18W000000000JGHZ;CUBLA;UF SOLAR CUBLA;3,6;Solar PV;NEXU;FCUBLA
CUBON;18W000000000GOYQ;CUBON;CUBON;39,6;Solar PV;GNRA;UPBON4
CUCAYO;18WCUCAYO-1234-Q;CUCAYO;18WCUCAYO-1234-Q;4,9;Hydro non UGH;EGLE;HPDRSA
CUDS1;18W000000000QYB2;CUDS1;CUDS1;2,5;Solar PV;GNRA;FVGNRA
CUDS2;18W000000000QYC0;CUDS2;CUDS2;1,1;Solar PV;GNRA;FVGNRA
CUE1;18WCUE1-12345-AH;C.POZO 1;CUERDA DEL POZO 1;2,0;Hydro UGH;ASIE;ASIDUE
CUE2;18WCUE2-12345-A7;C.POZO 2;CUERDA DEL POZO 2;2,0;Hydro UGH;ASIE;ASIDUE
CUERDA;18WCUERDA-123-E9;CUERDA;P.E. LA CUERDA;31,0;Wonshore wind;IBGES;EHIBGES
CUESTA;18WCUESTA-123-E3;CUESTA;18WCUESTA-123-E3;7,9;Wonshore wind;HC G;HCGSCSA
CUETC;18W000000000SIOG;CUETC;CUETC;10,0;Solar PV;GNRA;UPCUE
CUEZA;18WCUEZA-12345-R;CUEZA;CUEZA;8,0;Wonshore wind;IBGES;EHIBGES
CULIX;18W000000000TV5B;CULIX;CULIX;2,4;Solar PV;GNRA;FVGNRA
CUNCC01;18W0000000000IML;CUNTIENSE ;CUNTIENSE COMERCIALIZADORA;3,0;Competitive suppliers;CUNC;CUNCC01
CUNEMSA;18WCUNEMSA-12--B;CUNEMSA;COGENERACIÓN UNEMSA;14,7;Oil products and coal;WMARK;TUEMADE
CUPAC01;18W-CUPAC01-3--S;CUPA;CUPA;0,8;Market direct consumption;CUPA;CUPAC01
CUPBC01;18W-CUPBC01-9--W;CUPA BT;CUPIRE PADESA BT;0,5;Market direct consumption;CUPA;CUPBC01
CURISCA;18WCURISCA-123-Q;CURISCA;P.E. SIERRA DE CURISCAO;49,3;Wonshore wind;HC G;HCGSCSA
CURRAS;18WCURRAS-123-E8;CURRAS;P.E. DE CURRAS;7,8;Wonshore wind;EGED;ECURRAG
CUTOLE;18W000000000OTPY;CUTOLE;CUTOLE_MAJ;0,8;Natural Gas Cogeneration;CEG;TCUTOLE
CUVEC01;18W000000000SK2H;CUVEC01;CUVER DESTELLA ENERGIA SL;1,0;Competitive suppliers;CUVER;CUVEC01
CVALDES;18W000000000P5SM;VALDES;CASA VALDES;44,0;Solar PV;HISPE;FCVALDE
CVICEN;18WCVICEN-123-ER;CVICEN;CERRO VICENTE;39,1;Wonshore wind;IBGES;EHIBGES
CVICENA;18WCVICENA-12-E8;CVICENA;CERRO VICENTE AMPLIACIÓN;29,7;Wonshore wind;IBGES;EHIBGES
CWCMC01;18W000000000SJC0;PEN_UP_COM;ES-PEN_FUTGR_COM;9,0;Competitive suppliers;FUTGR;CWCMC01
CX46AC;18W000000000OT50;CX46AC;CX46AC;1,0;Competitive suppliers;FORTI;FORTR01
CX46AL;18W000000000OT42;CX46AL;CX46AL;1,0;Competitive suppliers;FORTI;FORTR01
CX46CA;18W000000000OT6Z;CX46CA;CX46CA;1,0;Competitive suppliers;FORTI;FORTR01
CX46MO;18W000000000OT7X;CX46MO;CX46MO;1,0;Competitive suppliers;FORTI;FORTR01
CYDAC01;18W-CYDAC01-9--6;CYADE;CYADE;0,4;Competitive suppliers;CYDAE;CYDAC01
CYEC01;18W-CYEC01-37--U;CYEC01;CYEC01;50,0;Competitive suppliers;CYE;CYEC01
CYIGNI;18W000000000SWWW;TYGNRA;TYGNRA;0,9;Natural Gas Cogeneration;IGNIS;CYIGNI
CZFVC01;18W-CZFVC01-5--O;CZFV;CONSORCIO ZONA FRANCA DE VIGO;7,4;Market direct consumption;CZFV;CZFVC01
DA1O;18W000000000GP49;DAO1;CH DAIO;1,2;Hydro non UGH;NEXU;HFNEXU
DAIMC01;18W-DAIMC01-8--U;DAIMUZ1;DAIMUZ1;4,0;Competitive suppliers;DAIMU;DAIMC01
DAJOZ;18W000000000TJP7;DAJOZ;DAJOZ;40,0;Solar PV;CEG;FDAJOZ
DAL1;18WDAL1-12345-AJ;D.ALDONZ 1;DOÑA ALDONZA 1;5,1;Hydro UGH;ENDG;GDLQ
DAL2;18WDAL2-12345-A9;D.ALDONZ 2;DOÑA ALDONZA 2;5,1;Hydro UGH;ENDG;GDLQ
DALOBA;18WDALOBA-123-EM;DALOBA;DALOBA;24,4;Wonshore wind;EGED;EGREEN
DAPHNE;18W000000000IBXM;DAPHNE;UF SOLAR DAPHNE;2,0;Solar PV;NEXU;FAZARA
DARAQ;18W000000000TYUQ;DARAQ;DARAQ;3,6;Solar PV;GNRA;FVGNRA
DARUC01;18W-DARUC01-2--3;DARUC01;DARUC01;0,1;Market direct consumption;DARUZ;DARUC01
DASERPE;18W-DASERPE-3--J;DASERPE;PARQUE EOLICO COVA DA SERPE;24,0;Wonshore wind;GNCO;EGASNE1
DAVAX;18W000000000KUU0;DAVAX;DAVAX;4,6;Solar PV;ADXRE;FAUDAX
DEAGUAS;18W000000000ST9D;DEAGUAS;SIERRA DE AGUAS;15,3;Wonshore wind;EGLE;EAGUAS
DEBAC01;18W000000000N5L7;DEBAC01;DEBAC01;74,4;Competitive suppliers;DEBAR;DEBAC01
DEBANOS;18W000000000ST8F;DEBANOS;SIERRA DE BAÑOS;12,8;Wonshore wind;EGLE;EAGUAS
DEDEREC;18WDEDEREC-123-8;DEDEREC;18WDEDEREC-123-8;9,9;Oil products and coal;EGLE;TDEDRE
DEFERII;18WDEFERII-123-N;DEFERII;P.E. MUDEFER II;12,6;Wonshore wind;EGLE;ECATER
DEFIBE;18W000000000TS2Q;DEFIBE;DEFIBE;1,0;Competitive suppliers;ENDCO;ENDER01
DEGOLLA;18WDEGOLLA-123-Z;DEGOLLA;PE ALTO DE LA DEGOLLADA;50,0;Wonshore wind;IBGES;EHIBGES
DEGREEN;18W000000000SSKV;DEGREEN;UF SOLAR DEGREEN;3,0;Solar PV;NEXU;FSTATON
DEHESA;18WLADEHESA-123L;DEHESA;CST LA DEHESA;49,9;Solar thermal;IGNIS;UPFLORI
DEHESAM;18W000000000F67R;DEHESAM;PE DEHESA DE MALLEN;3,3;Wonshore wind;ECYR;EEGPES
DEHESI1;18W000000000U3IS;DEHESILLA1;DEHESILLA1;46,8;Wonshore wind;RENSP;DEHE1
DEHESI2;18W000000000TMN2;DEHESILLA2;DEHESILLA2;46,8;Wonshore wind;RENSP;DEHE2
DEHESIL;18W000000000PVMU;DEHESILLA;UF SOLAR DEHESILLA;1,6;Solar PV;NEXU;FDHSLA
DELIFA;18W000000000TVJK;DELIFA;DELIFA;1,0;Competitive suppliers;SHELL;SESAR01
DELILLO;18WDELILLO-123-G;DELILLO;UF PARQ EOLICO LILLO-SAN ANTON;6,7;Wonshore wind;GNRA;EFGNRA
DELMORO;18W000000000P5PS;DELMORO;PE DEL MORO;12,0;Wonshore wind;HC G;HCGSCSA
DELTAA;18W000000000RUU9;DELTAA;DELTAA;4,0;Solar PV;GAC;FDAGAC
DELTAB;18W000000000RUV7;DELTAB;DELTAB;4,0;Solar PV;GAC;FDBGAC
DELTAC;18W000000000RUW5;DELTAC;DELTAC;5,0;Solar PV;GAC;FDCGAC
DELTAD;18W000000000RUX3;DELTAD;DELTAD;5,0;Solar PV;GAC;FDDGAC
DEMETE1;18W000000000SN8X;DEMETE1;PSF DEMETER;40,8;Solar PV;WMARK;FVDEMET
DEMFW;18W000000000QXYX;DEMFW;DEMFW;1,4;Solar PV;GNRA;FVGNRA
DEPOC01;18W000000000Q8QD;DEPOC01;DEPOC01;0,6;Market direct consumption;DEPOA;DEPOC01
DERETIL;18W000000000OTQW;DERETIL;DERETIL;9,0;Competitive suppliers;EGED;EGEDR01
DERMONT;18WDERMONT-123-H;DERMONT;18WDERMONT-123-H;3,6;Oil products and coal;EGLE;TDERMO
DERSC;18WDERSC-12345-4;MOTORS;GENERAL MOTORS;10,0;Solar PV;GNRA;FDERSC
DESAFIO;18W000000000S4D6;DESAF PV;DESAFIO SOLAR PLANT;44,5;Solar PV;RENSP;RESOLAR
DESAV;18W000000000FS36;LAS DEHESA;VERTEDEROS DE RESIDUOS-DEHESAS;3,4;Biogas;LMER;DEESA
DESIRTO;18W000000000P01H;DESERTO;DESIERTO;3,3;Solar PV;GESTE;FDSERTO
DESLO;18W000000000M3EV;DESLO;DESLO;2,0;Solar PV;GNRA;LAPEN
DETCD01;18W0000000009NJD;DETCD01;DETCD01;11,2;Market direct consumption;DETIC;DETCD01
DETCD02;18W000000000CSB2;DETCD02;DETCD02;929,7;Market direct consumption;DETIC;DETCD02
DETCD16;18W000000000NIPY;DETCD16;DETCD16;35,0;Market direct consumption;DETIC;DETCD16
DETIC01;18W-DETIC01-9--J;DETIC01;DETIC01;0,0;Competitive suppliers;DETIC;DETIC01
DETISA1;18WDETISA1-12-DO;COG DETISA;COG RABIDA-DETISA;49,9;Natural Gas Cogeneration;SEDAE;TFSEDAE
DETSSAA;18W000000000NRLF;DETSSAA;DETSSAA;30,0;Aux. Svcs. Consumption;DETIC;DETSSAA
DEVA;18WDEVA-12345-EM;DEVA;P.E. DE DEVA;39,6;Wonshore wind;EGED;EDEVAG
DEVESA;18WDEVESA-123-A4;DEVESA;18WDEVESA-123-A4;3,7;Hydro non UGH;EGLE;HCOHIG
DEVIRGI;18WPEDVIRGINIA-P;DEVIRGI;P.E. DEHESA VIRGINIA;30,0;Wonshore wind;EGED;EGREEN1
DFERC01;18W000000000T54H;DFERC01;DUFERCO ENERGIA SPA;0,0;Competitive suppliers;DUFEA;DFERC01
DHEYG;18W000000000RPDL;DHEYG;DHEYG;25,0;Solar PV;GNRA;UPDOH
DIBAQ1;18W0000000000UHW;DIBAQ;DIBAQ;2,9;Natural Gas Cogeneration;COGEN;AE10COG
DIELC01;18W0000000005PA4;DIEL_PEN;DIELE PENINSULA;5,0;Competitive suppliers;DIELE;DIELC01
DIL1;18WDIL1-12345-AY;DILAR 1;DILAR 1;1,5;Hydro UGH;ENDG;GDLQ
DIL2;18WDIL2-12345-AO;DILAR 2 ;DILAR 2;2,0;Hydro UGH;ENDG;GDLQ
DILUC01;18W000000000NHSV;DILUZ;DILUZ COMPRA;0,1;Competitive suppliers;DILUZ;DILUC01
DIPBC01;18W000000000KBFD;DIPBC01;DIPBC01;92,7;Market direct consumption;DIPBA;DIPBC01
DIRGC01;18W000000000RJ2O;DIRECTGREE;DIRECTGREEN;1,0;Competitive suppliers;DIREA;DIRGC01
DISCEF;18W000000000TS3O;DISCEF;DISCEF;1,0;Competitive suppliers;ENDCO;ENDER01
DIVIC01;18W000000000CR7D;DIVIC01;UP DIVICONSULTING;0,1;Competitive suppliers;DIVIC;DIVIC01
DIVSO;18W000000000JJGS;DIVSO;DIVSO;2,0;Solar PV;GNRA;FVGNRA
DJIMENA;18WDJIMENA-123-K;DJIMENA;UF DOÑA JIMENA;1,1;Hydro non UGH;INTRA;HHTTRIN
DJUNCAL;18WDJUNCAL-123-Y;DUERJUNCAL;DUERO JUNCAL;9,9;Solar PV;GESTE;FJUNCAL
DLSTC01;18W000000000F5J6;GOENERGIA;GOENERGIA;0,1;Competitive suppliers;DLSTE;DLSTC01
DOI1;18WDOI1-12345-AW;DOIRAS 1;DOIRAS 1;23,7;Hydro UGH;REPSB;VIES
DOI2;18WDOI2-12345-AM;DOIRAS 2;DOIRAS 2;23,7;Hydro UGH;REPSB;VIES
DOI3;18WDOI3-12345-AC;DOIRAS 3;DOIRAS 3;14,1;Hydro UGH;REPSB;VIES
DOLAUNO;18WDOLAUNO-123-R;DOLAUNO;P.E.DOLAR 1;49,5;Wonshore wind;IBGES;EHIBGES
DOLTRES;18WDOLTRES-123-J;DOLTRES;P.E. DOLAR 3;49,5;Wonshore wind;IBGES;EHIBGES
DOLVC01;18W000000000K71G;DOLVC01;DOLVC01;12,1;Market direct consumption;DOLNO;DOLVC01
DOMENO;18WDOMENO-1234-Y;DOMENO;DOMEÑO;20,4;Hydro non UGH;IBGES;HFIBGES
DOMIX;18W000000000TUYU;DOMIX;DOMIX;1,4;Solar PV;GNRA;UPSON3
DONBC01;18W000000000SWVY;DONBECO;DONBECO;0,1;Competitive suppliers;DONBE;DONBC01
DONSL;18W000000000G3RT;DONSL;DONSL;1,6;Solar PV;GNRA;FVGNRA
DOSA;18W000000000NHKA;DOSA;DOSA;5,0;Hydro non UGH;GNRA;HDOSA
DOSPUEB;18WDOSPUEB-123-0;DOSPUEB;P.E. DOS PUEBLOS;20,0;Wonshore wind;IBGES;EHIBGES
DOVILAN;18WDOVILAN-12-EB;DOVILAN;P. E. DO VILAN;16,9;Wonshore wind;ECYR;EEGPEM
DOWCHEM;18WDOWCHEM-123-F;DOWCHEM;DOW CHEMICAL;14,5;Oil products and coal;EEXXI;TDEEXXI
DOY;18W000000000PIDD;DOY;DOY;3,8;Residual energy;AME;A2GAME2
DRACOSL;18W000000000O9D7;DRACO;DRACOS;40,0;Solar PV;GESTE;FDRACOS
DREAC01;18W-DREAC01-1--J;DREUA;DREUA;28,0;Competitive suppliers;DREUA;DREAC01
DREDC01;18W000000000EYD9;DREDC01;DREDC01;28,6;Market direct consumption;DREUA;DREDC01
DREGC01;18W000000000UGZT;DREGC01;DREGC01;1,2;Market direct consumption;DREUA;DREGC01
DRKFC01;18W-DRKFC01-8--Y;UP DRK;DRK ENERGY;4,5;Competitive suppliers;DRK;DRKFC01
DROSP;18W000000000GTWF;DROSP;DROSP;25,0;Solar PV;GNRA;UPDROS
DSBON;18W000000000GP0H;DSBON;DSBON;39,6;Solar PV;GNRA;UPBON2
DSMAC01;18W000000000MFDY;3DSMART;3DSMART COMPRA;20,0;Competitive suppliers;DSMAR;DSMAC01
DSSIX;18W000000000TTQC;DSSIX;DSSIX;2,9;Solar PV;GNRA;UPSON4
DTABLAR;18WDTABLAR-123-K;DTABLAR;P. E. DEHESA DE TABLARES;0,8;Wonshore wind;NEXU;ETBLRES
DUENA;18WDUENA-1234-EB;DUENA;P. E. SIERRA DE DUENA;31,4;Wonshore wind;IBGES;EHIBGES
DUERC01;18W000000000TN7V;DUEROLUZ;DUEROLUZ ENERGIA SL;1,0;Competitive suppliers;DUERO;DUERC01
DUEROCA;18W000000000NGLB;DUEROCA;DUEROCA;1,4;Hydro non UGH;CEG;HDUEROK
DUFEC01;18W000000000D3EU;DUFEC01;DUFEC01;400,0;Competitive suppliers;DUFER;DUFEC01
DUFECP3;18W-DUFECP3-8--L;DUFENERGY;DUFENERGY;400,0;Import France;DUFER;DUFECP3
DUFEVP3;18W-DUFEVP3-5--T;DUFEVP3;DUFEVP3;400,0;Export France;DUFER;DUFEVP3
DULCNE5;18W000000000R5UA;DULCNE5;UF SOLAR DULCINEA 5;5,0;Solar PV;NEXU;FDULC5
DULCNE6;18W000000000R5V8;DULCNE6;UF SOLAR DULCINEA 6;5,0;Solar PV;NEXU;FDULC6
DUQ1;18WDUQ1-12345-AK;DUQUE;DUQUE;12,5;Hydro UGH;ENDG;GDLQ
DUR1;18WDUR1-12345-A9;DURCAL 1;DURCAL 1;1,8;Hydro UGH;ENDG;GDLQ
DUR2;18WDUR2-12345--L;DURCAL 2;DURCAL 2;1,8;Hydro UGH;ENDG;GDLQ
DXDC01;18W0000000006PYQ;DXD COMER;DXD COMERCIALIZADORA UNIDAD;1,0;Competitive suppliers;DXD;DXDC01
DYNFC01;18W000000000NAG2;DYNEFF;DYNEFF;0,1;Competitive suppliers;DYNEF;DYNFC01
EACER;18W000000000S26Q;EACER;EACER;1,0;Competitive suppliers;SHELL;SESAR01
EALBC01;18W-EALBC01-9--9;EALBC01 CO;ELECTRICA DE ALBATERENSE, S.L.;5,0;Competitive suppliers;EALB;EALBC01
EALMC01;18W0000000006S8W;ALMENAR_UP;ALMENAR UNIDAD PROGRAMACION;0,3;Competitive suppliers;ELALM;EALMC01
EAM0C01;18W-EAM0C01-8--S;EAM0C01 CO;ELECTRA ALTO MIÑO COMERCIALIZA;5,7;Competitive suppliers;EAM01;EAM0C01
EAMB02;18W000000000SV1N;EAMB02;GRAFENO;1,2;Solar PV;AMADR;EAMV02
EAMC01;18W-EAMC01-53--B;ANT MAD;ANT MAD;0,3;Competitive suppliers;AMADR;EAMC01
EAMIN;18W000000000S27O;EAMIN;EAMIN;1,0;Competitive suppliers;SHELL;SESAR01
EBALSAS;18W-EBALSAS-5--7;EBALSAS;LAS BALSAS-ALAIZ;25,5;Wonshore wind;WMARK;ECENDER
EBAT;18WEBAT-123456-L;EBAT;EL BATAN;0,4;Hydro UGH;CTNU;JUCAR2
EBE1;18WEBE1-12345-AY;BERBEL 1;EL BERBEL 1;6,2;Hydro UGH;ENDG;EBRACC1
EBE2;18WEBE2-12345-AO;BERBEL 2;EL BERBEL 2;6,2;Hydro UGH;ENDG;EBRACC1
EBE3;18WEBE3-12345-AE;BERBEL 3;EL BERBEL 3;6,2;Hydro UGH;ENDG;EBRACC1
EBIACA1;18W-EBIACA1-8--8;EBIACA1;EBIACA1;5,0;Competitive suppliers;EBIAR;EBIACA1
EBLCO01;18W-EBLCO01-2--W;EBLCO01;EBLCO01;0,0;Competitive suppliers;EBLCO;EBLCO01
EBLL;18WEBLL-123456-H;EBLL;EDAR DEL BAIX LLOBREGAT;7,7;Natural Gas Cogeneration;AME;TEBLLRB
EBLPCX1;18W000000000TI5D;PORGENC;PORT_GEN_CMPRA;9.999,0;Porfolio;EBLCO;EBLPCX1
EBLPVX1;18W000000000TI3H;PORGENV;PORT_GEN_VNTA;9.999,0;Porfolio;EBLCO;EBLPVX1
EBO1;18WEBO1-12345-AZ;BOSQUE 1;EL BOSQUE 1;3,8;Hydro UGH;IBEG;JUCA
EBO2;18WEBO2-12345-AP;BOSQUE 2;EL BOSQUE 2;3,9;Hydro UGH;IBEG;JUCA
EBOSC;18W000000000QYDZ;EBOSC;EBOSC;1,7;Solar PV;GNRA;FVGNRA
EBRA;18W000000000QBP6;EBRA;EBRA;4,5;Wonshore wind;GNRA;EFGNRA
EBREC01;18W000000000J3JX;EBREC01;EBREC01;0,1;Competitive suppliers;EBROE;EBREC01
EBRO1;18W000000000SSON;EBRO1;PSF EBRO1;45,0;Solar PV;EGLE;FSOVAL
EBROC;18W0000000005M1V;CAMPO;UF CAMPO;1,6;Hydro non UGH;GNRA;HPUEYO
ECA1;18WECA1-12345-AT;CABILDO 1;EL CABILDO 1;0,5;Hydro UGH;ASIE;ASIDUE
ECA2;18WECA2-12345-AJ;CABILDO 2;EL CABILDO 2;0,7;Hydro UGH;ASIE;ASIDUE
ECAIX;18W000000000Q11A;ECAIX;ECAIX;17,5;Solar PV;GNRA;FVCARR
ECATC01;18WECATC01UF---V;ECATC01;DIST. ELÉCTRICA CATOIRA COMPRA;1,0;Competitive suppliers;ELCAT;ECATC01
ECAZC01;18W-ECAZC01-8--X;ECAZC01;ECAZC01;0,0;Competitive suppliers;ECADZ;ECAZC01
ECEC01;18W-ECEC01-62--V;ECEC01;ECEC01;0,0;Competitive suppliers;ECE;ECEC01
ECHAGUE;18WECHAGUE-12-ES;ECHAGUE;P. E. ECHAGÜE;23,1;Wonshore wind;EGED;EGREEN
ECHO;18WECHO-12345-AI;CHORRO DUQ;CHORRO DEL DUQUE;1,0;Hydro UGH;HIDRJ;ECHO
ECIFW;18W000000000IJ3L;ECIFW;ECIFW;1,2;Solar PV;GNRA;FVGNRA
ECKER;18WPAPELERAECKEK;ECKER;18WPAPELERAECKEK;4,8;Natural Gas Cogeneration;PECKE;TECKER
ECLEN;18W000000000POQ6;CAÑADA UF;FV CAÑADA LENTISCO UF;4,4;Solar PV;EPYM;ES-EYPP
ECNDC01;18W00000000029ZE;ECND;ECO NUEVOS DESARROLLOS;4,0;Competitive suppliers;ECOND;ECNDC01
ECOESP;18WECOESP-123-D3;ECOESP;ECOCARBURANTES ESPAÑOLES;21,6;Natural Gas Cogeneration;EENER;TBIOEC
ECOFC01;18W0000000003SHQ;ECOFUTURA;UNIDAD ECOFUTURA;1,0;Competitive suppliers;ECOFU;ECOFC01
ECOIB;18WECOIB-12345-9;ECOIBERIA;ECOIBERIA SOLAR;10,0;Solar PV;CEG;FVECOIB
ECOLC01;18W-ECOLC01-5--V;UPECOLE01;COMERCIALIZACION PENINSULAR;0,2;Competitive suppliers;ECOLE;ECOLC01
ECOMED3;18WECOMED3-123-6;ECOMED3;ECOMED3;4,2;Biogas;CEG;RECMED
ECONC01;18W-ECONC01-4--H;ECONACTIVA;ECONACTIVA SCOOP DE C-LM;0,1;Competitive suppliers;ECON;ECONC01
ECOPAR;18WECOPAR-1234-F;ECOPAR ;ECOPARQUE DE LA RIOJA;2,1;Biogas;GEMSL;RYGEMSL
ECOPAR1;18W000000000RA58;ECOPAR1;ECOPARC-1;5,2;Biogas;EGLE;RECOBAR
ECOPAR2;18W000000000Q5Y6;ECOPAR2;ECOPARC 2;4,1;Biogas;EGLE;RBESOS
ECOSOLA;18W000000000SRZ4;FV ECOSOLA;FV ECOSOLAR;4,0;Solar PV;WMARK;FVECOSO
ECOTC01;18W000000000SLZM;ECOT;ECOTHERMIC;1,0;Competitive suppliers;ECOTH;ECOTC01
ECOTOL;18W000000000ABYF;ECOTOL;BIOGAS ECOTOLEDO;3,1;Biogas;SHELL;SESBIO7
ECOVC01;18W000000000PXMO;ECOVC01;ECOVC01;0,0;Competitive suppliers;ECOVE;ECOVC01
ECSCCA1;18W-ECSCCA1-2--E;ECSCCA1;ECSCCA1;10,5;Competitive suppliers;CALLO;ECSCCA1
ECT2TG1;18WECT2TG1-123-6;ECT2TG1;ESCATRON TURBINA GAS 1;50,2;Combined Cycle GT;CYDDP;ECT2
ECT2TG2;18WECT2TG2-12--B;ECT2TG2;ESCATRON TURBINA GAS 2;50,2;Combined Cycle GT;CYDDP;ECT2
ECT2TG3;18WECT2TG3-123-T;ECT2TG3;ESCATRON TURBINA GAS 3;50,1;Combined Cycle GT;CYDDP;ECT2
ECT2TG4;18WECT2TG4-123-M;ECT2TG4;ESCATRON TURBINA GAS 4;50,1;Combined Cycle GT;CYDDP;ECT2
ECT2TV;18WECT2TV--12341;ECT2TV;ESCATRON TURBINA VAPOR;74,0;Combined Cycle GT;CYDDP;ECT2
ECT2X;18W-ECT2X-220--R;ECT2X;ECT2X;4,0;Aux. Svcs. Consumption;CYDDP;ECT2X
ECT3TG1;18WECT3TG1-123-X;ECT3TG1;ESCATRÓN TURBINA GAS 1;269,8;Combined Cycle GT;REPSB;ECT3
ECT3TG2;18WECT3TG2-123-Q;ECT3TG2;ESCATRÓN TURBINA GAS 2;269,8;Combined Cycle GT;REPSB;ECT3
ECT3TV1;18WECT3TV1-123-O;ECT3TV1;ESCATRÓN TURBINA VAPOR;264,7;Combined Cycle GT;REPSB;ECT3
ECVIL;18W000000000B0EA;UF ECVIL;UF VILLANUEVA DE LA JARA I;4,3;Wonshore wind;GNRA;EFGNRA
ECYRREX;18W-ECYRREX-9--6;ECYRREX;ECYRREX;1,3;Aux. Svcs. Consumption;ECYR;ECYRREX
EDARLEO;18WEDARLEO-123-S;EDARLEON;EDARLEON;2,0;Natural Gas Cogeneration;EGED;TFEGED
EDFAC01;18W-EDFAC01-8--C;EDFAC01;EDFAC01;2,2;Competitive suppliers;EDFAC;EDFAC01
EDFSC01;18W-EDFSC01-3--I;SERRALLO;SERRALLO;0,1;Competitive suppliers;EDFAS;EDFSC01
EDFTC01;18W000000000IFDD;INTRA;INTRADAY TRADIING;1.000,0;Competitive suppliers;EDFT;EDFTC01
EDFTCP3;18W-EDFTCP3-9--K;EDFTCP3;EDFTCP3;0,0;Import France;EDFT;EDFTCP3
EDFTVP3;18W-EDFTVP3-7--O;EDFTVP3;EDFTVP3;0,0;Export France;EDFT;EDFTVP3
EDIAV;18W000000000KS4L;EDIAV;EDIAV;1,8;Solar PV;GNRA;FVGNRA
EDIIX;18W000000000TV4D;EDIIX;EDIIX;2,9;Solar PV;GNRA;UPSON2
EDMUND3;18W000000000U3QC;EDMUNDO3;EDMUNDO BEBIE 3;1,0;Hydro non UGH;RSPRA;HHRSPRA
EDMUNDO;18W000000000U1OM;EDMUNDO;EDMUNDO BEBIE;1,2;Hydro non UGH;RSPRA;HHRSPRA
EDPCC01;18W000000000IV0S;EDPCC01;UNIDAD DE COMPRA DE COMERCIALI;1,0;Competitive suppliers;EDPCL;EDPCC01
EDPCOX;18W000000000728W;SSAA EDPC;SSAA EDP COMERCIALIZADORA;20,0;Aux. Svcs. Consumption;NATGA;EDPCOX
EE21C01;18W-EE21C01-5--2;EE21C01;EE21C01;9.999,0;Suppliers of last resort;EEXXI;EE21C01
EE21CEB;18W-EE21CEB-9--D;ENLACE PB;ENLACE PB;408,0;Balearic HVDC Link;EEXXI;EE21CEB
EEFV002;18W000000000RGPO;BEMBEAC;AC BEMBE 5MW;5,2;Solar PV;ENDCO;ENDRE02
EEFV003;18W000000000T1E9;MERLINAC;AC MERLIN 2MW;2,2;Solar PV;ENDCO;ENDRE02
EEHU2UF;18W000000000FFKB;EEHU2UFI;UNIDAD FISICA HU46;46,0;Biomass;ENCHU;EEHU2
EEM20;18WEEM20-12345-7;EEM20;UFI ENCE ENERGIA EXTREMADURA;20,0;Biomass;ENCEG;REEM20
EENC01;18W-EENC01-90--N;EENC01;EENC01;0,0;Competitive suppliers;EEN;EENC01
EENEC01;18W000000000K960;EENEC01;EENEC01;3,5;Market direct consumption;EENER;EENEC01
EFGC01;18W-EFGC01-86--Q;EFGC01;EFGC01;0,0;Competitive suppliers;EFG;EFGC01
EFIDC01;18W0000000007JF4;EFIDU;EFIDUERO;9,9;Competitive suppliers;EFIDU;EFIDC01
EFIDC02;18W000000000P1UU;FYGNSUR;GN SUR SDG ( TARIFA, FOTOVOLTA;0,4;Solar PV;EFIDU;EFIDC02
EFIRC01;18W000000000U4MH;EFIRA;EFIRA;0,1;Competitive suppliers;EFIRA;EFIRC01
EGA;18W000000000NHDO;EGA;18W000000000NHDO;26,9;Solar PV;EGLE;FEGA
EGABBIO;18W000000000O31C;EGABBIO;UF EGABRENSE BIO;8,0;Biomass;COGEN;REGBRE
EGABCHP;18W000000000O2ZL;EGABCHP;UF EGABRENSE CHP;13,0;Natural Gas Cogeneration;COGEN;TEGBREN
EGALC01;18W-EGALC01-4--K;EGAMA;ENERXIA GALEGA MAIS;1,0;Competitive suppliers;EGALE;EGALC01
EGAZC01;18W000000000N4TV;EGAZE;ENERGAZE;1,0;Competitive suppliers;EGAZE;EGAZC01
EGCMC01;18W-EGCMC01-8--C;EGCMC01;EGCMC01;180,0;Competitive suppliers;ENDG;EGCMC01
EGEDC01;18W-EGEDC01-3--J;EGEDC01;EGEDC01;0,0;Competitive suppliers;EGED;EGEDC01
EGEDCP3;18W-EGEDCP3-9--U;UP DERECHO;UP COMPRA CON DERECHOS;20,0;Import France;EGED;EGEDCP3
EGEDCX;18W000000000OIDH;UP SER AUX;UP SERVICIOS AUXILIARES;25,0;Aux. Svcs. Consumption;EGED;EGEDCX
EGEDVP3;18W-EGEDVP3-4--9;VTA DERECH;UP VENTA CON DERECHOS EN FRANC;20,0;Export France;EGED;EGEDVP3
EGENB01;18W000000000TXWP;EGENB01;EGENB01;1,0;Competitive suppliers;EGEN;EGENR01
EGENB02;18W000000000TZGE;EGENB02;EGENB02;1,0;Competitive suppliers;EGEN;EGENR01
EGENC01;18W-EGENC01-5--W;EGENC01;ELE GUIXES ENERGIA;3,0;Competitive suppliers;EGEN;EGENC01
EGILLOR;18W000000000NGN7;EGUILLO;EGILLOR;4,3;Hydro non UGH;CEG;HEGILLO
EGK-QP;18W000000000U0MT;EGK-QP;EGK-QP;1,0;Competitive suppliers;TGYE;TGYER01
EGLCCX1;18W000000000PUY9;PORGENC;PORT_GEN_CMPRA;9.999,0;Porfolio;EGLE;EGLCCX1
EGLCVX1;18W000000000PV00;PORGENV;PORT_GEN_VNTA;9.999,0;Porfolio;EGLE;EGLCVX1
EGLEC01;18W-EGLEC01-8--V;EGLEC01;EGLEC01;0,0;Competitive suppliers;EGLE;EGLEC01
EGLECP3;18W-EGLECP3-2--G; EGLE EX C;EGLE, EXP A FRANCIA CN DER;500,0;Import France;EGLE;EGLECP3
EGLEVP3;18W-EGLEVP3-4--4; EGLE IM C;EGLE, IMP A FRANCIA CN DER;1.400,0;Export France;EGLE;EGLEVP3
EGLEX;18W-EGLEX-869--B;EGLEX;EGLEX;2,4;Aux. Svcs. Consumption;EGLE;EGLEX
EGLPCX1;18W000000000AD5U;EGLPCX1;PORFOLIO COMPRA GENERAC;9.999,0;Porfolio;EGLE;EGLPCX1
EGLPVX1;18W000000000AD6S;EGLPVX1;PORFOLIO VENTA GENER;9.999,0;Porfolio;EGLE;EGLPVX1
EGREC01;18W000000000S53N;EGREC01;EGREC01;1,0;Competitive suppliers;EGREN;EGREC01
EGU1;18WEGU1-12345-AK;EGUILLOR 1;EGUILLOR 1;0,5;Hydro UGH;IBEG;EBRA
EGU2;18WEGU2-12345-AA;EGUILLOR 2;EGUILLOR 2;0,7;Hydro UGH;IBEG;EBRA
EGUPC01;18W000000000UB11;ES-EGSGEUP;EGSGEUP;0,0;Competitive suppliers;EGSGE;EGUPC01
EHILC01;18W000000000B3RC;HELIA UP;HELIA UP;3,0;Competitive suppliers;HELIC;EHILC01
EINDC01;18W000000000SQ6S;EINDC01;EINDC01;0,1;Competitive suppliers;EINDE;EINDC01
EINTC01;18W000000000M3ZQ;EI15 PEN;INTERSOL PENINSULA;10,0;Competitive suppliers;INSOL;EINTC01
EITOB;18WEITOB-12345-7;EITOB;EITOB;2,0;Biomass;CEG;RPUEBLA
EITOC;18WEITOC-12345-Z;EITOC;COGENERACIÓN-PUEBLA ALMORADIEL;10,0;Natural Gas Cogeneration;CEG;TEITOL
EJE2;18W000000000PZV0;EJE2;EJE2;2,0;Solar PV;GNRA;FVGNRA
EKHIC01;18W000000000QDKA;EKHINEO;EKHINEO ENERGA;1,0;Competitive suppliers;EKHIN;EKHIC01
EKIOLA;18W000000000SZ1B;EKIOLA;UF SOLAR EKIOLA;1,0;Solar PV;NEXU;FEKIOLA
EKOCMG1;18W000000000K758;EKOCMG1;18W000000000K758;25,5;Household and similar wastes;EGLE;RDAKIN
ELALAMO;18WELALAMOEOLIC8;ELALAMO;P.E. EL ALAMO;36,0;Wonshore wind;HC G;HCGSCSA
ELALC01;18W-ELALC01-6--V;ALGIMIA;ALGIMIA;0,8;Competitive suppliers;ELALG;ELALC01
ELAVC01;18W-ELAVC01-2--V;ELAVE01 CO;ELECTRA AVELLANA COMERCIAL, S.;4,0;Competitive suppliers;ELAVE;ELAVC01
ELBEC01;18W0000000003SFU;ELBEN_UP;ELECTRICA BENASQUE SL;4,0;Competitive suppliers;ELBEN;ELBEC01
ELCAC01;18W-ELCAC01-9--O;ELCAC01;ELECTRA CALDENSE ENERGÍA COMPR;1,0;Competitive suppliers;ECAL;ELCAC01
ELCAMP;18W000000000RH8I;ELCAMP;PSFV-ELCAMPILLO;3,0;Solar PV;LAUEI;FELCAMP
ELCAMPI;18W000000000SPL1;PE EL CAMP;PE EL CAMPILLO;48,8;Wonshore wind;WMARK;EELCAMP
ELCAMPO;18W000000000F5TN;EL CAMPO;PE EL CAMPO;19,8;Wonshore wind;ECYR;EEGPES
ELCAST;18W000000000NJAO;ELCAST;PE EL CASTILLO;25,2;Wonshore wind;HC G;HCGSCSA
ELCIEGO;18WELCIEGO-123-A;ELCIEGO;ELCIEGO;1,9;Hydro non UGH;EGED;HATUDEL
ELCNC01;18W-ELCNC01-1--D;ELCNC01;ELCNC01;0,2;Competitive suppliers;ELECN;ELCNC01
ELCOTO1;18W000000000QHQN;ELCOTO1;PE EL COTO;21,0;Wonshore wind;WMARK;ELCOTOR
ELEAUX;18W000000000PLU7;ELEAUX1;ELEAUX SERVICIOS AUXILIARES;5,0;Aux. Svcs. Consumption;ELEIA;ELEAUX
ELECRUR;18W000000000JK68;ELECRUR;ELECRUR;2,9;Hydro non UGH;RSPRA;HHRSPRA
ELEIC01;18W000000000F0P9;ELEIC01;ELEIA COMPRA;0,1;Competitive suppliers;ELEIA;ELEIC01
ELEKC01;18W00000000012NQ;ELEKC01;ELEKC01;0,1;Competitive suppliers;ELEK;ELEKC01
ELEPCX1;18W000000000OMC7;ELEPCX1;ELEPCX1;9.999,0;Porfolio;ELEIA;ELEPCX1
ELEPVX1;18W000000000OMD5;ELEPVX1;ELEPVX1;9.999,0;Porfolio;ELEIA;ELEPVX1
ELESC01;18W0000000007JH0;ELESU_UP;ELESU_COMPRAS;0,2;Competitive suppliers;ELESU;ELESC01
ELGALLO;18WELGALLO-123-H;ELGALLO;18WELGALLO-123-H;49,4;Wonshore wind;EGLE;ECYLEO
ELGEA;18WELGEA-1234-EQ;ELGEA;P.E. SIERRA ELGEA;26,9;Wonshore wind;IBGES;EHIBGES
ELGURKI;18WELGURKI-12-EH;ELGURKI;P.E. ELGEA-URKILLA;32,3;0;IBGES;EBHIBHV
ELIESV;18W000000000NQQ8;ELIESV;ELIESV;0,9;Solar PV;RSPRA;FFRSPRA
ELITC01;18W000000000N20L;ELIE_BIO;ELITE BIOENERGIA SL;0,0;Competitive suppliers;ELITE;ELITC01
ELIXPO;18W000000000TS4M;ELIXPO;ELIXPO;1,0;Competitive suppliers;ENDCO;ENDER01
ELLOMAY;18W000000000NQPA;ELLOMAY;18W000000000NQPA;25,6;Solar PV;EGLE;FELLOM
ELMIX;18W000000000PZYV;ELMIX;ELMIX;12,5;Solar PV;GNRA;FVMAZO
ELMOC01;18W0000000007JG2;ELMON_UP;ELMON_COMPRAS;0,2;Competitive suppliers;ELMON;ELMOC01
ELP1;18WELP1-12345-AF;PICAZO 1;EL PICAZO 1;8,3;Hydro UGH;IBEG;JUCA
ELP2;18WELP2-12345-A5;PICAZO 2;EL PICAZO 2;8,9;Hydro UGH;IBEG;JUCA
ELPINO;18WELPINO--12--K;ELPINO;P.E. EL PINO;24,6;Wonshore wind;EBLCO;EELPINO
ELPOC01;18W-ELPOC01-1--M;ELPOP;ELPOP;8,7;Competitive suppliers;ELPOP;ELPOC01
ELPOZO;18WELPOZO-1234-1;ELPOZO;ELPOZO;17,2;Natural Gas Cogeneration;DETIC;TELPOZO
ELPUERT;18W000000000RGCD;ELPUERT;UFI PE EL PUERTO;5,0;Wonshore wind;EGLE;EPERTO
ELPUEYO;18WELPUEYO-123-A;ELPUEYO;UF CH EL PUEYO;14,0;Hydro non UGH;GNRA;HPUEYO
ELRASO;18WELRASO-1234-Y;ELRASO;P. E. EL RASO;4,5;Wonshore wind;EGED;EFEGED
ELSVALE;18W000000000QZP8;ELSVALE;ELS VALENTINS;1,8;Solar PV;WMARK;FFWMARK
ELTEC01;18W000000000JT3O;ELTED;ELECTED ENERGY;1,0;Competitive suppliers;ELTED;ELTEC01
ELTOLL;18W000000000T40S;ELTOLL;ELTOLL;3,0;Solar PV;LAUEI;FELTOLL
ELTOLLO;18W000000000MQ5H;ELTOLLO;PE EL TOLLO;50,0;Wonshore wind;IGNIS;UPEBRO
ELUREST;18W000000000TFC8;ELUREST;FTV ELUR-ESTE;6,0;Solar PV;EGLE;FSOL14
ELUROES;18W000000000TFE4;ELUROES;FTV ELUR-OESTE;6,0;Solar PV;EGLE;FSOL16
ELUZC01;18W000000000KPUF;E-LUZ;E-LUZ ENERGY;1,0;Competitive suppliers;ELUZE;ELUZC01
ELV2C01;18W-ELV2C01-4--0;ELEVA2;ELEVA 2 COMERCIALIZADORA, S.L.;0,4;Competitive suppliers;ELVA2;ELV2C01
ELVAC01;18W-ELVAC01-5--Z;ELEVA UNO;ELEVA UNO;0,4;Competitive suppliers;ELVA1;ELVAC01
ELVALLE;18W000000000HBJH;EL VALLE;PE ELVALLE_VALDENAVARRO;48,5;Wonshore wind;EBLCO;EVALLE
EMASAEG;18WEMASAEG-123-S;EMASAEG;EMASA EDAR GUADALHORCE;10,0;Natural Gas Cogeneration;WMARK;TEMASA
EMB1;18WEMB1-12345-A9;EMBID R. 2;EMBID DE LA RIBERA 2;1,5;Hydro UGH;ENDG;EBRACC1
EMB2;18WEMB2-12345--L;EMBID R. 1;EMBID DE LA RIBERA 1;1,2;Hydro UGH;ENDG;EBRACC1
EMELC01;18W-EMELC01-4--P;MELIANA;MELIANA;2,5;Competitive suppliers;EMELI;EMELC01
EMESC01;18W-EMESC01-9--G;EMESA;EMILIO ESTEBAN S.A.;0,9;Market direct consumption;EMES;EMESC01
EMIAC0F;18W000000000QWE2;ENERMIA;ENERMIA COMPRA;0,1;Competitive suppliers;ENEDH;EMIAC01
EMILIAN;18WEMILIAN-123-W;EMILIAN;18WEMILIAN-123-W;1,3;Hydro non UGH;EGLE;HCALDA
EMORELL;18WEMORELL-12-D0;EMORELL;REPSOL Q. EL MORELL;39,1;Natural Gas Cogeneration;REPP;EMORELL
EMORPER;18WEMORPER-12-DQ;EMORPER;REPSOL Q. EL MORELL-PERAFOR;86,7;Natural Gas Cogeneration;REPP;EMORPER
ENABAR;18WENABAR-123--7;ENABAR;ENAGAS BARCELONA;4,3;Residual energy;AME;ENABAR
ENAGASA;18WENAGASA-123-T;ENAGASA;ENAGAS ALMENDRALEJO;6,1;0;AME;HIBENAA
ENAH;18W000000000T1Z4;ENAH;ENAH;4,5;Geothermal and Ocean;AME;GENAH
ENAMU;18W000000000HADW;ENAMU;ENAMU;14,9;Natural Gas Cogeneration;DETIC;TFENAMU
ENAQE;18W000000000QYOD;ENAQE;ENAQE;1,4;Solar PV;GNRA;FVGNRA
ENARC01;18W-ENARC01-6--T;ENARC01;ENARC01;0,2;Competitive suppliers;ENARA;ENARC01
ENC1;18WENC1-12345-AN;ENCINARJ 1;ENCINAREJO 1;4,1;Hydro UGH;ENDG;GDLQ
ENC2;18WENC2-12345-AD;ENCINARJ 2;ENCINAREJO 2;4,1;Hydro UGH;ENDG;GDLQ
ENCECP3;18W000000000PAD0;COMPRAINTE;COMPRA INTER ENCE;30,0;Import France;EENER;ENCECP3
ENCEPON;18WENCEPON-12-D2;RENCEG;GENERACION ENCE PONTEVEDRA;34,5;Biomass;ENCEG;RENCE
ENCEVP3;18W000000000PAC2;VENTAINTER;VENTA INTERENCE;30,0;Export France;EENER;ENCEVP3
ENCIC01;18W000000000PPGN;ENCIENDE;ENCIENDETENERGIA SL;1,0;Competitive suppliers;ENCIE;ENCIC01
ENCIN;18W000000000TCH7;ENCIN;ENCIN;46,5;Wonshore wind;REPSB;ECERRA2
ENCINED;18WENCINED-123-Z;ENCINED;P.E.ENCINEDO;30,0;Wonshore wind;EGED;EGREEN1
ENCINIL;18W000000000K499;ENCINIL;ENCINILLAS;23,4;Wonshore wind;IBGES;EHIBGES
ENCRISA;18WENCRISA-12-DV;ENCRISA;ENERCRISA;19,6;Natural Gas Cogeneration;EGLE;TENCRI
ENDA;18WENDA-12345-AX;ENDARLAZA;ENDARLAZA;0,2;Hydro UGH;IBEG;EBRA
ENDE01;18W-ENDE01-60--L;ENDE01;ENDE01;999,0;Competitive suppliers;ENDCO;ENDE01
ENDEC01;18W0000000006OA3;ENDEC01;ENDEC01;1,0;Competitive suppliers;ENDEE;ENDEC01
ENDEC04;18W-ENDEC04-6--O;ENDEC AND;ENDEC04;0,0;Import Andorra;ENDCO;ENDEC04
ENDGCP3;18W-ENDGCP3-1--5;ENDGCP3;ENDGCP3;0,0;Import France;ENDG;ENDGCP3
ENDGVP3;18W-ENDGVP3-8--A;ENDGVP3;ENDGVP3;1.400,0;Export France;ENDG;ENDGVP3
ENDIC01;18W000000000GAHS;ENDI ENERG;ENDI ENERGY TRADING;0,5;Competitive suppliers;ENDI;ENDIC01
ENDKC0F;18W000000000QHBG;ENDKC01;COMPRA COMERCIALIZADORA;1,0;Competitive suppliers;ENEDK;ENDKC01
ENDPC01;18W0000000006OB1;ENDPC01;ENDPC01;1,0;Competitive suppliers;ENDEP;ENDPC01
ENDRE01;18W000000000Q8FZ;REPREFVAC;REPRESENTACION AUTOCONSUMO EE;1,0;Solar PV;ENDCO;ENDRE01
ENEC01;18W000000000RG00;ENERGIA UN;ENERGIA UNICA SOLUCIONES INTEG;0,6;Competitive suppliers;ENEDG;ENEC01
ENEDC01;18W000000000PRO1;ENEDC01;ENERGIAREA EUROPE SL;1,0;Competitive suppliers;ENEDB;ENEDC01
ENEEC01;18W000000000UFIT;AL ANDALUS;ENERGA GAS AL-ANDALUS SL;1,0;Competitive suppliers;ENEEX;ENEEC01
ENEIC01;18W000000000I92G;ENERFIA;ENERFIA COMPRA;0,1;Competitive suppliers;ENEFI;ENEIC01
ENEMANS;18WBIO-ENEMANSAF;ENEMANS;ENEMANSA;16,0;Biomass;ENCEG;RENMAN
ENEPC01;18W000000000QBQ4;ENEPC01;ENERGY PLUS IBERIA SL;0,0;Competitive suppliers;ENEPL;ENEPC01
ENERAL;18WENERAL-123-D8;ENERAL;ENERALCO;8,8;Natural Gas Cogeneration;GNCO;TFGASN
ENERCOR;18W000000000IJPE;ENERCOR;UF ENERCORR;14,9;Natural Gas Cogeneration;GEMSL;TENERCO
ENERE01;18W000000000RFRN;FYIBCUR;IB CUR  ( TARIFA, FOTOVOLTAICA;0,2;Solar PV;ENEDB;ENERE01
ENERFV;18W000000000GUMW;ENERFV;ENERPARC FV;1,9;Solar PV;SHELL;SESPV04
ENERFV2;18W000000000GUZ6;ENERFV2;ENERPARC FV2;4,0;Solar PV;SHELL;SESPV04
ENERFV3;18W000000000GV1Y;ENERFV3;ENERPARC FV3;4,0;Solar PV;SHELL;SESPV04
ENERFV4;18W000000000GV2W;ENERFV4;ENERPARC FV4;10,0;Solar PV;SHELL;SESPV05
ENERLAN;18W000000000RI2R;ENER;ENERLAN;2,0;Solar PV;GESTE;FENERLN
ENERPOR;18WENERPOR-123-N;ENERPOR;18WENERPOR-123-N;5,0;Natural Gas Cogeneration;EGLE;TEPCSA
ENERS;18W000000000QZ5B;ENERS;ENERS;10,0;Solar PV;GNRA;FVGNRA
ENESC01;18W000000000QB91;UP COMER;UP ESOLARTECH COMER;0,1;Competitive suppliers;ENEST;ENESC01
ENETC01;18W000000000R2DG;ENETC01;ENETC01;1,0;Competitive suppliers;ENETI;ENETC01
ENEXC0F;18W000000000QINQ;ENEXC01;COMPRA COMERCIALIZADORA;1,0;Competitive suppliers;ENEXS;ENEXC01
ENEYC01;18W000000000KBJ5;ECO2;ECO2 PENINSULA;0,1;Competitive suppliers;ENERY;ENEYC01
ENFDC01;18W000000000H899;ENFDC01;ENFDC01;40,0;Market direct consumption;ENUFR;ENFDC01
ENGLC01;18W000000000QZME;ENGLC01;ENGEL COMERCIALIZADORA;0,1;Competitive suppliers;ENGEL;ENGLC01
ENIX;18WENIX-12345--T;ENIX;P. E. DE ENIX;13,2;Wonshore wind;ECYR;EEGPEM
ENMEC01;18W0000000001V1K;EDM;ENERGIAS DEL MEDITERRANEO;0,1;Competitive suppliers;ENMED;ENMEC01
ENMEV01;18W000000000SFBE;ENMEV01;MENOS DE 1 MW;0,6;Hydro non UGH;ENMED;ENMEV01
ENP1;18WENP1-12345-AS;ENTREPEÑ 1;ENTREPEÑAS 1;20,3;Hydro UGH;GNFG;UFTA
ENP2;18WENP2-12345-AI;ENTREPEÑ 2;ENTREPEÑAS 2;20,4;Hydro UGH;GNFG;UFTA
ENPEC01;18W-ENPEC01-2--C;ENERPLUS;ENERPLUS ENERGIA, S.A.;0,1;Competitive suppliers;ENPEN;ENPEC01
ENPHC01;18W000000000P9T8;ENPHC01;ENPHC01;0,2;Market direct consumption;ENPHA;ENPHC01
ENRKC01;18W000000000TJFR;EKORE ADQ;EKORE ADQ;0,1;Competitive suppliers;EKORE;ENRKC01
ENRNC01;18W000000000MM7P;ENRNC01;ENRNC01;0,1;Competitive suppliers;ENRNV;ENRNC01
ENRPC01;18W-ENRPC01-8--H;ENRPC01;ENERPLUS SOCIEDAD COOPERATIVA;0,1;Competitive suppliers;ENERP;ENRPC01
ENSAC01;18W-ENSAC01-2--I;ENERGYSAVE;ENERGYSAVE PROJECTS S.L.;4,0;Competitive suppliers;ENSAV;ENSAC01
ENSOAN;18W000000000TVCY;ENSOAN;ENSOAN;1,0;Competitive suppliers;SHELL;SESAR01
ENSRR01;18W000000000TZHC;ENSRR01;ENSRR01;1,0;Competitive suppliers;ENUFR;ENSRR01
ENTRED;18WENTRED-123-EH;ENTREDICHO;P. E. ENTREDICHO;36,0;Wonshore wind;IBGES;EHIBGES
ENUFB1;18W000000000GYGW;ENUFB1;ENUFB1;16,9;Natural Gas Cogeneration;ENUFR;ENUFRV1
ENUFB11;18W000000000PPZM;LA RASA 1;LA RASA 1;1,0;Solar PV;ENUFR;ENUFV12
ENUFB12;18W000000000QW5K;ENUFB12;POAL FOTOVOLTAICA;2,0;Solar PV;ENUFR;ENUFV14
ENUFB13;18W000000000QW7G;ENUFB13;NUFRI SOLAR;1,8;Solar PV;ENUFR;ENUFV15
ENUFB14;18W000000000R2UJ;ENUFB14;CASTELLANA;3,0;Solar PV;ENUFR;ENUFV16
ENUFB16;18W000000000RVRC;ENUFB16;MAS ROIG;5,4;Solar PV;ENUFR;ENUFV18
ENUFB2;18W000000000GYKO;ENUFB2;ENUFB2;8,0;Biogas;ENUFR;ENUFRV5
ENUFB3;18W000000000GYMK;ENUFB3;ENUFB3;2,0;Biomass;ENUFR;ENUFRV6
ENUFB4;18W000000000GYV2;ENUFB4;ENUFB4;10,0;Natural Gas Cogeneration;ENUFR;ENUFRV1
ENUFB5;18W000000000GYW0;ENUFB5;ENUFB5;10,0;Natural Gas Cogeneration;ENUFR;ENUFV10
ENUFB7;18W000000000NKED;ENUFB7;LA JARA I;5,4;Solar PV;ENUFR;ENUFRV9
ENUFB8;18W000000000P9X0;LA JARA 2;LA JARA 2;5,3;Solar PV;ENUFR;ENUFV11
ENUFC01;18W0000000005CLL;ENUFRI;ENERGIA NUFRI SLU;0,5;Competitive suppliers;ENUFR;ENUFC01
ENUFRV4;18W000000000H76I;HYCEG;VIRGEN DE LAS VIÑAS;0,3;Hydro non UGH;ENUFR;ENUFRV4
ENUFRV8;18W000000000N8QP;FYNEXU;FYNEXU;3,5;Solar PV;ENUFR;ENUFRV8
ENUPCX1;18W000000000OGDN;ENUPCX1;ENUPCX1;9.999,0;Porfolio;ENUFR;ENUPCX1
ENUPVX1;18W000000000OGEL;ENUPVX1;ENUPVX1;9.999,0;Porfolio;ENUFR;ENUPVX1
ENVEC01;18W000000000JY55;ENERVER;ENERVER ENERGIA;1,0;Competitive suppliers;ENVER;ENVEC01
ENVIL;18W000000000B0F8;UF ENVIL;UF VILLANUEVA DE LA JARA II;3,0;Wonshore wind;GNRA;EFGNRA
ENXXC01;18W000000000P9OI;ENXXC01;ENXXC01;0,3;Market direct consumption;ENTXX;ENXXC01
ENZIC01;18W000000000L3C2;UP_ENEAC;UP_ZINQUETA;0,1;Competitive suppliers;ENEAC;ENZIC01
EOALP10;18W000000000U6AZ;EOALP10;EOALP10;48,6;Wonshore wind;HISPE;EALP10
EOALP11;18W000000000U6BX;EOALP11;EOALP11;48,1;Wonshore wind;HISPE;EALP11
EOALP12;18W000000000U6CV;EOALP12;EOALP12;21,6;Wonshore wind;HISPE;EALP12
EOALP13;18W000000000U6DT;EOALP13;EOALP13;30,0;Wonshore wind;HISPE;EALP13
EOALP14;18W000000000U80C;EOALP14;EOALP14;40,5;Wonshore wind;HISPE;EALP14
EOALP15;18W000000000U81A;EOALP15;EOALP15;33,6;Wonshore wind;HISPE;EALP15
EOALP16;18W000000000U828;EOALP16;EOALP16;3,0;Wonshore wind;HISPE;EALP16
EOALP18;18W000000000U844;EOALP18;EOALP18;4,3;Wonshore wind;HISPE;EALP18
EOALP19;18W000000000U925;EOALP19;EOALP19;8,6;Wonshore wind;HISPE;EALP18
EOALP4;18W000000000U5XT;EOALP4;EOALP4;10,0;Wonshore wind;HISPE;EALP4
EOALP5;18W000000000U5YR;EOALP5;EOALP5;30,0;Wonshore wind;HISPE;EALP5
EOALP6;18W000000000U5ZP;EOALP6;EOALP6;30,0;Wonshore wind;HISPE;EALP6
EOALP7;18W000000000U63C;EOALP7;EOALP7;49,4;Wonshore wind;HISPE;EALP7
EOALP8;18W000000000U64A;EOALP8;EOALP8;22,8;Wonshore wind;HISPE;EALP8
EOALP9;18W000000000U658;EOALP9;EOALP9;48,6;Wonshore wind;HISPE;EALP9
EOLBP;18W000000000TF2S;EOLBP;EOLBP;2,0;Offshore wind;GNRA;EFGNRAM
EOLPOP;18W0000000008NGN;EOLP;EOLICA VIURE;2,7;Wonshore wind;GESTE;EYOLPOP
EONUC01;18W-EONUC01-1--T;EONUC01;EONUC01;255,0;Suppliers of last resort;EONUR;EONUC01
EOP2C01;18W-EOP2C01-4--R;EOP;EOP;1,5;Competitive suppliers;EOP20;EOP2C01
EOPOLEO;18W000000000QQ51;POLEO;ELPOLEO;48,5;Wonshore wind;GESTE;ELPOLEO
EPACC01;18W000000000JQUG;EPACC01;EPACC01;0,1;Competitive suppliers;EPAC;EPACC01
EPARAMO;18WEPARAMO-123-U;EPARAMO;EPARAMO;24,0;Wonshore wind;EBLCO;EEPARAM
EPEEXXI;18W-EPEEXXI-1--A;EPEEXXI;END CUR  ( EÓLICA, PRUEBAS);0,0;Wonshore wind;EEXXI;EPEEXXI
EPEONUR;18W-EPEONUR-3--X;EPEONUR;E.ON CUR ( EÓLICA, PRUEBAS);0,0;Wonshore wind;EONUR;EPEONUR
EPFV1;18WEPFV1-12345-N;SUNPROSOL1;SUNPRO SOLAR 1;1,8;Solar PV;GNRA;FVGNRA
EPFV2;18WEPFV2-12345-E;SUNPROSOL2;SUNPRO SOLAR 2;1,5;Solar PV;GNRA;FVGNRA
EPHCCUR;18W-EPHCCUR-1--M;EPHCCUR;HC CUR ( EÓLICA, PRUEBAS);0,0;Wonshore wind;HCCUR;EPHCCUR
EPIBCUR;18W-EPIBCUR-4--9;EPIBCUR;IB CUR  ( EÓLICA, PRUEBAS);0,0;Wonshore wind;IBCUR;EPIBCUR
EPICASA;18WEPICASA-123-V;EPICASA;18WEPICASA-123-V;6,8;Natural Gas Cogeneration;EGLE;TRODON
EPILC01;18W000000000MMUG;EPILC01;EPILC01;0,5;Market direct consumption;EPILA;EPILC01
EPRSC01;18W-EPRSC01-8--5;EPRSC01;EPRSC01;9.999,0;Competitive suppliers;EPRSA;EPRSC01
EPSTO;18W000000000LNRN;EPSTO;EPSTO;2,0;Wonshore wind;GNRA;EFGNRA
EPT1;18WEPT1-12345-AY;ESPOT 1;ESPOT 1;4,8;Hydro UGH;ENDG;EBRFEN
EPT2;18WEPT2-12345-AO;ESPOT 2;ESPOT 2;4,8;Hydro UGH;ENDG;EBRFEN
EPU50UF;18W000000000FFJD;EPU50UF;UNIDAD FISICA ENCE PUERTOLLANO;50,0;Biomass;PU100;EPU50
EQUAC01;18W000000000UIJI;EQUAC01;COMPRA COMERCIALIZADORA;1,0;Competitive suppliers;EQUAN;EQUAC01
EQUEB;18W000000000PU4W;EQUEB;EQUEB;4,5;Wonshore wind;GNRA;EFGNRA
ERADELP;18WERADELP-123-0;ERADELP;P.E. ERA DEL PICO;11,9;Wonshore wind;HC G;HCGSCSA
ERAPR;18W000000000UDKV;ERAPR;ERAPR;3,5;Solar PV;GNRA;FVGNRA
ERARSAM;18WERARSAM-12-DC;ERARSAM;COGENER. E.R.A.R. SUR MADRID (;24,1;Natural Gas Cogeneration;GNRA;TBOREME
ERASB;18W000000000ISQM;ERASB;ERAS BONETE;5,0;Wonshore wind;WMARK;EFWMARK
ERBIX;18W000000000TTRA;ERBIX;ERBIX;1,9;Solar PV;GNRA;UPSON3
ERCR01;18W000000000QO57;ERCR01;ERCR01;1,0;Competitive suppliers;ENDCO;ENDER01
ERCR02;18W000000000QO65;ERCR02;ERCR02;1,0;Competitive suppliers;ENDCO;ENDER01
ERENC01;18W000000000FYB9;ERENC01;ENDESA ENERGIA RENOVABLE;0,0;Competitive suppliers;EEREN;ERENC01
ERESMA;18WERESMA-1234-H;ERESMA;HORNILLOS DE ERESMA;14,6;Natural Gas Cogeneration;COGEN;TIGERE
ERGON;18W000000000TBCK;ERGON;UF SOLAR ERGON;1,1;Solar PV;NEXU;FERGON
ERI1;18WERI1-12345-AK;ERISTE 1;ERISTE 1;44,0;Hydro UGH;ENDG;EBRACC1
ERI2;18WERI2-12345-AA;ERISTE 2;ERISTE 2;43,6;Hydro UGH;ENDG;EBRACC1
ERIAV;18W000000000S6B4;ERIAV;ERIAV;5,0;Solar PV;GNRA;UPERI
EROUCP3;18W-EROUCP3-1--L;EROUTE;ELECTROROUTE ENERGY TRADING LI;50,0;Import France;EROUT;EROUCP3
EROUVP3;18W-EROUVP3-3--9;EROUT;ELECTROROUTE ENERGY TRADING LI;50,0;Export France;EROUT;EROUVP3
ERPCC01;18W000000000Q9IQ;UP COMPRA;UP COMPRA ENERGETICA;5,0;Competitive suppliers;ENEDJ;ERPCC01
ERPCFV1;18W000000000R4DA;FYEFG;FYEFG;2,0;Solar PV;ENEDJ;ERPCFV1
ERPCHI1;18W000000000SK77;HYDETIC;DETIC (TARIFA,NO EXENTO,HID.);0,8;Hydro non UGH;ENEDJ;ERPCHI1
ERRADO2;18WERRADO2-123-Q;ERRADO2;18WERRADO2-123-Q;30,0;Solar thermal;EGLE;STUBOS
ERUELA;18W000000000SQCG;ER;UF SOLAR ERUELA;1,2;Solar PV;NEXU;FERUELA
ES-AGRE;18W000000000U0NR;ES-AGRE;ES-AGRE;1,0;Competitive suppliers;TGYE;TGYER01
ES-AGRZ;18W000000000U0F6;ES-AGRZ;ES-AGRZ;1,0;Competitive suppliers;TGYE;TGYER01
ES-AI83;18W000000000QQK8;ES-AI83;ES-AI83;1,0;Competitive suppliers;FORTI;FORTR01
ES-AIMA;18W000000000QQQX;ES-AIMA;ES-AIMA;1,0;Competitive suppliers;FORTI;FORTR01
ES-AISA;18W000000000QQRV;ES-AISA;ES-AISA;1,0;Competitive suppliers;FORTI;FORTR01
ES-ANTX;18W000000000TZJ8;ES-ANTX;ES-ANTX;1,0;Competitive suppliers;GNCO;GNCOR01
ES-ARA;18W000000000TZ09;ES-ARA;ES-ARA;1,0;Competitive suppliers;EGLE;AXPOR01
ES-ARCH;18W000000000P2BS;ES-ARCH;18W000000000P2BS;7,0;Solar PV;EGLE;FANPU
ES-ARML;18W000000000QKU6;ES-ARML;ES-ARML;1,0;Competitive suppliers;GALP;GALPR01
ES-AT79;18W000000000PVDB;ES-AT79;ES-AT79;1,0;Competitive suppliers;FORTI;FORTR01
ES-AVI;18W000000000U0AG;ES-AVI;ES-AVI;1,0;Competitive suppliers;TGYE;TGYER01
ES-BOLU;18W000000000Q2OZ;UF BOLU;UF BOLU;4,2;Hydro non UGH;GEMSL;ES-HCAB
ES-BOND;18W000000000QNXS;ES-BOND;ES-BOND;1,0;Competitive suppliers;EDPCL;EDPCR01
ES-BOO;18W000000000QOR0;ES-BOO;ES-BOO;1,0;Competitive suppliers;CENTE;EVMER01
ES-CEFI;18W000000000QPO3;ES-CEFI;ES-CEFI;1,0;Competitive suppliers;EDPCL;EDPCR01
ES-CLOS;18W000000000QJD6;ES-CLOS;ES-CLOS;11.200,0;Market direct consumption;GUIS;GUISR01
ES-CM96;18W000000000QQN2;ES-CM96;ES-CM96;1,0;Competitive suppliers;FORTI;FORTR01
ES-COVE;18W000000000QNYQ;ES-COVE;ES-COVE;1,0;Competitive suppliers;EDPCL;EDPCR01
ES-CUKX;18W000000000TYYI;ES-CUKX;ES-CUKX;1,0;Competitive suppliers;EGLE;AXPOR01
ES-CUPF;18W000000000TYXK;ES-CUPF;ES-CUPF;1,0;Competitive suppliers;EGLE;AXPOR01
ES-DXAT;18W000000000S1RO;ES-DXAT;ES-DXAT;1,0;Competitive suppliers;GNCO;GNCOR01
ES-DXBA;18W000000000S1QQ;ES-DXBA;ES-DXBA;1,0;Competitive suppliers;GNCO;GNCOR01
ES-DXTE;18W000000000S1PS;ES-DXTE;ES-DXTE;1,0;Competitive suppliers;GNCO;GNCOR01
ES-ERCR;18W000000000QOEQ;ES-ERCR;ES-ERCR;1,0;Competitive suppliers;GNCO;GNCOR01
ES-FGNE;18W000000000PY7E;MAZARRON F;MAZARRPON FISICA;4,5;Solar PV;ISMSL;ES-FGEN
ES-FINV;18W000000000PW5O;UFMAYA;UFMAYA;2,7;Solar PV;ISMSL;ES-FINV
ES-FROC;18W000000000Q0EO;UFROCIO 3;ROLWIND HUELVA 3 SLU;19,0;Solar PV;IGNIS;UPROCI3
ES-HFAS;18W000000000Q0KC;HFASIET;ES-HFASIETORRII;1,0;Hydro non UGH;ASIE;HFASIE
ES-HOCS;18W000000000S56H;ES-HOCS;ES-HOCS;1,0;Competitive suppliers;FORTI;FORTR01
ES-JERE;18W000000000QK4L;ES-JERE;ES-JERE;1,0;Competitive suppliers;EGLE;AXPOR01
ES-KIM;18W000000000S3E7;ES-KIM;ES-KIM;1,0;Competitive suppliers;TGYE;TGYER01
ES-LE48;18W000000000QQPZ;ES-LE48;ES-LE48;1,0;Competitive suppliers;FORTI;FORTR01
ES-LG08;18W000000000QQO0;ES-LG08;ES-LG08;1,0;Competitive suppliers;FORTI;FORTR01
ES-LIN;18W000000000U0G4;ES-LIN;ES-LIN;1,0;Competitive suppliers;TGYE;TGYER01
ES-LINA;18W000000000TYZG;ES-LINA;ES-LINA;1,0;Competitive suppliers;EGLE;AXPOR01
ES-LLEI;18W000000000QJE4;ES-LLEI;ES-LLEI;4.150,0;Market direct consumption;GUIS;GUISR01
ES-MIRA;18W000000000PPO7;MIRANDA;LA MIRANDA;6,2;Solar PV;ADXRE;MIRAN01
ES-MONZ;18W000000000QOP4;ES-MONZ;ES-MONZ;1,0;Competitive suppliers;CENTE;EVMER01
ES-NAT;18W000000000S4G0;ES-NAT;ES-NAT;1,0;Competitive suppliers;GALP;GALPR01
ES-OBML;18W000000000QKYZ;ES-OBML;ES-OBML;1,0;Competitive suppliers;GALP;GALPR01
ES-ORFI;18W000000000QPM7;ES-ORFI;ES-ORFI;1,0;Competitive suppliers;EDPCL;EDPCR01
ES-PAFI;18W000000000QPP1;ES-PAFI;ES-PAFI;1,0;Competitive suppliers;EDPCL;EDPCR01
ES-PLLA;18W000000000Q6JX;PLLANO1;PUERTOLLANO CENTRAL 1;2,2;Solar PV;ADXRE;PLLANO
ES-PRO;18W000000000U0BE;ES-PRO;ES-PRO;1,0;Competitive suppliers;TGYE;TGYER01
ES-RAFI;18W000000000QPN5;ES-RAFI;ES-RAFI;1,0;Competitive suppliers;EDPCL;EDPCR01
ES-REA;18W000000000P1YM;REA;REA;40,7;Wonshore wind;HISPE;EREA
ES-RESI;18W000000000TYWM;ES-RESI;ES-RESI;1,0;Competitive suppliers;EGLE;AXPOR01
ES-RUBI;18W000000000QK3N;ES-RUBI;ES-RUBI;1,0;Competitive suppliers;EGLE;AXPOR01
ES-SABO;18W000000000QOQ2;ES-SABO;ES-SABO;1,0;Competitive suppliers;CENTE;EVMER01
ES-SAFI;18W000000000QPRY;ES-SAFI;ES-SAFI;1,0;Competitive suppliers;EDPCL;EDPCR01
ES-SAI2;18W000000000S4E4;ES-SAI2;ES-SAI2;1,0;Competitive suppliers;GALP;GALPR01
ES-SAI3;18W000000000S4F2;ES-SAI3;ES-SAI3;1,0;Competitive suppliers;GALP;GALPR01
ES-SAI4;18W000000000U6ER;ES-SAI4;ES-SAI4;1,0;Competitive suppliers;GALP;GALPR01
ES-SANC;18W000000000QT6R;ES-SANC;PE ACAMPO SANCHO;19,8;Wonshore wind;HC G;HCGSIHA
ES-SEML;18W000000000QKX0;ES-SEML;ES-SEML;1,0;Competitive suppliers;GALP;GALPR01
ES-SGRM;18W000000000QKW2;ES-SGRM;ES-SGRM;1,0;Competitive suppliers;GALP;GALPR01
ES-SIDE;18W000000000TZIA;ES-SIDE;ES-SIDE;1,0;Competitive suppliers;GNCO;GNCOR01
ES-TJV;18W000000000U0DA;ES-TJV;ES-TJV;1,0;Competitive suppliers;TGYE;TGYER01
ES-TXML;18W000000000QKV4;ES-TXML;ES-TXML;1,0;Competitive suppliers;GALP;GALPR01
ES-UFBR;18W000000000P3YG;PSBRUC;PS HUELVA 2021 BRUC;40,9;Solar PV;IGNIS;BRUC
ES-UNDU;18W000000000Q2K6;UF UNDU;UF UNDU;2,5;Hydro non UGH;GEMSL;ES-HCAB
ESBUC01;18W0000000007NWW;ESBUC01;ESBUC01;0,1;Market direct consumption;ESBUS;ESBUC01
ESC6TG1;18WESC6TG1-12-CL;ESC6TG1;C.T.C.C.ESCOMBRERAS(TURB.GAS1);259,2;Combined Cycle GT;IBGT;ESC6
ESC6TG2;18WESC6TG2-12-CE;ESC6TG2;C.T.C.C.ESCOMBRERAS(TURB.GAS2);265,5;Combined Cycle GT;IBGT;ESC6
ESC6TV;18WESC6TV-123-C5;ESC6TV;C.T.C.C.ESCOMBRERAS(T.VAPOR);290,9;Combined Cycle GT;IBGT;ESC6
ESCALER;18WLAESCALERETAI;ESCALER;P.E. LA ESCALERETA;5,8;Wonshore wind;HC G;HCGSCSA
ESCALN2;18W000000000L2PG;CAL2;ESCAL2;3,6;Solar PV;GESTE;FSCALN2
ESCALNI;18W000000000HTZ5;SCALNIT;SLNATA;4,7;Solar PV;GESTE;FESCALN
ESCALON;18WESCALON-12-EG;ESCALÓN;PARQUE EÓLICO ESCALÓN;30,0;Wonshore wind;IBGES;EHIBGES
ESCAND;18WESCAND-1234-Q;ESCANDELLA;ESCANDELLA COGEN;6,5;Natural Gas Cogeneration;LMER;ESCANDE
ESCANDO;18WESCANDO-123-N;ESCANDO;P.E. PUERTO ESCANDÓN;26,0;Wonshore wind;IGNIS;UPJALON
ESCANOR;18W000000000RD8U;ESCANOR;ESCALONILLA NORTE;4,7;Solar PV;WMARK;FVESCAN
ESCARF;18WESCARF-123-A4;ESCARRA;ESCARRA;6,2;Hydro non UGH;EGED;HEALTOG
ESCASUR;18W000000000REXE;ESCASUR;ESCALONILLA SUR;4,7;Solar PV;WMARK;FVESCAS
ESCCC1;18WESCCC1-123-C5;ESCCC1;ESCCC1;402,6;Combined Cycle GT;CARTA;ESCCC1
ESCCC1X;18W-ESCCC1X-9--Q;ESCCC1X;ESCCC1X;8,0;Aux. Svcs. Consumption;CARTA;ESCCC1X
ESCCC2;18WESCCC2-123-CY;ESCCC2;ESCCC2;401,3;Combined Cycle GT;CARTA;ESCCC2
ESCCC2X;18W-ESCCC2X-2--A;ESCCC2X;ESCCC2X;8,0;Aux. Svcs. Consumption;CARTA;ESCCC2X
ESCCC3;18WESCCC3-123-CQ;ESCCC3;ESCCC3;395,2;Combined Cycle GT;CARTA;ESCCC3
ESCCC3X;18W-ESCCC3X-6--O;ESCCC3X;ESCCC3X;8,0;Aux. Svcs. Consumption;CARTA;ESCCC3X
ESCEPAR;18WESCEPAR-123-5;ESCEPAR;P.E.EL ESCEPAR 1ª FASE;60,8;0;EGED;EGREEN2
ESCUCHA;18WESCUCHA-12-E7;ESCUCHA;ESCUCHA;28,3;Wonshore wind;ECYR;EREGPEM
ESCURRI;18WESCURRI-12-EW;ESCURRI;P. E. ESCURRILLO;49,5;Wonshore wind;IBGES;EDRIBGE
ESDOC01;18W000000000I6QE;ESDOMO;ESDOMO ENERGIA SL;1,0;Competitive suppliers;ESDOM;ESDOC01
ESE;18WESE-123456-EG;ESE;18WESE-123456-EG;1,6;Wonshore wind;EGLE;EFONTA
ESEGC01;18W000000000TENQ;UP_SEGE;UP_SEGE;1,0;Competitive suppliers;SOCIN;ESEGC01
ESERC01;18W-ESERC01-4--G;ESERC01;ESERC01;0,0;Competitive suppliers;ESERO;ESERC01
ESHAC01;18W000000000HAJK;HANWHA;HANWHA ENERGY RETAIL SPAIN SLU;1,0;Competitive suppliers;ESHAN;ESHAC01
ESHIC0F;18W000000000QWD4;ESHIC01;EVERSHINING ENERGY;1,0;Competitive suppliers;ESHIN;ESHIC01
ESJOAN;18WESJOAN-1234-V;ESJOAN;SANT JOAN;6,0;Natural Gas Cogeneration;EBLCO;TESJOAN
ESL1;18WESL1-12345-AC;ESCALES 1;ESCALES 1;12,0;Hydro UGH;ENDG;EBRFEN
ESL2;18WESL2-12345-A2;ESCALES 2;ESCALES 2;11,9;Hydro UGH;ENDG;EBRFEN
ESL3;18WESL3-12345-AT;ESCALES 3;ESCALES 3;11,9;Hydro UGH;ENDG;EBRFEN
ESLA;18WESLA-12345--I;COGEN ESLA;COGEN ESLA;3,8;Natural Gas Cogeneration;LMER;ESLA
ESP1;18WESP1-12345-A5;ESPINOSA;ESPINOSA;7,9;Hydro UGH;GNFG;UFGC
ESPARTA;18WESPARTA-12--B;ESPARTA;ESPARTA;6,0;Wonshore wind;IBGES;EHIBGES
ESPERAN;18WESPERAN-123-K;ESPERAN;P.E. LA ESPERANZA;30,0;Wonshore wind;EGED;EGREEN1
ESPET;18W000000000T60M;ESPET;ESPET;2,0;Solar PV;GNRA;FVGNRA
ESPINA;18WESPINA-1234-C;ESPINA;P.E. ESPINA;18,0;Wonshore wind;GNCO;EGASNE0
ESPINO;18WESPINO-1234-B;ESPINO;P. E. LLANO DEL ESPINO;51,9;Wonshore wind;EGED;EGREEN1
ESPUNAC;18W000000000OGO1;ESPUNAC;ESPUNAC;1,0;Natural Gas Cogeneration;DETIC;COGESPU
ESQUIL;18W000000000U3PE;ESQUILEO;ESQUILEO;46,8;Wonshore wind;RENSP;ESQUI
ESSALLO;18W000000000S3BD;ESSALLO;ESSALLO;1,0;Competitive suppliers;EGLE;AXPOR01
EST1;18WEST1-12345-AZ;S.ESTEBA 1;SAN ESTEBAN 1;63,9;Hydro UGH;IBEG;SIL
EST2;18WEST2-12345-AP;S.ESTEBA 2;SAN ESTEBAN 2;63,8;Hydro UGH;IBEG;SIL
EST21;18WEST21-12345-C;S.EST IIG1;SAN ESTEBAN II G1;185,3;Hydro UGH;IBEG;SIL
EST3;18WEST3-12345-AF;S.ESTEBA 3;SAN ESTEBAN 3;62,7;Hydro UGH;IBEG;SIL
EST4;18WEST4-12345-A5;S.ESTEBA 4;SAN ESTEBAN 4;62,5;Hydro UGH;IBEG;SIL
EST5;18WEST5-12345-AW;S.ESTEBA 5;SAN ESTEBAN 5;0,5;Hydro UGH;IBEG;SIL
EST6;18WEST6-12345-AM;S.ESTEBA 6;SAN ESTEBAN 6;0,2;Hydro UGH;IBEG;SIL
ESTACIO;18W000000000PVOQ;ESTACION;UF SOLAR LA ESTACION;30,0;Solar PV;NEXU;FESTACN
ESTE;18WESTE-123456-H;ESTEVE;ESTEVE;1,9;Natural Gas Cogeneration;LMER;ESTEVE
ESTEC01;18W000000000Q8RB;ELTE COMPR;ELTE COMPRA;1,0;Competitive suppliers;ELTES;ESTEC01
ESTELLE;18WESTELLE-12-DQ;ESTELLE;CARNES ESTELLES;1,5;Natural Gas Cogeneration;ESTEL;TESTEL
ESTGU;18W000000000G1P2;ESTGU;ESTGU;3,0;Wonshore wind;GNRA;EFGNRA
ESVALLS;18W000000000S3CB;ESVALLS;ESVALLS;1,0;Competitive suppliers;EGLE;AXPOR01
ETEVB;18W000000000QK0T;ETEVB;ETEVB;5,5;Solar PV;GNRA;UPETE
ETNEC01;18W000000000K32Q;ETNER;ETER ENERGIA;1,0;Competitive suppliers;ETNER;ETNEC01
ETO1;18WETO1-12345-A4;TORCIDO;EL TORCIDO;0,7;Hydro UGH;BARER;ETO1
ETOQE;18W000000000QXXZ;ETOQE;ETOQE;1,6;Solar PV;GNRA;FVGNRA
ETR1;18WETR1-12345-A8;ESTERRI 1;ESTERRI 1;9,3;Hydro UGH;ENDG;EBRFEN
ETR2;18WETR2-12345-AZ;ESTERRI 2;ESTERRI 2;8,9;Hydro UGH;ENDG;EBRFEN
ETR3;18WETR3-12345-AP;ESTERRI 3;ESTERRI 3;9,2;Hydro UGH;ENDG;EBRFEN
ETRIX;18W000000000TV0L;ETRIX;ETRIX;2,0;Solar PV;GNRA;UPSON4
ETSOC01;18W-ETSOC01-1--F;ETSOC01;ETSOC01;0,1;Competitive suppliers;ETSOL;ETSOC01
EUGENI1;18WEUGENI1-12--B;EUGENI1;SANTA EUGENIA 1;49,1;Hydro non UGH;IGNIS;HXAL1
EUGENI2;18WEUGENI2-123-T;EUGENI2;SANTA EUGENIA 2;49,1;Hydro non UGH;IGNIS;HXAL1
EUGUI;18W000000000NGM9;EUGUI;EUGUI;1,8;Hydro non UGH;CEG;HEUGI
EULALIA;18WEULALIA-12-A3;EULALIA;EULALIA;9,5;Hydro non UGH;IBGES;HFIBGES
EUM1;18WEUM1-12345-AE;EUME 1;EUME 1;26,7;Hydro UGH;ENDG;SBEU
EUM2;18WEUM2-12345-A4;EUME 2;EUME 2;26,7;Hydro UGH;ENDG;SBEU
EUROAT;18W000000000OTL5;EUROAT;EUROAT;7,0;Market direct consumption;WMARK;EUCDR01
EUROATO;18WEUROATO-123-G;EUROATO;EUROATOMIZADOS;9,9;Natural Gas Cogeneration;WMARK;TEUROAT
EUROPAC;18WEUROPAC-123-6;EUROPAC;EUROPAC;34,9;Natural Gas Cogeneration;EGLE;TPYSA
EVERS1;18W000000000S2F8;EVERS1;EVERS1;1,0;Competitive suppliers;ENDCO;ENDER01
EVERS2;18W000000000S2G6;EVERS2;EVERS2;1,0;Competitive suppliers;ENDCO;ENDER01
EVIROCA;18W000000000RSY7;EVIROCA;EVIROCA;1,3;Solar PV;RSPRA;FFRSPRA
EVIVC01;18W0000000001KYO;UP E_VIVA;UP ENERGA VIVA SPAIN;0,5;Competitive suppliers;EVIVA;EVIVC01
EVIVV01;18W000000000R1BN;EVIVV01;EVIVA VENTA;0,1;Solar PV;EVIVA;EVIVV01
EVOPO;18W000000000N08B;EVOPO;EVOPO;1,9;Solar PV;VITEC;FVITEC2
EXISC01;18W000000000U8XK;EXISC01;EXISC01;0,2;Market direct consumption;EXISC;EXISC01
EXPAL;18WEXPAL-12345-W;EXPAL;AERA EXPERIMENTAL PEÑABLANCA;3,0;Wonshore wind;EGED;EGREEN
EXPC01;18W000000000R8U1;EXPC01;EXPC01;0,6;Market direct consumption;EXPOC;EXPC01
EXTGAL;18W000000000TS6I;EXTGAL;EXTGAL;1,0;Competitive suppliers;ENDCO;ENDER01
EXTRA;18W000000000O2XP;EXTRA;UF EXTRAGOL;9,1;Biomass;COGEN;REXTRA
EXTRE3C;18W000000000SN0C;EXTRE3C;UFI COMPRA BATERIA EXTREM3;2,2;Storage buy;EGED;FVHIBRC
EXTRE3F;18W000000000TNXG;EXTRE3F;UFI VENTA FV EXTREM3;19,7;0;EGED;FVHIBRV
EXTRE3G;18W000000000SMZJ;EXTRE3G;UFI VENTA BATERIA;2,1;0;EGED;FVHIBRV
EXTREM1;18W000000000P8E4;EXTREM1;EXTREMADURA I;49,5;Solar PV;EGED;FVGREEN
EXTREM2;18W000000000ONGX;EXTREM2;EXTREMADURA II;49,5;Solar PV;EGED;FVGREEN
EXTTRA;18W000000000TS5K;EXTTRA;EXTTRA;1,0;Competitive suppliers;ENDCO;ENDER01
EXVEDA;18WEXVEDA-1234-G;VEDADILLO;AREA EXPERIMENTAL VEDADILLO;9,0;Wonshore wind;EGED;EGREEN
EXVESTA;18WEXVESTA-123-9;EXVESTA;18WEXVESTA-123-9;3,0;Wonshore wind;EGLE;EPROTO
EYCEC01;18W000000000B4A6;EYCEC01;EYCEC01;0,1;Competitive suppliers;EYCE1;EYCEC01
EYEEXXI;18W-EYEEXXI-3--E;EYEEXXI;END CUR  ( TARIFA, EÓLICA, NO;45,0;Wonshore wind;EEXXI;EYEEXXI
EYEFG;18W-EYEFG7136--N;EYEFG;CERRO ATALAYA;0,2;Wonshore wind;EFG;EYEFG
EYEGLE;18W-EYEGLE-65--0;EYEGLE;EGLE (EÓLICA,TARIFA,NO EXENTO);1,5;Wonshore wind;EGLE;EYEGLE
EYEONUR;18W-EYEONUR-7--T;EYEONUR;E.ON CUR ( TARIFA, EÓLICA, NO;0,0;Wonshore wind;EONUR;EYEONUR
EYGESTE;18W-EYGESTE-2--G;EYGESTE;EYGESTE;0,7;Wonshore wind;GESTE;EYGESTE
EYGNSUR;18W-EYGNSUR-4--R;EYGNSUR;GN SUR SDG ( TARIFA, EÓLICA, N;1,7;Wonshore wind;GNSUR;EYGNSUR
EYHCCUR;18W-EYHCCUR-9--2;EYHCCUR;HC CUR ( TARIFA, EÓLICA, NO EX;0,0;Wonshore wind;HCCUR;EYHCCUR
EYIBCUR;18W-EYIBCUR-7--9;EYIBCUR;IB CUR  ( TARIFA, EÓLICA, NO E;0,7;Wonshore wind;IBCUR;EYIBCUR
EYNEXU;18W-EYNEXU-50--4;EYNEXU;NEXU ( EOLICA, TARIFA, NO EXEN;0,8;Wonshore wind;NEXU;EYNEXU
EYPC01;18W-EYPC01-57--Y;EYPC01;EYPC01;0,0;Competitive suppliers;EPYM;EYPC01
EYPPV1;18W000000000GWNO;EYP PV;EYP PV MENORS 1MW;1,5;Solar PV;EPYM;EYPPV1
EYWMARK;18W-EYWMARK-5--5;ENOREDI;ENOREDI;0,4;Wonshore wind;WMARK;EYWMARK
EZKAC01;18W0000000009IJS;EZKAC01;EZKAC01;1,0;Competitive suppliers;EZKAI;EZKAC01
FADFW;18W000000000QYJN;FADFW;FADFW;8,0;Solar PV;GNRA;FVGNRA
FAENAMA;18W000000000TRQI;FAENAMA;FAENAMA;120,0;Solar PV;ENDG;FAENAMA
FAGINEA;18W000000000IBWO;FAGINEA;UF SOLAR FAGINEA;2,0;Solar PV;NEXU;FAZARA
FAGRIPA;18W000000000NPJP;FAGRIPA;FV AGRIPA;39,8;Solar PV;ECYR;FEGPEM
FAGRSRM;18W000000000UGU2;FYNEXU;FYNEXU;2,5;Solar PV;SOLRC;FAGRSRM
FAGUAV;18W000000000RUBA;AGUASVIVAS;UF SF AGUASVIVAS;41,3;Solar PV;IGNIS;AGUAV
FALADR;18WFALADR-123-EJ;FALADR;FALADR;24,4;Wonshore wind;ECYR;EEGPEM
FALAUDA;18W000000000NPKN;FALAUDA;FV ALAUDADE;39,3;Solar PV;ECYR;FEGPEM
FALBI2;18W000000000U8CP;FALBI2;FUENTEALBILLA2;2,0;Solar PV;SERVC;FFALBI2
FALJARA;18W000000000QFBM;FALJARA;FV ALJARAFE;69,6;Solar PV;ECYR;FEGPE2
FALUF;18W000000000KS3N;FALUF;FALUF;8,0;Solar PV;GNRA;FALAM
FAPICIO;18W000000000KM34;FAPICIO;FV APICIO;40,1;Solar PV;ECYR;FEGPEM
FARASU1;18W000000000MJYH;FARASU1;PSF ARASUR 1;10,0;Solar PV;WMARK;FARASU1
FARASU2;18W000000000MJZF;FARASU2;PSF ARASUR 2;10,0;Solar PV;WMARK;FARASU2
FARDILA;18W000000000KM26;FARDILA;FV ARDILA;41,8;Solar PV;ECYR;FEGPEM
FARELO;18WFARELO-123-ED;FARELO;P. E. FARELO;28,8;Wonshore wind;IGNIS;EGVENTO
FARLAN;18W000000000F620;FARLAN;PE FARLAN;41,4;Wonshore wind;ECYR;EEGPES
FARMA2;18W000000000TVGQ;FARMA2;FARMA2;1,0;Competitive suppliers;SHELL;SESAR01
FARMA8;18W000000000TVFS;FARMA8;FARMA8;1,0;Competitive suppliers;SHELL;SESAR01
FARMHIS;18WFARMHIS-123-1;FARMHIS;FARMINDUSTRIA;3,3;Natural Gas Cogeneration;GNRA;TFARMHI
FARRAP1;18WFARRAP1-12--B;FARRAP1;P.E. FARRAPA 1;20,0;Wonshore wind;ECYR;EEGPEM
FARRAPA;18W000000000R1TO;FARRAPA;FARRAPA II;22,0;Wonshore wind;EGLE;ENORVE
FASTC01;18W000000000SHJT;FASTC01;FASTL COMERCIALIZADORA;500,0;Competitive suppliers;FASTL;FASTC01
FAUGUST;18W000000000H2FF;FV AUGUSTO;FV AUGUSTO;41,9;Solar PV;ECYR;FEGPEM
FBACK;18WFBACK-12345-U;FBACK;FBACK;5,3;Natural Gas Cogeneration;DETIC;COGFBAC
FBALBON;18W000000000QF9Q;FBALBON;FV BALBONA;113,0;Solar PV;ECYR;FBALBON
FBELIN1;18W000000000PKKU;BELINCH1;BELINCHON 1 EW;41,2;Solar PV;IGNIS;BELIN1
FBELIN2;18W000000000PKMQ;BEL2;BELINCH 2 EW FV;41,2;Solar PV;IGNIS;UPBELII
FBELIN3;18W000000000PKOM;BELINC3;BELINCHON 3 FV EW;41,2;Solar PV;IGNIS;UPBEL3
FBESOS;18WFBESOS-123-DL;RE-000673;MIQUEL Y COSTAS  MIQUEL, S.A;4,6;Natural Gas Cogeneration;NEXU;TBESOS
FBETURI;18W000000000KM18;FBETURI;FV BETURIA;41,3;Solar PV;ECYR;FEGPEM
FCALATR;18W000000000NZG1;FCALATR;FV CALATRAVA;41,0;Solar PV;ECYR;FEGPEM
FCAMP1;18W000000000LYXF;CAMPANARI1;UF SF CAMPANARIO 1;41,8;Solar PV;IGNIS;SCAMP1
FCAMP3;18W000000000LYYD;CAMPANARI3;UF SF CAMPANARIO 3;41,8;Solar PV;IGNIS;SCAMP3
FCAMP4;18W000000000N1FV;FCAMP4;UF SF ELAWAN CAMPANARIO 4;41,8;Solar PV;IGNIS;SCAMP4
FCAMP5;18W000000000MUJE;FCAMPA5;UF SF CAMPANARIO 5;41,8;Solar PV;IGNIS;SCAMP5
FCAPARA;18W000000000TGPG;FCAPARA;FCAPARA;250,0;Solar PV;IBGES;FIBGECP
FCAROL4;18W000000000TGA9;CAROLINAS4;FV CAROLINAS 4;3,0;Solar PV;TOTGA;FCAROL4
FCAROLI;18W000000000TG9B;CAROLINAS3;FV CAROLINAS 3;3,0;Solar PV;TOTGA;FCAROLI
FCARTA;18W000000000PZS6;CARTAYA;SF CARTAYA;1,7;Solar PV;IGNIS;SFECAB
FCENTUR;18W000000000Q3FD;FCENTUR;FV CENTURION;116,5;Solar PV;ECYR;UPFCENT
FCINCIN;18W000000000KM50;FCINCIN;FV CINCINATO;41,8;Solar PV;ECYR;FEGPEM
FCONERA;18W000000000QDAU;FALCNERA;FV_FALCNERA;1,9;Solar PV;GESTE;FALCNRA
FCORCHA;18W000000000H2I9;CORCHAS;FV LAS CORCHAS;42,1;Solar PV;ECYR;FEGPEM
FDERR;18W000000000NZQI;DERRAMADOR;UF PE DERRAMADOR;48,5;Wonshore wind;IGNIS;EDERR
FDOBLON;18W000000000KM6Z;FDOBLON;FV EL DOBLON;38,9;Solar PV;ECYR;FEGPEM
FDREUA;18W-FDREUA-21--P;FDREUA;UP RD 413-2014;11,4;Solar PV;DREUA;FDREUA
FDULCIN;18W000000000Q3DH;FDULCIN;FV DULCINEA;80,0;Solar PV;ECYR;FEGPE6
FECC01;18W-FECC01-15--U;FECC01 COM;FLUID ELECTRIC CAMPRODON II, S;2,0;Competitive suppliers;FECII;FECC01
FEDAC04;18W-FEDAC04-1--J;FEDAUP;FEDAUP;107,0;Import Andorra;FEDA;FEDAC04
FEDE;18W000000000QF23;FEDE;UF SOLAR FEDE;20,0;Solar PV;NEXU;FFEDE
FEDTC;18W000000000T05U;FEDTC;FEDTC;5,0;Solar PV;GNRA;UPFED
FEEDC01;18W000000000KFX2;FEEDC;FEED PENINSULA;0,1;Competitive suppliers;FEED;FEEDC01
FEFRO;18W000000000NZOM;FRONTONES;UF PE FRONTONES;48,5;Wonshore wind;IGNIS;EFRON
FEIRACO;18WFEIRACO-12-DE;FEIRACO;FEIRACO;7,3;Natural Gas Cogeneration;EGLE;TFEIRA
FEIXAI;18WFEIXAI-123--E;FEIXAI;18WFEIXAI-123--E;1,5;Hydro non UGH;EGLE;HHIFRE
FEIXAII;18WFEIXAII-12--D;FEIXAII;18WFEIXAII-12--D;9,9;Hydro non UGH;EGLE;HHIFRE
FEIXOS;18WFEIXOS-123-E0;FEIXOS;18WFEIXOS-123-E0;7,9;Wonshore wind;EGLE;EESBGG
FEMCC01;18W-FEMCC01-4--S;MUSEROS;MUSEROS;2,2;Competitive suppliers;FEMCV;FEMCC01
FEMORPC;18W000000000OII7;UFCG2GC;UFCG2GRUPOC;4,2;Natural Gas Cogeneration;REPP;EMORPC2
FENC01;18W-FENC01-86--T;FEN;FEN;4,0;Competitive suppliers;FEN;FENC01
FENCINA;18W000000000O257;FENCINA;FV ENCINA DEL SOL;27,5;Solar PV;ECYR;FEGPEM
FENEC01;18W000000000UFJR;FENERGAS;FENERGAS ENERGIA SL;1,0;Competitive suppliers;FENER;FENEC01
FENPCX1;18W000000000OK00;PPC;PORFOLIOPC;9.999,0;Porfolio;FEN;FENPCX1
FENPVX1;18W000000000OJZ7;PORFOLIOV;PORFOLIOV;9.999,0;Porfolio;FEN;FENPVX1
FENVAT1;18W000000000SV2L;FENVAT1;FV ENVATIOS 1;32,6;Solar PV;ECYR;FEGPE1
FENVAT2;18W000000000SV3J;FENVAT2;FV ENVATIOS 2;32,6;Solar PV;ECYR;FEGPE1
FENVAT3;18W000000000SV4H;FENVAT3;FV ENVATIOS 3;32,6;Solar PV;ECYR;FEGPE1
FERNAND;18WFERNAND-123-Y;FERNAND;18WFERNAND-123-Y;4,5;Hydro non UGH;EGLE;HMICAN
FERREIR;18WFERREIR-123-B;FERREIR;P.E.FERREIRA 2;49,5;Wonshore wind;IBGES;EHIBGES
FERRERI;18WFERRERI-123-2;FERRERI;CH FERRERÍAS;1,9;Hydro non UGH;WMARK;HFWMARK
FERTIB1;18WFERTIB1-123-8;FERTIB1;FERTIBERIA;9,4;Residual energy;EGLE;TFERT1
FERVE2;18W000000000AZWL;FERVE2;FERVENZA 2;6,3;Hydro non UGH;IGNIS;HXAL3
FERVEN;18W0000000009WYU;CH FERVENZ;CH FERVENZAS;0,2;Hydro non UGH;ECYR;HEGPE3
FERVEZA;18WFERVEZA-12-AI;FERVEZA;FERVENZA;3,6;Hydro non UGH;IGNIS;HXAL2
FESC1;18W000000000PK9F;ESC1;ESCUDER1;44,3;Solar PV;IGNIS;UPESC1
FESC2;18W000000000PKBB;ESCUDER 2;ELAWAN ESCUDEROS II;43,3;Solar PV;IGNIS;UPESC2
FESC4;18W000000000PKF3;ESCU4;ESCUDEROS EW 4;44,3;Solar PV;IGNIS;ESCU4
FESC5;18W000000000PKIY;ESCUDER5;FV ELAWAN ESCUDEROS V;33,6;Solar PV;IGNIS;UPESC5
FESCU3;18W000000000PKD7;ESCUD3;FV ELAWAN ESCUDEROS III;44,3;Solar PV;IGNIS;UPESC3
FESPARR;18W000000000NPQB;FESPARR;FV ESPARRAGAL;42,3;Solar PV;ECYR;FESPARR
FESTREL;18W000000000O265;FESTREL;FV ESTRELLA SOLAR;27,5;Solar PV;ECYR;FEGPEM
FFALA;18W000000000NZPK;FALAMO;UF PE FUENTE ALAMO;48,5;Wonshore wind;IGNIS;EFALA
FFERA;18W000000000N78R;FSFERA;UF SF FOTOSFERA;42,3;Solar PV;IGNIS;SFERA
FFGASN;18W000000000HWQE;FYGESTE;FYGESTE;0,5;Solar PV;GNCO;FFGASN
FGEMINA;18W000000000NPLL;FGEMINA;FV GEMINA;39,8;Solar PV;ECYR;FEGPEM
FHINO;18W000000000JFSG;UFHINOJOSA;UF SF HINOJOSA SOLAR;20,0;Solar PV;IGNIS;HINOJ
FIBEREL;18W000000000NZIY;FIBEREL;FV IBERELECTRICA;6,0;Solar PV;ECYR;FEGPEM
FIBRAC;18WFIBRAC-123-DC;FIBRAC;FIBRAC;17,0;Oil products and coal;FIBR;TFIBR
FINSASA;18WFINSASA-12-DJ;FINSASA;FINSA-SANTIAGO;23,9;Oil products and coal;EGLE;TCONOR
FIOUCO;18WFIOUCO-123-EJ;FIOUCO;FIOUCO;24,0;Wonshore wind;HISPE;EALP2
FISLA;18W000000000R6PH;FV LA ISLA;PFV LA ISLA;4,2;Solar PV;TOTGA;SISLA
FJEREZS;18W000000000PHPT;FJEREZS;JEREZ SOLAR;5,5;Solar PV;WMARK;FFWMARK
FKISSO;18W000000000N7AN;KISSORO;UF SF KISSORO;42,3;Solar PV;IGNIS;SKISSO
FLAGAR;18W000000000L2U6;FLAGARES;UF BIOGAS EDAR LAGARES;1,6;Biogas;IGNIS;BLAGAR
FLAMC01;18W000000000BVJI;FLAMC01;FLAMC01;1,4;Market direct consumption;FLAMA;FLAMC01
FLECC01;18W0000000001YEM;FLECC01;FLECC01;0,6;Market direct consumption;FLECA;FLECC01
FLO1;18WFLO1-12345-AD;FLORIDA 1;LA FLORIDA 1;1,9;Hydro UGH;HC G;HCHI
FLO2;18WFLO2-12345-A3;FLORIDA 2;LA FLORIDA 2;1,9;Hydro UGH;HC G;HCHI
FLO3;18WFLO3-12345-AU;FLORIDA 3;LA FLORIDA 3;3,9;Hydro UGH;HC G;HCHI
FLOHT;18W000000000RLYS;FLOHT;HIDROTORNILLO PILOTUERTO;0,6;Hydro UGH;HC G;HCHI
FLORI;18W000000000GIY7;FLORI;FLORI;1,4;Solar PV;SOMEN;SENFV1
FLORIDA;18WLAFLORIDA-12V;FLORIDA;CST LA FLORIDA;49,9;Solar thermal;IGNIS;UPFLORI
FLVEGA1;18W000000000H2HB;FLVEGA1;FV LA VEGA I;36,6;Solar PV;ECYR;FEGPEM
FLVEGA2;18W000000000H2J7;FLVEGA2;FV LA VEGA II;36,6;Solar PV;ECYR;FEGPEM
FLX1;18WFLX1-12345-AP;FLIX 1;FLIX 1;11,1;Hydro UGH;ENDG;EBRFEN
FLX2;18WFLX2-12345-AF;FLIX 2;FLIX 2;10,4;Hydro UGH;ENDG;EBRFEN
FLX3;18WFLX3-12345-A5;FLIX 3;FLIX 3;11,1;Hydro UGH;ENDG;EBRFEN
FLX4;18WFLX4-12345-AW;FLIX 4;FLIX 4;11,1;Hydro UGH;ENDG;EBRFEN
FM28AR;18W000000000OT26;FM28AR;FM28AR;1,0;Competitive suppliers;FORTI;FORTR01
FM28GO;18W000000000OT0A;FM28GO;FM28GO;1,0;Competitive suppliers;FORTI;FORTR01
FMANZA1;18W000000000PKSE;MANZA;MANZANARES FV EW;31,5;Solar PV;IGNIS;UPMANZ1
FMINGL1;18W000000000NPEZ;FMINGL1;FV MINGLANILLA 1;42,0;Solar PV;ECYR;FEGPEM
FMINGL2;18W000000000NPFX;FMINGL2;FV MINGLANILLA 2;42,0;Solar PV;ECYR;FEGPEM
FMUDEJA;18W000000000QFAO;FV MUDEJAR;FV MUDEJAR;54,5;Solar PV;ECYR;FEGPE1
FNARA;18W000000000JDQQ;NARANJILLA;UP LAS NARANJILLAS;48,7;Solar PV;IGNIS;SNARA
FNARANJ;18W000000000H2GD;NARANJOS;FV LOS NARANJOS;41,9;Solar PV;ECYR;FEGPEM
FNERTOB;18W000000000KM42;FNERTOB;FV NERTOBRIGA;40,6;Solar PV;ECYR;FEGPEM
FNINOBE;18W000000000NZJW;FNINOBE;FV NINOBE;8,0;Solar PV;ECYR;FEGPEM
FOLCH;18WFOLCH-12345-2;FOLCH;P.E. FOLCH;49,5;Wonshore wind;MEDI;EMEDI
FOLCH2;18WFOLCH2-1234-A;FOLCH2;P.E. FOLCH II;15,0;Wonshore wind;MEDI;EMEDI
FOLMFW;18W-FOLMFW-23--Z;FOLMFW;OLMEDILLA1;10,0;Solar PV;GNRA;FOLMFW
FOMPED;18W000000000EW5V;FOMPED;FOMPED;4,0;Natural Gas Cogeneration;DETIC;COGFOMP
FONSAG;18WFONSAG-123-EN;FONSAG;P.E. FONSAGRADA;45,5;Wonshore wind;EGED;EGREEN
FONTAN1;18WFONTAN1-12-A9;FONTAN1;FONTAN1;6,0;Hydro non UGH;IBGES;HFIBGES
FONTAN2;18WFONTAN2-12-A2;FONTAN2;FONTAN2;9,7;Hydro non UGH;IBGES;HFIBGES
FONTAN3;18WFONTAN3-12-AW;FONTAN3;C. H. FONTANAR 3;13,6;Hydro non UGH;IBGES;HFIBGES
FONTE;18WFONTE-12345-M;FONTESILVA;PE FONTESILVA;28,8;Wonshore wind;HC G;HCGSIHA
FONTEAV;18WFONTEAV-123-P;FONTEAV;P.E.FONTEAVIA 1ªFASE;49,4;Wonshore wind;EGED;EPBUIO
FONTI;18W000000000M0TA;FONTI;FONTI;1,0;Solar PV;GNRA;LAPEN
FONTIVE;18W000000000M02R;FONTIVEROS;UF SOLAR FONTIVEROS;6,9;Solar PV;NEXU;FNTVERO
FONZEDS;18W000000000UDD8;FONZEDS;PURINES EN FOMZ;7,4;Natural Gas Cogeneration;EGLE;TFONZ
FOPPI;18W000000000F0WW;FOPPI;FV-OPPIDUM;0,0;Solar PV;OPPI;FOPPI
FORCADA;18WFORCADA-12-EX;FORCADA;P. E. PEÑA FORCADA;33,8;Wonshore wind;ECYR;EEGPEM
FOREC18;18W000000000RU6K;FOREC18;FOREC18;4,0;Solar PV;RSPRA;FFRSPRA
FOREL;18WFOREL-1234-DI;FOREL;FOREL;5,3;Natural Gas Cogeneration;DETIC;COGFORE
FORESTA;18WFORESTA-123-0;FORESTA;FORESTAL DEL ATLÁNTICO;24,8;Oil products and coal;DETIC;TFOREST
FORGAS;18W000000000TVKI;FORGAS;FORGAS;1,0;Competitive suppliers;SHELL;SESAR01
FORGELO;18WFORGELO-12-EH;FORGELO;P.E. DE FORGOSELO;24,4;Wonshore wind;IBGES;EHIBGES
FORIN;18W000000000JZRW;FORIN;FORIN;1,2;Solar PV;GNRA;FVGNRA
FORQUE2;18WFORQUE2-123-1;FORQUE2;P.E. LES FORQUES II;12,0;Wonshore wind;GNCO;EGASNE1
FORQUES;18WFORQUES-123-4;FORQUES;P.E. LES FORQUES;30,0;Wonshore wind;ECYR;EEGPEM
FORTC01;18W-FORTC01-3--F;COMCONS;COMPRA GRANDES CONSUMIDORES;2.500,0;Competitive suppliers;FORTI;FORTC01
FORTI;18W000000000GS9R;FORTI;FORTI;1,8;Solar PV;GNRA;FVGNRA
FOSUM;18W000000000IYIK;FOSUM;FOSUM;2,3;Solar PV;GNRA;FVGNRA
FOTIN;18W000000000KRLR;FOTIN;FOTIN;1,5;Solar PV;GNRA;FVGNRA
FOTO1;18W000000000KPZ5;FOTO1;FOTON 1;38,0;Solar PV;REPSB;FKAPPG
FOTO2;18W000000000KQ0Z;FOTO2;FOTON 2;37,9;Solar PV;REPSB;FKAPPG
FOTO3;18W000000000LVJF;FOTO3;FOTON 3;30,3;Solar PV;REPSB;FKAPPA
FOXC01;18W-FOXC01-33--4;FOXC01;FOX ENERGIA;0,2;Competitive suppliers;FOX;FOXC01
FPADRON;18WFPADRON-123-W;FPADRON;FINSA-PADRON;15,7;Oil products and coal;EGLE;TFINS2
FPEEXXI;18W-FPEEXXI-1--Z;FPEEXXI;END CUR  ( FOTOVOLTAICA, PRUEB;2,2;Solar PV;EEXXI;FPEEXXI
FPEONUR;18W-FPEONUR-5--D;FPEONUR;E.ON CUR ( FOTOVOLTAICA, PRUEB;0,1;Solar PV;EONUR;FPEONUR
FPHCCUR;18W-FPHCCUR-3--2;FPHCCUR;HC CUR ( FOTOVOLTAICA, PRUEBAS;0,0;Solar PV;HCCUR;FPHCCUR
FPIBCUR;18W-FPIBCUR-8--I;FPIBCUR;IB CUR  ( FOTOVOLTAICA, PRUEBA;1,7;Solar PV;IBCUR;FPIBCUR
FPIEDRA;18WFPIEDRA-123-G;FPIEDRA;BECOSA FUENTE PIEDRA;16,4;Natural Gas Cogeneration;HISPE;TNEOFP
FPLEX;18W000000000N76V;SUNPLEX;UF SF SUNPLEX;42,3;Solar PV;IGNIS;SPLEX
FPPALMA;18W000000000KM8V;FPPALMA;FV PUERTA PALMAS;39,8;Solar PV;ECYR;FEGPEM
FPRS5;18W000000000JFD9;UFPUERTOL5;UNIDAD FSICA PUERTOLLANO 5;13,3;Solar PV;IGNIS;SPRS5
FPRS6;18W000000000JFE7;UFPUERTOL6;UF RENOVALIA PUERTOLLANO 6;17,6;Solar PV;IGNIS;SPRS6
FPRS7;18W000000000JFF5;UFPUERTOL7;UF RENOVALIA PUERTOLLANO 7;17,6;Solar PV;IGNIS;SPRS7
FPRS8;18W000000000JFG3;UFPUERTOL8;UF RENOVALIA PUERTOLLANO 8;13,3;Solar PV;IGNIS;SPRS8
FPRS9;18W000000000JFH1;UFPUERTOL9;UF RENOVALIA PUERTOLLANO 9;8,0;Solar PV;IGNIS;SPRS9
FRAILA;18WFRAILA-123--O;FRAILA;18WFRAILA-123--O;4,5;Wonshore wind;EGLE;EMTORR
FRANC0F;18W000000000QIMS;FRANC01;FRANK ENERGIA IBERIA;0,0;Competitive suppliers;FRANK;FRANC01
FRASG;18W000000000QZFS;FRASG;FRASG;4,9;Solar PV;GNRA;FVGNRA
FREGENA;18W000000000RKIQ;FREGENA;PS FREGENAL DE LA SIERRA;22,8;Solar PV;WMARK;PSFREGE
FREGP3;18W-FREGP3-30--Y;FVRDES1MW;FV REP DES <1MW;0,0;Solar PV;ECYR;FREGP3
FREPP1;18WFREPP1-1234-5;CG1;COGENERACION CG1 PETRONOR;37,9;Natural Gas Cogeneration;REPP;TFREPP2
FREPP2;18WFREPP2-1234-Y;CG6;COGENERACIÓN CG6 PETRONOR;43,3;Natural Gas Cogeneration;REPP;TFREPP
FRESCA;18W000000000GOET;FRESCA;PE FRESCANO;23,9;Wonshore wind;GNCO;EGASNE1
FREVUEL;18W000000000Q3EF;FREVUEL;FV LA REVUELTA;95,0;Solar PV;ECYR;FEGPE5
FRI1;18WFRI1-12345-A7;FRIEIRA 1;FRIEIRA 1;80,5;Hydro UGH;GNFG;UFMI
FRI2;18WFRI2-12345-AY;FRIEIRA 2;FRIEIRA 2;80,1;Hydro UGH;GNFG;UFMI
FRICHE;18W000000000PZT4;CASARICHE;FV CASARICHE;1,8;Solar PV;IGNIS;SFECAB
FRIEIRA;18WFRIEIRA-123-L;HFGASN;APROVECHAMIENTO HIDROELECTRICO;17,5;Hydro non UGH;GNCO;HFGASN
FRIGNOR;18WFRIGNOR-123-9;FRIGNOR;FRIGORIFICOS DEL NOROESTE;13,1;Oil products and coal;EGLE;TFRIGN
FRIMANC;18W000000000QJIX;FRIMANC;FRIMANC;9,6;Natural Gas Cogeneration;DETIC;COGFRIM
FRLIX;18W000000000P4PV;FRLIX;FRLIX;40,2;Solar PV;GNRA;FVFRA
FROCINA;18W000000000NPPD;FROCINA;FV ROCINANTE;98,0;Solar PV;ECYR;FROCINA
FRODRI;18W000000000AI2L;RODRI;DRODRIGO;148,3;Solar PV;GESTE;FDRODRI
FRODRI2;18W000000000GTAM;FRD2;FRDO2;40,3;Solar PV;GESTE;FDRODR2
FRV1;18WFRV1-12345-AC;FERVENG1;FERVENZA GRUPO1;1,5;Hydro UGH;GNFG;UFGC
FSAGRA;18W000000000PZU2;SAGRA;SAGRA;1,8;Solar PV;IGNIS;SFECAB
FSALADA;18WFSALADA-123-Q;FSALADA;FUENTE SALADA FASE 1;46,4;Wonshore wind;IBGES;EHIBGES
FSANANT;18W000000000KMAR;FSANANT;SAN ANTONIO;26,4;Solar PV;ECYR;FEGPEM
FSANTA;18WFSANTA-1234-N;FSANTA;FSANTA;8,0;Hydro non UGH;IBGES;HFIBGES
FSEDEIS;18W000000000NZKU;FSEDEIS;FV SEDEIS V;36,9;Solar PV;ECYR;FEGPEM
FSEGROG;18W000000000RZ57;FV SEGRO G;FV SEGRO GRANOLLERS;2,0;Solar PV;CONEC;FSEGRO
FSEZUEL;18W000000000LI90;FSEZUEL;SERREZUELA;5,4;Solar PV;NEXU;SEZUELA
FSOLCAS;18W000000000KM9T;FSOLCAS;FV SOL CASAQUEMADA;42,0;Solar PV;ECYR;FEGPEM
FSOLMA;18W000000000PRTS;FYEONUR;E.ON CUR ( TARIFA, FOTOVOLTAIC;0,1;Solar PV;VIEE;FSOLMA
FSOMA;18W000000000N099;FSOMA;UF SF LA ASOMADA;4,2;Solar PV;TOTGA;SSOMA
FTCRVIG;18W000000000NAY3;VALLE NF;VALLE INFERIOR GUADAL;6,0;Solar PV;GNRA;FVGNRA
FTERC01;18W-FTERC01-2--1;FORESTA;FORESTA TERRENOS SL;0,8;Market direct consumption;FORTE;FTERC01
FTIERRA;18W000000000NPR9;FTIERRA;FV TIERR;43,6;Solar PV;ECYR;FEGPEM
FTORREC;18W000000000NZD7;FTORREC;FV TORRECILLA;42,0;Solar PV;ECYR;FEGPEM
FTORREP;18W000000000KMBP;FTORREP;TORREPALMA;20,0;Solar PV;ECYR;FEGPEM
FTREVAG;18W000000000NZF3;FTREVAG;FV TREVAGO TIERRA DE AGREDA;29,9;Solar PV;ECYR;FTREVAG
FTREVEU;18W000000000NZE5;FTREVEU;FV TREVAGO EUGENIA;30,0;Solar PV;ECYR;FTREVAG
FTUDELA;18WFTUDELA-123-X;FTUDELA;FOTOVOLTAICA TUDELA;1,2;Solar PV;EGED;FFEGED
FTULC01;18W-FTULC01-3--2;FORTU PEN;FORTULUZ PENINSULAR;1,0;Competitive suppliers;FORTU;FTULC01
FUARENA;18WPEFUENARENA-K;FUARENA;P.E. FUENTE DE LA ARENA;32,0;Wonshore wind;EGED;EGREEN1
FUDEPOR;18WFUDEPOR-123-U;FUDEPOR;FUDEPOR;15,0;Natural Gas Cogeneration;EGLE;TFUDEP
FUENDE1;18WFUENDE1-12-EM;FUENDE1;P. E. FUENDETODOS;46,0;Wonshore wind;IBGES;EHIBGES
FUENDE2;18WFUENDE2-12-EF;FUENDE2;P. E. FUENDETODOS II;47,2;Wonshore wind;IBGES;EHIBGES
FUENSAN;18WFUENSAN-12-EO;FUENSAN;P. E. LA FUENSANTA;49,5;Wonshore wind;GNCO;EGASNE0
FUENTE;18W0000000000Y65;FUENTESS;FFUENTE DEL ANO;2,5;Solar PV;GESTE;FVFUENT
FUENTE1;18W000000000PV9J;FUENTE1;FUENTE1;15,0;Solar PV;SHEEN;SHEPV17
FUENTE2;18W000000000PVAH;FUENTE2;FUENTE2;41,3;Solar PV;SHEEN;SHEPV18
FUENTE3;18W000000000PVBF;FUENTE3;FUENTE3;41,3;Solar PV;SHEEN;SHEPV19
FUENTE4;18W000000000PVCD;FUENTE4;FUENTE4;14,3;Solar PV;SHEEN;SHEPV20
FUEPSP6;18W000000000TZOZ;FUEPSP6;FUEPSP6;9,9;Solar PV;SOLRC;FFUEPSP
FUNDICI;18W000000000SF5Q;FUNDICI;FUNDICI HIVE;42,6;Solar PV;EGLE;FFUNDI
FUSEC01;18W000000000TUGT;COM-PEN;COMERCIALIZADORA PENINSULA;0,5;Competitive suppliers;FUSEE;FUSEC01
FUTETEM;18W-FUTETEM-3--0;FUTETEM;FOTOVOLTAICA UTETEM;0,2;Solar PV;EGED;FUTETEM
FV0058;18W000000000T1SI;FV0058;FV0058;17,1;Solar PV;CLIDM;CLIFV58
FV1014;18W000000000K82B;FV1014;FV1014;157,5;Solar PV;NEXU;FLAISLA
FV1019;18W000000000MU55;FV 119;FV 19;8,5;Solar PV;NEXU;FCAMPOS
FV1020;18W000000000NH45;FV1020;FV1020;4,0;Solar PV;NEXU;FLOCABA
FV1021;18W000000000NH53;FV1021;FV1021;2,0;Solar PV;NEXU;FLILLAN
FV1022;18W000000000NH61;FV1022;FV1022;3,0;Solar PV;NEXU;FCNTRAS
FV1023;18W000000000NH8Y;FV1023;FV1023;2,0;Solar PV;NEXU;FTURBIN
FV1024;18W000000000NH9W;FV1024;FV1024;1,1;Solar PV;NEXU;FLSENIA
FV1026;18W000000000NJGC;FV1026;FV1026;4,2;Solar PV;ELEIA;CLIFV21
FV1035;18W000000000NZX4;FV1035;FV1035;2,0;Solar PV;CLIDM;CLIFV10
FV1051;18W000000000O9KU;FV1051;FV1051;44,0;Solar PV;GNRA;UPOLIVA
FV1052;18W000000000OL2U;FV1052;FV1052;40,7;Solar PV;CLIDM;CLIFV30
FV1053;18W000000000OL4Q;FV1053;FV1053;40,7;Solar PV;CLIDM;CLIFV31
FV1054;18W000000000OL6M;FV1054;FV1054;40,2;Solar PV;CLIDM;CLIFV32
FV1059;18W000000000P229;FV1059;FV1059;10,0;Solar PV;CLIDM;CLIFV35
FV1067;18W000000000PM7D;FV1067;FV1067;4,8;Solar PV;EFG;FGEFG
FV1073;18W000000000Q4EC;FV1073;FV1073;16,8;Solar PV;CLIDM;CLIFV45
FV1077;18W000000000QFSP;FV1077;FV1077;30,0;Solar PV;IGNIS;UPTALAF
FV1080;18W000000000QTI3;FV1080;FV1080;30,0;Solar PV;IGNIS;UPARRO
FV1081;18W000000000QZKI;FV1081;FV1081;1,3;Solar PV;CLIDM;CLIFV10
FV1082;18W000000000R1ZC;FV1082;FV1082;4,1;Solar PV;EFG;UPENE03
FV1087;18W000000000R84G;FV1087;FV1087;16,8;Solar PV;CLIDM;CLIFV53
FV1088;18W000000000R85E;FV1088;FV1088;22,4;Solar PV;CLIDM;CLIFV54
FV1089;18W000000000RLIN;FV1089;FV1089;1,0;Solar PV;CLIDM;CLIFV10
FV1090;18W000000000RP9T;FV1090;FV1090;39,0;Solar PV;CLIDM;CLIFV55
FV3ETAP;18W000000000R1XG;FV3ETAPTER;FV 3 ETAP TER DIPOSIT;1,1;Solar PV;ENEDJ;ERPCFV0
FVABUZA;18W000000000S82G;FVABUZA;FV ABUZADERAS;3,0;Solar PV;WMARK;FFWMARK
FVALAM;18W000000000G090;FVALAMO;FV FUENTE ALAMO;7,0;Solar PV;NEXU;FFALAMO
FVALBUE;18W000000000SVNG;FVALBUE;FV VALBUENA;35,4;Solar PV;IBGES;FFIBGES
FVALBUJ;18W000000000T9YJ;FVALBUJ;FVALBUJ;3,7;Solar PV;WMARK;FFWMARK
FVALCAI;18W000000000S8XS;FVALCAI;LANCASTER LOS ALCAZARES I;4,7;Solar PV;WMARK;FVALCAZ
FVALCII;18W000000000S8YQ;FVALCII;CARDIFF LOS ALCAZARES II;2,0;Solar PV;WMARK;FVALCAI
FVALP1;18W000000000SCAP;FVALP1;FVALP1;24,9;Solar PV;HISPE;FALP1
FVALP10;18W000000000SCTO;FVALP10;FVALP10;67,0;Solar PV;HISPE;FALP10
FVALP11;18W000000000SQ5U;FVALP11;FVALP11;23,0;Solar PV;HISPE;FALP11
FVALP12;18W000000000SVHS;FVALP12 ;FVALP12;7,2;Solar PV;HISPE;FALP12
FVALP13;18W000000000SVIQ;FVALP13;FVALP13;9,0;Solar PV;HISPE;FALP13
FVALP14;18W000000000T6GR;FVALP14;FVALP14;8,0;Solar PV;HISPE;FALP14
FVALP15;18W000000000T6HP;FVALP15;FVALP15;8,0;Solar PV;HISPE;FALP15
FVALP16;18W000000000T6IN;FVALP16;FVALP16;30,0;Solar PV;HISPE;FALP16
FVALP18;18W000000000TGT8;FVALP18;FVALP18;45,0;Solar PV;HISPE;FALP18
FVALP19;18W000000000TGU6;FVALP19;FVALP19;40,0;Solar PV;HISPE;FALP19
FVALP2;18W000000000SCCL;FVALP2;FVALP2;40,0;Solar PV;HISPE;FALP2
FVALP20;18W000000000TGV4;FVALP20;FVALP20;40,0;Solar PV;HISPE;FALP20
FVALP21;18W000000000TN9R;FVALP21;FVALP21;19,6;Solar PV;HISPE;FALP21
FVALP22;18W000000000U2RD;FVALP22;FVALP22;25,2;Solar PV;HISPE;FALP22
FVALP3;18W000000000SCEH;FVALP3;FVALP3;42,1;Solar PV;HISPE;FALP3
FVALP4;18W000000000SCGD;FVALP4;FVALP4;24,9;Solar PV;HISPE;FALP4
FVALP5;18W000000000SCI9;FVALP5;FVALP5;40,0;Solar PV;HISPE;FALP5
FVALP6;18W000000000SCK5;FVALP6;FVALP6;40,0;Solar PV;HISPE;FALP6
FVALP7;18W000000000SCM1;FVALP7;FVALP7;29,6;Solar PV;HISPE;FALP7
FVALP8;18W000000000SCPW;FVALP8;FVALP8;29,6;Solar PV;HISPE;FALP8
FVALP9;18W000000000SCRS;FVALP9;FVALP9;35,1;Solar PV;HISPE;FALP9
FVALZ;18W000000000KN31;FVALZ;FV ALMARAZ;36,0;Solar PV;IBGES;FIIBGES
FVALZII;18W000000000KN5Y;FVALZII;FV ALMARAZ II;36,0;Solar PV;IBGES;FIIBGES
FVAND1;18W000000000T5MI;FVAND1;SFV ANDUJAR I;32,6;Solar PV;GNCO;FFFGASN
FVAND3;18W000000000T5OE;FVAND3;SFV ANDUJAR 3;17,1;Solar PV;GNCO;FFFGASN
FVARBO;18W000000000SBST;ARBOTANTE;ARBOTANTE SOLAR;45,0;Solar PV;TOTGA;FVARBO
FVARENA;18W000000000MQ3L;FVARENA;FV ARENALES;106,0;Solar PV;IBGES;FIBGEAR
FVARMUS;18W000000000OMKS;FVARMUS;18W000000000OMKS;43,7;Solar PV;EGLE;FFV124
FVATLYA;18W000000000R3AJ;FVATLYA;UF SOLAR ATALAYA;1,2;Solar PV;NEXU;FATALAY
FVAVILA;18W000000000S83E;FVAVILA;FV AVILA;2,0;Solar PV;WMARK;FFWMARK
FVBARDE;18W000000000NDU2;BDRNAS;BARDENASS;2,0;Solar PV;GESTE;FBRDENS
FVBATTO;18W000000000S46K;BATFV;PARSOSY BATTOS FV;2,9;Solar PV;ELEIA;BATTOS
FVCAL;18W000000000OXAF;CALATORAO;FV CALATORAO;41,2;Solar PV;ASIE;FVASIE5
FVCALER;18W000000000RHSF;FVCALER;PFV CALERA;17,0;Solar PV;EGLE;FDUNAS
FVCAMPO;18W000000000MF87;FVCAMPO;FV CAMPO ARAÑUELO III;31,0;0;IBGES;FIBGECA
FVCAND;18W000000000O9Y2;FVCAND;SFV CANREDONDO;20,0;Solar PV;GNCO;FGASNE2
FVCAR2;18W000000000RSBG;FV 50MW;FV MAYOR 1MW;48,5;Solar PV;FEN;CR2FEN
FVCAR3;18W000000000RSCE;FOT 50MW;FOT MAYOR 1MW;48,5;Solar PV;FEN;CR3FEN
FVCAR4;18W000000000T56D;FOT50;FOT MAYOR 1MW;50,0;Solar PV;FEN;CR4FEN
FVCARR;18W000000000SDI6;CARRASCOSA;LA CARRASCOSA;42,6;Solar PV;TOTGA;FVCAR
FVCAST5;18W000000000JZ60;FVCAST5;FV CASTELLON;2,9;Solar PV;IBGES;FFIBGES
FVCASTE;18W000000000PTUK;FVCASTE;FVCASTE;2,8;Solar PV;WMARK;FFWMARK
FVCEDIL;18W000000000R1AP;FVCEDIL;FV CEDILLO;267,0;Solar PV;IBGES;FIBGECE
FVCERV1;18W000000000S4QH;FVCERV1;FV CERVERA 1;4,2;Solar PV;EFG;FGEFG
FVCESPE;18W000000000RF11;FVCESPE;FV CESPEDERA;19,1;Solar PV;IBGES;FHIBGES
FVCHILL;18W000000000S8UY;FVCHILL;CHILLARON DE CUENCA;1,5;Solar PV;WMARK;FFWMARK
FVCORNI;18W000000000RY4C;FVCORNI;FV CORNICABRA;35,0;Solar PV;IBGES;FHIBGES
FVCOTIL;18W000000000S8WU;FVCOTIL;LAS TORRES DE COTILLAS;3,3;Solar PV;WMARK;FVCOTIL
FVCRISO;18W000000000RGMU;CRISOL FOT;CRISOL EKHI FOTO;10,0;Solar PV;ELEIA;CRISOL
FVCRODR;18W000000000THOF;FVCRODR;FV CIUDAD RODRIGO;236,0;Solar PV;IBGES;FIBGECR
FVCTURA;18W000000000QNWU;FVCTURA;UF SOLAR CASTUERA;1,5;Solar PV;NEXU;FCTUERA
FVCUEII;18W000000000S8VW;FVCUEII;CUENCA II;3,0;Solar PV;WMARK;FFWMARK
FVCUIII;18W000000000S84C;FVCUIII;FV CUENCAIII;1,1;Solar PV;WMARK;FFWMARK
FVDNR;18W000000000SPBL;PFV DNR;PSF DNR;46,2;Solar PV;TOTGA;FVDNR
FVDUL;18W000000000QZ0L;FVDUL;FVDUL;2,3;Solar PV;GNRA;FVGNRA
FVEIBC1;18W000000000R888;FYEEXXI;END CUR  ( TARIFA, FOTOVOLTAIC;1,8;Solar PV;IBGES;FVEIBC1
FVEMINN;18W000000000Q3GB;FVEMINN;FVEMINN;124,0;Solar PV;ECYR;FVEMINN
FVENCI;18W000000000RFVF;FVENCI;SFV ENCINAR I;41,6;Solar PV;GNCO;FGASNE2
FVERACR;18W000000000KM7X;FVERACR;FV VERACRUZ;39,9;Solar PV;ECYR;FEGPE4
FVESPLI;18W000000000RY3E;FVESPLI;FV ESPLIEGO;30,0;Solar PV;IBGES;FHIBGES
FVETAPL;18W000000000QOKE;FVETAPLLOB;FV ETAP LLOBREGAT;2,8;Solar PV;ENEDJ;ERPCFV0
FVETAPT;18W000000000QON8;ETAPTER4;ETAPTER DIPOSIT 4;1,1;Solar PV;ENEDJ;ERPCFV0
FVFIRA2;18W000000000S7EW;FVFIRA2000;FVFIRA2000;3,3;Solar PV;ENEDJ;ERPCFV0
FVFIRAB;18W000000000S7DY;FVFIRABCN;FVFIRABCN;1,0;Solar PV;ENEDJ;ERPCFV0
FVFUENT;18W000000000SVPC;FVFUENT;FV FUENTES;34,0;Solar PV;IBGES;FFIBGES
FVFUTUC;18W000000000S9P4;HIBFUTUCER;HIBRIDACION FUTUCER;5,6;0;LMER;HIBFUTU
FVILLAR;18W000000000QS13;FVILLAR;FV VILLARINO;37,5;Solar PV;IBGES;FIBGEVI
FVIREY;18W000000000RTLU;FVIREY;SFV VILLANUEVA REY;45,9;Solar PV;GNCO;FGASN2U
FVIRGN3;18W000000000S09Q;FVIRGN3;FV VIRGEN DE AREÑOS III;38,0;Solar PV;IBGES;FHIBGES
FVITAML;18W000000000QOLC;FVITAMLLOB;FV ITAM LLOBREGAT;1,2;Solar PV;ENEDJ;ERPCFV0
FVITEC;18W000000000O67S;FYEEXXI;END CUR  ( TARIFA, FOTOVOLTAIC;3,4;Solar PV;VITEC;FVITEC
FVJERT;18W000000000QJU9;FVJERT;SFV PUERTA JERTE;22,7;Solar PV;GNCO;FFFGASN
FVJOLCA;18W000000000SFZ3;JOLCAFV;FOTOVOLTAICA JOLCA;0,3;Solar PV;ELEIA;JOLCA
FVJUMI;18W000000000SEMW;FVJUMI;FVJUMI;30,0;Solar PV;GNCO;FGASN2U
FVLANGA;18W000000000PTRQ;FVLANGA;FVLANGA;0,9;Solar PV;WMARK;FFWMARK
FVLAST;18W000000000G9V3;LSTRA;FOTLASTRA;1,3;Solar PV;GESTE;FLASTRA
FVLAUEI;18W000000000OWTH;FVLAUEIF;UNIDAD FISICA DE FVLAUEI;3,2;Solar PV;LAUEI;FVLAUEI
FVMANAN;18W000000000SVOE;FVMANAN;FV MANANTIALES I;20,5;Solar PV;IBGES;FFIBGES
FVMONR;18W000000000G3SR;FVMONRERA;FV MONRERA;1,8;Solar PV;NEXU;FFNEXU
FVNAIP;18W000000000RLZQ;FVNAIP;SFV NAIPES;41,6;Solar PV;GNCO;FGASN2U
FVNAIP2;18W000000000ROXL;SFV NAIPES;SFV NAIPES2;41,6;Solar PV;GNCO;FGASN2U
FVNORI;18W000000000SDH8;LA NORIA;FV LA NORIA;42,6;Solar PV;TOTGA;FVNORI
FVOCA;18W000000000SEOS;FVOCA;SFV OCAÑA;43,0;Solar PV;GNCO;FFFGASN
FVOLM;18W000000000QYZS;FVOLM;FVOLM;40,7;Solar PV;GNRA;FVGNRA
FVOLMED;18W000000000PTTM;FVOLMED;FVOLMED;1,7;Solar PV;WMARK;FFWMARK
FVORIOL;18W000000000LFHU;FVORIOL;FVORIOL;237,0;Solar PV;IBGES;FIBGEOR
FVPENA;18W000000000RF03;FVPENA;FV PEÑARRUBIA;41,1;Solar PV;IBGES;FIBGEPE
FVPILA;18W000000000SA46;PILASTRA S;PILASTRA SOLAR;40,0;Solar PV;TOTGA;FVPILA
FVPILAR;18W000000000M3IN;FV PILAR;FV PILAR DE LA HIORADADA;2,0;Solar PV;DREUA;FDREU06
FVPIX;18W000000000TTS8;FVPIX;FVPIX;1,4;Solar PV;GNRA;UPSON3
FVPLAZA;18W000000000THD0;FVPLAZA1;PLAZA1FV;21,0;Solar PV;ELEIA;PLAZA1
FVPOLEO;18W000000000RY2G;FVPOLEO;FV POLEO;35,0;Solar PV;IBGES;FHIBGES
FVPOST;18W000000000SA38;POSTIGO SO;POSTIGO SOLAR;40,0;Solar PV;TOTGA;FVPOST
FVRIOJA;18W000000000ODZP;FVRIOJA;FVRIOJA;1,7;Solar PV;LMER;FVRIOJA
FVROME;18W000000000N1MH;FVROME;FV ROMERAL;70,7;0;IBGES;FBIROHV
FVSAL1;18W000000000SVQA;FVSAL1;FV SALINAS I;37,6;Solar PV;IBGES;FFIBGES
FVSAL2;18W000000000SVR8;FVSAL2;FV SALINAS II;37,6;Solar PV;IBGES;FFIBGES
FVSAL3;18W000000000SVS6;FVSAL3;FV SALINAS III;37,6;Solar PV;IBGES;FFIBGES
FVSMITH;18W000000000P7QK;FVSMITH;FVSMITH;2,4;Solar PV;WMARK;FFWMARK
FVSOLAN;18W000000000RZVT;FVSOL;LAS SOLANAS FOTOVOL;4,9;Solar PV;ELEIA;SOLANAS
FVTAGUS;18W000000000S9VT;FVTAGUS;FVTAGUS;325,0;Solar PV;IBGES;FIBGETA
FVTECLA;18W000000000SJXW;FVTECLAS;LAS TECLAS FV;4,9;Solar PV;ELEIA;TECLAS
FVTERUE;18W000000000KPAI;FVTERUE;FVTERUEL;38,1;Solar PV;IBGES;FIIBGES
FVVAL1;18W000000000SBJA;VALIENTES ;FV VALIENTES 1;9,0;Solar PV;TOTGA;FVVAL1
FVVAL2;18W000000000SBO0;VALIENTES2;FV VALIENTES 2;3,6;Solar PV;TOTGA;FVVAL2
FVVEGA;18W000000000T4V3;FOT 5 MW;FOT MAYOR DE 1 MW;4,5;Solar PV;FEN;VEGFEN
FVVINAS;18W000000000SDZ9;VINASFV;VINAS FOTOVOLTAICA;2,3;Solar PV;ELEIA;VINAS
FVZOR1;18W000000000SEPQ;FVZOR1;SFV ZORITA I;43,0;Solar PV;GNCO;FFFGASN
FVZOR2;18W000000000SEQO;FVZOR2;SFV ZORITA II;43,0;Solar PV;GNCO;FFFGASN
FVZORIT;18W000000000PTVI;FVZORIT;FVZORIT;2,5;Solar PV;WMARK;FFWMARK
FXRSPRE;18W0000000007NVY;FYEFG;FYEFG;0,6;Solar PV;RSPRE;FXRSPRE
FYAGENT;18W-FYAGENT-8--C;FYAGENT;AGENT( FOTOVOL,TARI,NO EXENTO);2,1;Solar PV;AGENT;FYAGENT
FYAGREN;18W000000000RR04;FYAGREN;FYAGREN;0,2;Solar PV;AGREN;FYAGREN
FYAME;18W000000000A46I;FPEEXXI;END CUR  ( FOTOVOLTAICA, PRUEB;1,1;Solar PV;AME;FYAME
FYASIE;18W-FYASIE-76--9;FOTVREGESP;FOTOVOLTAICA RETRIBUCION ESPEC;0,0;Solar PV;ASIE;FYASIE
FYATENC;18W000000000TJCX;FYATENC;FYATENC;3,9;Solar PV;ATENC;FYATENC
FYATLAS;18W000000000KCJ2;FYEEXXI;END CUR  ( TARIFA, FOTOVOLTAIC;2,2;Solar PV;ATLAS;FYATLAS
FYBSG;18W000000000BLID;FYBSG;FYBSG;14,4;Solar PV;BSGEA;FYBSG
FYCEG;18W-FYCEG-640--B;FYCEG;CEG ( FOTOV,TARIFA,NO EXENTO);44,5;Solar PV;CEG;FYCEG
FYCESOS;18W000000000R4JZ;FYEDPCL;UP FOTOVOLTAICA EDPCL;0,5;Solar PV;CESOS;FYCESOS
FYCEXXI;18W000000000FE65;FYEEXXI;END CUR  ( TARIFA, FOTOVOLTAIC;0,0;Solar PV;EEXXI;FYCEXXI
FYCLIDM;18W-FYCLIDM-5--2;RETMAYOR15;REGIMEN ESPECIAL TARIFA >15;6,6;Solar PV;CLIDM;FYCLIDM
FYCR01;18W000000000QO73;FYCR01;FYCR01;1,0;Competitive suppliers;ENDCO;ENDER01
FYCYE;18W-FYCYE-591--9;UPRREFVCD;UPRREFVCD;11,6;Solar PV;CYE;FYCYE
FYDETIC;18W-FYDETIC-1--8;FYDETIC;FYDETIC;4,2;Solar PV;DETIC;FYDETIC
FYEBLCO;18W-FYEBLCO-4--A;FYEBLCO;FYEBLCO;5,5;Solar PV;EBLCO;FYEBLCO
FYECLA;18WFYECLA-123--U;FYECLA;UF SOLAR YECLA 1;2,7;Solar PV;NEXU;FFYECL1
FYECLA2;18WFYECLA2-123-I;FYECLA2;UF SOLAR YECLA 2;2,4;Solar PV;NEXU;FFYECL2
FYECLA3;18WFYECLA3-123-B;FYECLA3;UF SOLAR YECLA 3;2,4;Solar PV;NEXU;FFYECL3
FYEEXXI;18W-FYEEXXI-3--2;FYEEXXI;END CUR  ( TARIFA, FOTOVOLTAIC;684,3;Solar PV;EEXXI;FYEEXXI
FYEFG;18W-FYEFG-784--E;FYEFG;FYEFG;68,1;Solar PV;EFG;FYEFG
FYEGED;18W000000000Q0M8;FYIBCUR;IB CUR  ( TARIFA, FOTOVOLTAICA;0,8;Solar PV;EGED;FYEGED
FYEGLE;18W-FYEGLE-20--S;FYEGLE;EGLE( FOTOVOL,TARIF,NO EXENTO);9,0;Solar PV;EGLE;FYEGLE
FYENDG;18W-FYENDG-54--L;FYENDG;FYENDG;0,3;Solar PV;ENDG;FYENDG
FYEONUR;18W-FYEONUR-2--0;FYEONUR;E.ON CUR ( TARIFA, FOTOVOLTAIC;2,4;Solar PV;EONUR;FYEONUR
FYFEN;18W-FYFEN-616--R;FYFEN;INVERSER GARCIA ALONSO, S.L.;215,3;Solar PV;FEN;FYFEN
FYFENAR;18W000000000SPUK;ARBOLEAS;FV MAYOR 1 MW;2,0;Solar PV;FEN;FMFEN
FYFENBE;18W000000000RYMD;4700211446;4700211446HD 1 MW;1,1;Solar PV;FEN;FMFEN
FYFENC1;18W000000000S40W;CISTERNIGA;ISFV SII LA CISTERNIGA;3,9;Solar PV;FEN;FMFEN
FYFENC2;18W000000000O9PK;FOT 1MW;SII LA CISTERNIGA II;2,0;Solar PV;FEN;FMFEN
FYFENC3;18W000000000RTRI;FV MAY 1MW;FV LA CISTERNIGA;1,7;Solar PV;FEN;FMFEN
FYFENFP;18WFYFENFP-123-R;FYFENFP;FOT MAYOR 1MW;4,0;Solar PV;FEN;FMFEN
FYFENHC;18WFYFENHC-123-S;FYFENHC;FOTMAYOR 1MW;1,8;Solar PV;FEN;FMFEN
FYFENJU;18W000000000RLHP;JUCAR;AGRUPACION;1,4;Solar PV;FEN;FMFEN
FYFENLA;18W000000000J1DE;FYFENLA;FYFENLA;7,5;Solar PV;FEN;FMFEN
FYFENLL;18W000000000RYZO;0800314413;0800314413SL 1MW;1,5;Solar PV;FEN;FMFEN
FYFENLU;18W000000000RYYQ;2200311240;2200311240NW 1 MW;2,0;Solar PV;FEN;FMFEN
FYFENM1;18W000000000STY0;FV 5 MW;FV MAYOR 1 MW;2,5;Solar PV;FEN;FMFEN
FYFENM2;18W000000000SVWZ;FV 2 MW;FV MAYOR 1 MW;2,5;Solar PV;FEN;FMFEN
FYFENMF;18W000000000RS8M;FV 1MW;FV MAYOR 1MW;1,9;Solar PV;FEN;FMFEN
FYFENMG;18W000000000RFFA;4600210569;4600210569MG;1,1;Solar PV;FEN;FMFEN
FYFENPA;18W000000000RYJJ;4700211489;1 MW 4700211489CY;2,0;Solar PV;FEN;FMFEN
FYFENPR;18W000000000S8DV;FV 1 MW;FV MAYOR 1 MW;3,1;Solar PV;FEN;FMFEN
FYFENSJ;18WFYFENSJ-123-2;FYFENSJ;FOT MAYOR 1MW;2,5;Solar PV;FEN;FMFEN
FYFENTO;18W000000000TBEG;MAYOR 1 MW;FOTO MAYOR 1MW;1,5;Solar PV;FEN;FMFEN
FYFENXL;18WFYFENXL-123-M;FYFENXL;FOT MAYOR 1MW;1,6;Solar PV;FEN;FMFEN
FYFUTGR;18W-FYFUTGR-6--7;UP FYFUTGR;UP FOTOVOLTAICA FUTURA GREEN;0,6;Solar PV;FUTGR;FYFUTGR
FYGAC;18W-FYGAC-969--C;FYGAC;GAC(FOTOVOL,TARIFA,NO EXENTO);30,1;Solar PV;GAC;FYGAC
FYGEMSL;18W000000000G73S;GEM FV;GEM FV;0,1;Solar PV;GEMSL;FYGEMSL
FYGENER;18W-FYGENER-5--M;FYGENER;GENER( FOTOVOL,TARI,NO EXENTO);1,3;Solar PV;ADXRE;FYGENER
FYGESTE;18W-FYGESTE-8--H;FYGESTE;FYGESTE;311,6;Solar PV;GESTE;FYGESTE
FYGNRA;18W-FYGNRA-18--9;FYGNRA;FYGNRA;200,2;Solar PV;GNRA;FYGNRA
FYGNSUR;18W-FYGNSUR-2--N;FYGNSUR;GN SUR SDG ( TARIFA, FOTOVOLTA;58,9;Solar PV;GNSUR;FYGNSUR
FYGSETT;18W-FYGSETT-1--F;GSE S.A.;GLOBAL SOLAR ENERGY S.A.;12,4;Solar PV;GSETT;FYGSETT
FYHCCUR;18W-FYHCCUR-7--Z;FYHCCUR;HC CUR ( TARIFA, FOTOVOLTAICA,;1,9;Solar PV;HCCUR;FYHCCUR
FYHCG;18W000000000D8ZA;FYHCENE;FOTOVOLTAICA NO EXENTA;0,0;Solar PV;HC G;FYHCG
FYHELIO;18W-FYHELIO-4--M;FYHELIO;HELIO(FOTOVOL,TARIF,NO EXENTO);2,9;Solar PV;HELIO;FYHELIO
FYIBCUR;18W-FYIBCUR-4--9;FYIBCUR;IB CUR  ( TARIFA, FOTOVOLTAICA;608,1;Solar PV;IBCUR;FYIBCUR
FYIBGES;18W-FYIBGES-7--Y;FYIBGES;FYIBGES;0,0;Solar PV;IBGES;FYIBGES
FYIGNI;18W000000000Q0N6;FYNEXU;FYNEXU;1,8;Solar PV;IGNIS;FYIGNI
FYLAUEI;18W-FYLAUEI-9--R;FYLAUEI;FYLAUEI;15,0;Solar PV;LAUEI;FYLAUEI
FYLMER;18W-FYLMER-22--9;FYLMER;LMER( FOTOVOL,TARIF,NO EXENTO);8,4;Solar PV;LMER;FYLMER
FYNEXU;18W-FYNEXU-72--B;FYNEXU;FYNEXU;818,6;Solar PV;NEXU;FYNEXU
FYNRENO;18WFYNRENOUF---8;FYNRENO;FYNRENO;1,8;Solar PV;NRENO;FYNRENO
FYRSPRA;18W-FYRSPRA-5--3;FYRSPRA;FYRSPRA;33,2;Solar PV;RSPRA;FYRSPRA
FYSERVC;18W000000000U9K6;FYSERVC;FYSERVC;1,0;Solar PV;SERVC;FYSERVC
FYSESPV;18W000000000C9FE;FOT AGRUPA;FOTOVOLTAICA AGRUPACION;7,3;Solar PV;SHELL;FYSESPV
FYTERSA;18W0000000007PKD;TERSAFVOL;TERSA SOLAR FOTOVOLTAICA;2,6;Solar PV;TERSA;FYTERSA
FYWMARK;18W-FYWMARK-1--9;FYWMARK;ECYR ( EÓLICA,TARIFA,NO EXENTO;38,3;Solar PV;WMARK;FYWMARK
GABAC01;18W000000000NCNJ;GABA;GABA COMERCIALIZADORA DE ELECT;3,0;Competitive suppliers;GABAC;GABAC01
GABUELA;18W000000000TM35;UFABUELA1;UFABUELA1;49,5;Wonshore wind;GALP;GALPS82
GACC01;18W-GACC01-83--Z;GACC01;GACC01;0,8;Competitive suppliers;GAC;GACC01
GADOR;18W000000000MU1D;GADOR;GADOR;2,0;Biogas;SHELL;SESBIO9
GAENER1;18W000000000I68D;GAENER1;GAENER1;100,0;Generic;AENER;GAENER1
GAETANA;18W000000000RX87;FGST152;FGST152;150,0;Solar PV;GESTE;FGST152
GAHINSO;18W000000000TBUL;AHIN;AHIN;13,1;Solar PV;GALP;GALPS80
GAIAC01;18W000000000F7LX;GAIA COMER;GAIA COMERCIALIZADORA;0,1;Competitive suppliers;GGLOB;GAIAC01
GAL1;18WGAL1-12345-AH;GALLIPEN I;GALLIPIENZO 1;0,6;Hydro UGH;BARER;BEREBRO
GAL2;18WGAL2-12345-A7;GALLIPIE 2;GALLIPIENZO 2;0,6;Hydro UGH;BARER;BEREBRO
GALAC01;18W-GALAC01-1--Q;GALAC01;GALAC01;0,5;Competitive suppliers;GALA1;GALAC01
GALAFOT;18W000000000RX4F;FGST150;FGST150;100,0;Solar PV;GESTE;FGST150
GALAZOC;18W000000000RWS7;GALAZOC;GALAZOCAN SOLAR;4,8;Solar PV;WMARK;FVGALAZ
GALBARR;18W000000000QFFE;ALBARREAL;ALBARREAL;44,2;Solar PV;GALP;GALPS53
GALCAII;18W000000000NJHA;IALCAII;ICTIO ALCAZAR II;44,4;Solar PV;GALP;GALPS25
GALCAZA;18W000000000NHM6;IALCAI;ICTIO ALCAZAR I;44,4;Solar PV;GALP;GALPS24
GALCIII;18W000000000NJK4;IALCAIII;ICTIO ALCAZAR III;44,4;Solar PV;GALP;GALPS26
GALCZII;18W000000000OV12;ALCAZAR II;ALCAZAR II;36,0;Solar PV;GALP;GALPS27
GALDAKA;18WGALDAKA-123-L;GALDAKA;GALDAKAO;4,2;Natural Gas Cogeneration;WMARK;TGIRCO
GALERA4;18W000000000SUC4;GALERA4;UF SOLAR LA GALERA 4;2,0;Solar PV;NEXU;FGALERA
GALESA;18WGALESA-1234-J;GALESA;GALESA;2,1;Natural Gas Cogeneration;CEG;TGALES
GALGU;18W000000000QY1M;GALGU;GALGU;2,0;Solar PV;GNRA;FVGNRA
GALIT1;18W000000000Q2EI;GALT1;GALT1;1,3;Biogas;GEMSL;ES-RCAB
GALIT2;18W000000000Q2GE;GAL T2;GAL 72;2,0;Biogas;GEMSL;ES-RCAB
GALLEGO;18WGALLEGO-12-E6;GALLEGO;P.E. RIO GALLEGO;38,7;Wonshore wind;HISPE;RWESZN
GALLOS;18W000000000TS7G;GALLOS;GALLOS;1,0;Competitive suppliers;ENDCO;ENDER01
GALMARA;18W000000000TBSP;ALMARAZ;ALMARAZ;38,2;Solar PV;GALP;GALPS78
GALPC01;18W-GALPC01-7--F;GALPUP;GALPUP;9,3;Competitive suppliers;GALP;GALPC01
GAMBC01;18W-GAMBC01-9--C;GAMBASTAR;GAMBASTAR;1,0;Market direct consumption;GAMB;GAMBC01
GAMIC01;18W000000000Q1DN;GAMBITO;GAMBITO ENERGY SL;0,0;Competitive suppliers;GAMBI;GAMIC01
GAMOIDE;18WGAMOIDE-12-EN;GAMOIDE;P.E. GAMOIDE;32,5;Wonshore wind;EGED;EPBUIO1
GAMONAL;18W000000000Q7HY;GMNL;GAMONAL;5,7;Solar PV;GESTE;FGAMONL
GAMONE;18WGAMONE-123-EH;GAMONE;GAMONE;49,5;Wonshore wind;EGED;EGREEN
GANDARA;18WGANDARA-12-A7;GANDARA;GANDARA;3,5;Hydro non UGH;IBGES;HFIBGES
GANKZ;18W000000000QSAM;GANKZ;GANKZ;30,0;Solar PV;GNRA;UPGAN
GAOLC01;18W-GAOLC01-1--8;GANA ENER;GANA ENERGÍA;0,1;Competitive suppliers;GAOLA;GAOLC01
GAPAL;18W000000000JJA3;GAPAL;GAPAL;1,8;Solar PV;GNRA;FVGNRA
GARCBAQ;18W0000000000UJS;GARCBAQ;GARCBAQ;9,0;Natural Gas Cogeneration;COGEN;AE10COG
GARCIM;18WGARCIM-1234-4;GARCIM;P. E. CASTILLO GARCIMUÑOZ;46,4;0;HC G;HIBSIHA
GARMO;18W000000000JJ6B;GARMO;GARMO;1,9;Solar PV;GNRA;FVGNRA
GAROFEI;18WROMANIGAROFED;GAROFEI;GAROFEI;6,0;Natural Gas Cogeneration;ROFEN;ROFENV2
GARRAF;18WGARRAF-123-D6;BIOGAS;PLANTA DE BIOGAS-TERSA;8,3;Biogas;TERSA;RYTERSA
GASBENS;18WGASBENS-123-0;GASBENS;GASBENS;2,5;Biogas;CEG;RURBAS
GASTU1;18W00000000013U9;GASTU1;GASTU1;2,0;Generic;AST;GASTU1
GATER;18W000000000NVK5;GATER;GATER;1,1;Solar PV;GNRA;FVGNRA
GATUN;18WGATUN-1234-E8;GATUN;P. E. GATUN;49,5;Wonshore wind;IBGES;EMCIBGE
GATUN2;18WGATUN2-123-ED;GATUN2;P. E. GATUN II;16,5;Wonshore wind;IBGES;EMCIBGE
GAUDAX;18W0000000008HUD;GAUDAX;UNIDAD GENERICA;700,0;Generic;ADXRE;GAUDAX
GAVIC01;18W-GAVIC01-6--J;GAVIPLAS;GAVIPLAS;1,3;Market direct consumption;GAVIP;GAVIC01
GAVILAN;18WGAVILAN-123-A;GAVILAN;P.E. SIERRA DE LOS GAVILANES;15,3;Wonshore wind;IBGES;EHIBGES
GAVIR;18WGAVIR-12345-8;GAVIR;P. E. CERRO GAVIRA;41,6;Wonshore wind;EGED;EGREEN1
GAXATE;18WGAXATE-1234-Y;GAXATE;18WGAXATE-1234-Y;1,9;Hydro non UGH;EGLE;HPDRSA
GAZ1;18W000000000R1OY;GAZ1;GAZ1;46,0;Solar PV;HISPE;FGAZ1
GAZ2;18W000000000R7A7;GAZ2;GAZ2;46,0;Solar PV;HISPE;FGAZ2
GAZFO;18W000000000H01C;GAZFO;GAZFO;5,8;Solar PV;GNRA;FVGNRA
GAZLES;18W000000000U8FJ;GAZULES;GAZULES;28,0;Solar PV;SHEEN;SHEPV31
GBENAL1;18W000000000TWQ3;GBENAL1;GBENAL1;37,5;Wonshore wind;GALP;GALPS97
GBENAL2;18W000000000TXBU;GBENAL2;GBENAL2;16,5;Wonshore wind;GALP;GALPT02
GBENC01;18W-GBENC01-5--Q;GB ENERGIA;GLOBAL BIOSFERA ENERGIA;0,1;Competitive suppliers;GBENE;GBENC01
GBLANCA;18W000000000TM27;UFCBLANCA;UFCBLANCA;49,9;Solar thermal;GALP;GALPS81
GBNPRV1;18W000000000R4E8;GBNPRV1;BONPREU GENERICA;35,0;Generic;BNPRU;GBNPRV1
GBOIRA1;18W000000000TWTY;GBOIRA1;GBOIRA1;34,5;Wonshore wind;GALP;GALPS98
GBPG1;18W000000000T5YV;GBPG1;UNIDAD GENERICA BP;300,0;Generic;BP;GBPG1
GBRENA1;18W000000000TWJH;GBRENA1;GBRENA1;36,0;Wonshore wind;GALP;GALPS92
GBT1;18WGBT1-12345-AS;GABET 1;GABET 1;11,4;Hydro UGH;ENDG;EBRFEN
GBT2;18WGBT2-12345-AI;GABET 2;GABET 2;11,5;Hydro UGH;ENDG;EBRFEN
GC21C01;18W0000000003FMI;GC2 PRO;GC2 PROYECTOS;0,1;Competitive suppliers;GC2;GC21C01
GCABRIT;18W000000000TWO7;GCABRIT;GCABRIT;30,0;Wonshore wind;GALP;GALPS95
GCALAM1;18W000000000RSLX;GCALAM1;GCALAM1;41,2;Solar PV;GESTE;FGST137
GCALAM2;18W000000000RSNT;GCALAM2;GCALAM2;41,2;Solar PV;GESTE;FGST138
GCALDE;18W000000000RVZX;GCALDE;GCALDE;22,5;Wonshore wind;GALP;GALPS63
GCANO;18W000000000R4I0;GUADACANO;UF SF GUADACANO;48,0;Solar PV;IGNIS;SGCANO
GCARBA;18W000000000RVYZ;GCARBA;GCARBA;40,0;Wonshore wind;GALP;GALPS62
GCBLNC1;18W000000000TWCV;GCBLNC1;GCBLNC1;48,0;Wonshore wind;GALP;GALPS89
GCENES1;18W-GCENES1-4--T;GCENES1;GCENES1;0,0;Generic;CENES;GCENES1
GCENTE1;18W-GCENTE1-3--B;GCENTE1;GCENTE1;500,0;Generic;CENTE;GCENTE1
GCOLMEN;18W000000000TM43;UFCOLMENAR;UFCOLMENAR;28,0;Wonshore wind;GALP;GALPS83
GCRBIS;18W000000000TS8E;GCRBIS;GCRBIS;1,0;Competitive suppliers;ENDCO;ENDER01
GDASB;18W000000000R70R;GDASB;GDASB;3,8;Solar PV;GNRA;FVGNRA
GDETI1;18W-GDETI1-90--P;GDETI1;GDETI1;0,0;Generic;DETIC;GDETI1
GDIVC01;18W-GDIVC01-7--W;GDIVC01;GDIVC01;0,1;Competitive suppliers;GDIVE;GDIVC01
GDLM;18WGDLM-12345-AU;GUADALM 1;GUADALMELLATO;5,1;Hydro UGH;ENDG;GDLQ
GDLN;18WGDLN-12345-AK;GUADALEN;GUADALEN;5,0;Hydro UGH;ENDG;GDLQ
GDME;18WGDME-12345-AP;GUADALM 2;GUADALMENA 1;14,9;Hydro UGH;ENDG;GDLQ
GDREUA1;18W000000000Q3UK;UG FOENER;GENERICA FOENER ENERGIA SL;20,0;Generic;DREUA;GDREUA1
GDUFER1;18W-GDUFER1-1--N;GDUFER1;GDUFER1;400,0;Generic;DUFER;GDUFER1
GEBLCO1;18W000000000JD12;GEBLCO1;GENERICA EBLCO;200,0;Generic;EBLCO;GEBLCO1
GECAMA;18W000000000NXBH;GECAMA;18W000000000NXBH;300,0;Wonshore wind;EGLE;EGECAM
GECASA;18W000000000035Q;GECASA;GECASA;4,2;Natural Gas Cogeneration;CEG;TGECAS
GECASA2;18W000000000QRSQ;GECASA2;GECASA2;1,6;Biomass;CEG;RGECASA
GECOMPO;18W000000000MJHE;GECOMPO;GECOMPO;1,5;Biogas;DETIC;GESTCOM
GEDESMA;18WGEDESMA-12-D5;GEDESMA;GEDESMA;15,5;Biogas;EGLE;RGEDES
GEDFT1;18W-GEDFT1-67--C;GEDFT1;GEDFT1;0,0;Generic;EDFT;GEDFT1
GEFG1;18W-GEFG1-321--J;GEFG1;GEFG1;150,0;Generic;EFG;GEFG1
GEGC01;18W-GEGC01-52--7;ENERG;ENERG;0,1;Competitive suppliers;ENERG;GEGC01
GEGED1;18W-GEGED1-71--R;GEGED1;GEGED1;0,0;Generic;EGED;GEGED1
GEGLE1;18W-GEGLE1-96--0;GEGLE1;GEGLE1;0,0;Generic;EGLE;GEGLE1
GEGSA1;18WGEGSA1-123-DX;GEGSA1;GENERACION ENERGÍAS GUADARRAN;37,0;Natural Gas Cogeneration;SEDAE;TFGEGS1
GEGSA2;18WGEGSA2-123-DP;GEGSA2;GEGSA II;37,0;Sundry waste;SEDAE;RVSEDAE
GEHRL;18W000000000O702;GEHRL;GEHRL;1,1;Solar PV;GNRA;FVGNRA
GELEGA1;18W000000000UCTG;UPGENERIC;UPGENERICA BILATERAL FISICA;1,0;Generic;ELEGA;GELEGA1
GELSA;18WGELSA-12345-C;GELSA;GELSA;5,7;Hydro non UGH;EBLCO;HGDF01
GEMASA;18WGEMASA-123-DO;GEMASA;GEMASA (COGENERACIÓN ERTISA);27,0;Natural Gas Cogeneration;SEDAE;TFGEMAS
GEMOCI;18W000000000MRGT;EMOCION;EMOCION;38,1;Solar PV;GALP;GALPS36
GEN-GE2;18W0000000001DSK;NEOSC ARAN;NEO SC ARAN SLU;14,9;Natural Gas Cogeneration;HISPE;TNEORAN
GENCEG1;18W000000000PA3K;GENENCEG;GENERICA INTERCONEXION ENCEG;30,0;Generic;EENER;GENCEG1
GENDG1;18W-GENDG1-38--8;GENDG1;GENDG1;0,0;Generic;ENDG;GENDG1
GENGES3;18W0000000001DTI;NEOSC CVER;NEO SC CINCA VERDE SLU;24,9;Natural Gas Cogeneration;HISPE;GENGES3
GENIL2;18W000000000NXY8;GNL2;GENIL2;1,2;Solar PV;GESTE;FGENIL2
GENL1;18W000000000NXVE;GNL1;GENIL1;4,2;Solar PV;GESTE;FGENIL1
GENVIT;18W000000000MRC0;ENVITERO;ENVITERO;35,0;Solar PV;GALP;GALPS32
GEOAC01;18W-GEOAC01-7--2;GEOAC01;UP COMPRA 1;3,0;Competitive suppliers;GEOAL;GEOAC01
GEOLC01;18W000000000RQRR;GEO LUZ Y ;GEO LUZ Y GAS SLU;0,6;Competitive suppliers;GEOLU;GEOLC01
GEPLAS;18WGEPLAS-123-DA;GEPLAS;GE PLASTICS;97,9;Natural Gas Cogeneration;EWCA;GEPLAS
GEQUISA;18WGEQUISA-12-D3;GEQUISA;GEQUISA;9,8;Natural Gas Cogeneration;EGLE;TGEC
GER1;18WGER1-12345-AE;GERIA 1;GERIA 1;0,3;Hydro UGH;IBEG;DUER
GER2;18WGER2-12345-A4;GERIA 2;GERIA 2;0,2;Hydro UGH;IBEG;DUER
GEROUT1;18W-GEROUT1-3--X;GEN EROUTE;ELECTROROUTE ENERGY TRADING LI;50,0;Generic;EROUT;GEROUT1
GES1;18WGES1-12345-A3;GESTALG 1 ;GESTALGAR 1;1,1;Hydro UGH;ASIE;ASIJUCA
GES2;18WGES2-12345-AU;GESTALG 2;GESTALGAR 2;0,8;Hydro UGH;ASIE;ASIJUCA
GESBRI;18W000000000OGID;GESBRI;GESBRI;1,0;Natural Gas Cogeneration;DETIC;COGGESB
GESCAMB;18W000000000TWP5;GESCAMB;GESCAMB;48,0;Wonshore wind;GALP;GALPS96
GESCAR;18W000000000MRB2;ESCARNES;ESCARNES;32,8;Solar PV;GALP;GALPS31
GESIC01;18W-GESIC01-3--H;GESTINER;GESTINER;0,5;Competitive suppliers;GESTI;GESIC01
GESLC01;18W000000000J2E9;GESL;GENERG;9,0;Competitive suppliers;GESL;GESLC01
GESOL2;18W000000000MRHR;ESCATRNSII;ESCATRON SOLAR II;38,0;Solar PV;GALP;GALPS37
GESPCX1;18W000000000LPH0;PORGENC;PORT_GEN_CMPRA;9.999,0;Porfolio;GESTE;GESPCX1
GESPLE;18W000000000MROD;ESPLENDOR;ESPLENDOR;40,2;Solar PV;GALP;GALPS43
GESPVX1;18W000000000LPG2;PORGENV;PORT_GEN_VNTA;9.999,0;Porfolio;GESTE;GESPVX1
GESSC01;18W-GESSC01-1--9;GESS;GESS;0,1;Competitive suppliers;GEST;GESSC01
GESTC01;18W-GESTC01-1--0;GESTE COMP;GESTERNOVA COMPRA;0,1;Competitive suppliers;GESTE;GESTC01
GETESA;18WGETESA-123-DI;GETESA;GETESA;41,3;Natural Gas Cogeneration;SEDAE;UPGETES
GEXT1;18W000000000RW2M;GEXT1;GEXT1;50,0;Solar thermal;GALP;GALPS65
GEXTIII;18W000000000QCAX;GEXTRESIII;GEXTRESOLIII;49,9;Solar thermal;GALP;GEXTIII
GEXTRII;18W000000000QC9Z;GEXTRESOII;GEXTRESOLII;49,9;Solar thermal;GALP;GEXTRII
GFORTI1;18W000000000RVMM;FORTGEN;FORTIA GENERICA;600,0;Generic;FORTI;GFORTI1
GFRGS1;18W-GFRGS1-55--L;GST;GST;300,0;Generic;FR_GS;GFRGS1
GGAC1;18W-GGAC1-111--Q;GACI;GEOATLANTER S.L.;0,0;Generic;GAC;GGAC1
GGMT1;18WGGMT1UF-----0;GMT GENÉR;GAZPROM UP GENER INTERCONEXIÓN;200,0;Generic;GMT;GGMT1
GGNCO1;18W-GGNCO1-74--1;GEN;UNIDAD GENÉRICA GNCOM;4.000,0;Generic;GNCO;GGNCO1
GGNRA1;18W-GGNRA1-67--8;GGNRA1;GGNRA1;400,0;Generic;GNRA;GGNRA1
GGSLZ1;18W000000000R7HU;GGSLZ1;GGSLZ1;50,0;Generic;GSLZE;GGSLZ1
GGUNV1;18W000000000OS37;GGUNV1;GGUNV1;10,0;Generic;GUNVOR;GGUNV1
GHAZAN;18W000000000MRMH;HAZAÑA SOL;HAZAÑA SOLAR;38,1;Solar PV;GALP;GALPS41
GHCG1;18W-GHCG1-320--K;GHCG1;GHCG1;0,0;Generic;HC G;GHCG1
GHIJAR1;18W000000000RSTH;GHIJAR1;GHIJAR1;41,2;Solar PV;GESTE;FGST141
GHISPE1;18W-GHISPE1-5--6;GHISPE1;GHISPE1;100,0;Generic;HISPE;GHISPE1
GIBEG1;18W-GIBEG1-48--X;GIBEG1;GIBEG1;1.200,0;Generic;IBEG;GIBEG1
GIBGES1;18W-GIBGES1-4--J;GIBGES1;UNIDAD GENÉRICA;1.200,0;Generic;IBGES;GIBGES1
GIBICOS;18W000000000S7U0;GIBICOS;FV ALGIBICOS;38,4;Solar PV;EGLE;FRREGOS
GIGANTS;18W000000000H2EH;PEGIGANTES;PE LOS GIGANTES;21,3;Wonshore wind;ECYR;EEGPES
GIGNI1;18W000000000NFP6;GENERICA1;UNIDAD GENERICA IGNIS;350,0;Generic;IGNIS;GIGNI1
GIL1;18W000000000TBAO;GIL1;GIL1;10,0;Solar PV;CEG;FGIL1
GILLENA;18W000000000PU9M;GILENA;GUILLENA;37,2;Solar PV;GESTE;FGILENA
GIRET;18W000000000T61K;GIRET;GIRET;1,7;Solar PV;GNRA;FVGNRA
GIS1;18WGIS1-12345-AT;GUISTOLAS;GUISTOLAS;1,7;Hydro UGH;IBEG;SIL
GISLETE;18W000000000TM8W;UFISLETE;UFISLETE;26,0;Wonshore wind;GALP;GALPS85
GISOL1;18W000000000MRFV;IGNISSOLAR;IGNIS SOLAR I;37,9;Solar PV;GALP;GALPS34
GJARON1;18W-GJARON1-6--E;GJARON1;GJARON1;0,0;Generic;JARON;GJARON1
GJO1;18WGJO1-12345-AO;GUIJO 1G;GUIJO GRANADILLA GR.1 GENERAC.;26,3;Hydro UGH;IBEG;TAJO
GJO1B;18WGJO1B-12345-W;GUIJO 1B;GUIJO GRANADILLA GR.1 BOMBEO;25,0;Pump consumption;IBEG;TAJB
GJO2;18WGJO2-12345-AE;GUIJO 2G;GUIJO GRANADILLA GR.2 GENERAC.;25,8;Hydro UGH;IBEG;TAJO
GJO2B;18WGJO2B-12345-M;GUIJO 2B;GUIJO GRANADILLA GR.2 BOMBEO;25,0;Pump consumption;IBEG;TAJB
GKN001;18W000000000S2H4;GKN001;GKN001;1,0;Competitive suppliers;ENDCO;ENDER01
GKN002;18W000000000S2I2;GKN002;GKN002;1,0;Competitive suppliers;ENDCO;ENDER01
GKVASI1;18W000000000U4GT;KVGEN;KVASIGENERICA;10,0;Generic;KVASI;GKVASI1
GLICB01;18W000000000QPCR;GLICB01;GLICB01;1,8;Solar PV;GNRA;FVGNRA
GLOGRO;18W000000000MRT3;LOGRO;PARQUE LOGRO;44,1;Solar PV;GALP;GALPS23
GLOSILL;18W000000000TWWS;GLOSILL;GLOSILL;24,0;Wonshore wind;GALP;GALPS99
GLOVI1;18W000000000SOPX;GLOVI1;GLOBASOL - VILLANUEVA 1 FASE;5,0;Solar PV;SOLRC;FSOLRC
GLOVI2;18W000000000SOQV;GLOVI2;GLOBASOL - VILLANUEVA 1 FASE;5,0;Solar PV;SOLRC;FSOLRC
GMARTB1;18W000000000R87A;UPGENERICA;UPGENERICA BILATERAL FISICO;1,0;Generic;MARTB;GMARTB1
GMEC01;18W000000000NOB7;GME;GARCIA MUNTE;1,0;Competitive suppliers;GME;GMEC01
GMEDIO;18W000000000MREX;MEDIOMONTE;MEDIOMONTE;37,9;Solar PV;GALP;GALPS35
GMEEC01;18W000000000PSJ8;GMEEC01;GMEEC01;901,6;Market direct consumption;GME;GMEEC01
GMERCU1;18W-GMERCU1-9--D;MERCU;MERCU;500,0;Generic;MERCU;GMERCU1
GMETEE1;18W000000000Q160;UP METGEN;UP METGEN;100,0;Generic;METEN;GMETEE1
GMJLS1;18W000000000TWFP;GMJLS1;GMJLS1;49,5;Wonshore wind;GALP;GALPS90
GMNRJO;18W000000000K2IY;GAMONAREJO;UF SOLAR GAMONAREJO;43,1;Solar PV;NEXU;FGMNRJ
GMOCAT;18W000000000MRDZ;MOCATERO;MOCATERO;30,3;Solar PV;GALP;GALPS33
GMONTE;18W000000000RVX0;GMONTE;GMONTE;48,0;Wonshore wind;GALP;GALPS61
GMTCP3;18W-GMTCP3-83--0;GMT EXP CO;GMT, EXPORTACIÓN DE ENERGÍA A;200,0;Import France;GMT;GMTCP3
GMTVP3;18W-GMTVP3-27--S;GMT IMP CO;GMT, IMPORTACIÓN DE ENERGÍA DE;200,0;Export France;GMT;GMTVP3
GNCOC01;18W-GNCOC01-8--4;GNCOC01;GNCOC01;1.200,0;Competitive suppliers;GNCO;GNCOC01
GNCOCP3;18W000000000F7J0;GNCOCP3;GNCO DERECH COMPRA FRANCIA;0,0;Import France;GNCO;GNCOCP3
GNCOVP3;18W000000000F7KZ;GNCOVP3;GNCO DERECH VENTA FRANCIA;0,0;Export France;GNCO;GNCOVP3
GNCPCX1;18W000000000F8W8;GNCPCX1;GNCO PORTFOLIO COMPRA;9.999,0;Porfolio;GNCO;GNCPCX1
GNCPVX1;18W000000000F79K;GNCPVX1;GNCO PORTFOLIO VENTA;9.999,0;Porfolio;GNCO;GNCPVX1
GNEAS1;18W-GNEAS1-16--M;NEAS-CG;NEAS-CG;350,0;Generic;NEAS;GNEAS1
GNEBINA;18W000000000TWLD;GNEBINA;GNEBINA;20,0;Wonshore wind;GALP;GALPS93
GNEXU1;18W-GNEXU1-24--O;GNEXU1;GNEXU1;0,0;Generic;NEXU;GNEXU1
GNFRC01;18W0000000006WMT;GNFRC01;GAS NATURAL FENOSA RENOVABLES;200,0;Competitive suppliers;GNCE;GNFRC01
GNIDH1;18W000000000RO8Y;GNIDH1;NIDHOG GENERAL;100,0;Generic;NIDHO;GNIDH1
GNOBLE1;18W-GNOBLE1-8--G;GENERIC;GENERIC UNIT;100,0;Generic;NOBLE;GNOBLE1
GNOGUER;18W000000000TM51;UFNOGUERA;UFNOGUERA;28,9;Wonshore wind;GALP;GALPS84
GNRAC01;18W-GNRAC01-3--0;GNRAC01;UP COMERCIALIZADORA NACIONAL;28,1;Competitive suppliers;GNRA;GNRAC01
GNRACP3;18W-GNRACP3-9--B;GNRACP3;GNRACP3;400,0;Import France;GNRA;GNRACP3
GNRAVP3;18W-GNRAVP3-6--J;GNRAVP3;GNRAVP3;400,0;Export France;GNRA;GNRAVP3
GNRPCX1;18W000000000B0Z5;GNRPCX1;GNRPCX1;9.999,0;Porfolio;GNRA;GNRPCX1
GNRPVX1;18W000000000B0Y7;GNRPVX1;GNRPVX1;9.999,0;Porfolio;GNRA;GNRPVX1
GNSEC01;18W-GNSEC01-6--G;GNSEC01;GNSEC01;0,0;Competitive suppliers;GNSE;GNSEC01
GNSUC01;18W-GNSUC01-3--W;GNSUC01;GAS NATURAL SUR COMPRA;3.500,0;Suppliers of last resort;GNSUR;GNSUC01
GNSUCEB;18W-GNSUCEB-9--Z;GNSUCEB;GNSUCEB;408,0;Balearic HVDC Link;GNSUR;GNSUCEB
GOBA;18WGOBA-12345-AH;GOBANTES;GOBANTES;3,2;Hydro UGH;ENDG;GDLQ
GOENC01;18W-GOENC01-2--6;GODAY ENER;GODAY ENERGA;3,0;Competitive suppliers;GOENC;GOENC01
GOICCX1;18W000000000P37X;PORGENC;PORT_GEN_CMPRA;9.999,0;Porfolio;GOIEN;GOICCX1
GOICVX1;18W000000000P39T;PORGENV;PORT_GEN_VNTA;9.999,0;Porfolio;GOIEN;GOICVX1
GOIEC01;18W-GOIEC01-5--Z;GOIEC01;GOIEC01;0,1;Competitive suppliers;GOIEN;GOIEC01
GOIEV01;18W0000000008CVQ;GOIEV01;UP GOIENER REPRESENTACION VENT;0,6;Biogas;GOIEN;GOIEV01
GOIEV02;18W000000000ARJY;GOIEV02;UP GOIENER REPRE VENTA SOLAR;1,2;Solar PV;GOIEN;GOIEV02
GOIEV03;18W000000000BLJB;HYIBCUR;IB CUR  ( TARIFA, HIDRÁULICA,;4,0;Hydro non UGH;GOIEN;GOIEV03
GOIZUE;18WGOIZUE-1234-V;GOIZUE;C. H. GOIZUETA;2,4;Hydro non UGH;EGED;HFEGED
GOLSC;18W000000000QY6C;GOLSC;GOLSC;1,7;Solar PV;GNRA;FVGNRA
GOMERA;18WGOMERA-1234-Y;GOMERA;GOMERA;18,0;Wonshore wind;IBGES;EHIBGES
GONE1;18W-GONE1-882--5;GONE1;GONE1;0,0;Generic;ONE;GONE1
GONFW;18W000000000PWZ1;GONFW;GONFW;7,0;Solar PV;GNRA;UPGON
GONGOR2;18WGONGOR2-123-8;GONGOR2;GONGORA 2;1,5;Biogas;CEG;RCOPAMP
GONGORA;18WGONGORA-123-Q;GONGORA;GONGORA;0,8;Biogas;CEG;RCOPAMP
GOPENO;18WGOPENO--123-N;GOPENO;P.E. GOIA PEÑOTE;40,0;Wonshore wind;IBGES;EHIBGES
GOPIX;18W000000000TTT6;GOPIX;GOPIX;1,2;Solar PV;GNRA;UPSON1
GORBEIK;18W000000000T759;GORBEIK;UF SOLAR GORBEIALDEKO;1,0;Solar PV;NEXU;FGORBEI
GORGEL1;18WGORGEL1-123-Z;GORGEL1;PLANTA GENERACION EL GORGUEL 1;3,1;Biogas;SHELL;SESBIO5
GORGOL;18WGORGOL-1234-9;GORGOL;GORGOL;3,5;Hydro non UGH;CEG;HGORGOL
GPALAB;18W000000000MRPB;PALABRA;PALABRA;40,2;Solar PV;GALP;GALPS38
GPEREA;18W000000000RHIZ;GPEREA;GPEREA;40,8;Solar PV;GALP;GALPS54
GPFLOR2;18W000000000RSVD;GPFLOR2;GPFLOR2;41,2;Solar PV;GESTE;FGST142
GPIBCUR;18W-GPIBCUR-1--Y;GPIBCUR;IBERDROLA CUR  ( GEOTÉRMICA-HI;0,0;Geothermal and Ocean;IBCUR;GPIBCUR
GPITA;18W000000000PJUD;GPITA;GPITA;30,3;Solar PV;GALP;GALPS44
GPITB;18W000000000PJVB;PITARCO B;PITARCO B;8,5;Solar PV;GALP;GALPS44
GPITC;18W000000000PJW9;PITARCO C;PITARCO C;9,0;Solar PV;GALP;GALPS44
GPOWER1;18W0000000000PAO;PM GENERIC;POWERMART GENERIC;300,0;Generic;POWER;GPOWER1
GPTOL;18W000000000L26H;GPTOL;GPTOL;1,1;Solar PV;GNRA;FVGNRA
GR11;18WGR11-12345-AX;GRADO I 1;GRADO I 1;9,2;Hydro UGH;ENDG;EBRACC2
GR12;18WGR12-12345-AN;GRADO I 2;GRADO I 2;9,2;Hydro UGH;ENDG;EBRACC2
GR21;18WGR21-12345-AM;GRADO II 1;GRADO II 1;12,0;Hydro UGH;ENDG;EBRACC2
GR22;18WGR22-12345-AC;GRADO II 2;GRADO II 2;13,6;Hydro UGH;ENDG;EBRACC2
GRA1;18WGRA1-12345-A8;GRANADA 1;GRANADA 1;0,7;Hydro UGH;GNRA;GRANA
GRA2;18WGRA2-12345-AZ;GRANADA 2;GRANADA 2;0,3;Hydro UGH;GNRA;GRANA
GRABI;18W000000000OBU4;GRABI;GRABI;9,9;Natural Gas Cogeneration;GNRA;CGGRABI
GRADO;18WGRADO-1234-EQ;GRADO;GRADO;27,2;Wonshore wind;IBGES;EHIBGES
GRAFC01;18W000000000FFFL;GRAFC01;GRAFC01;0,6;Market direct consumption;GRAFV;GRAFC01
GRAIADE;18WGRAIADE-123-R;GRAIADE;P.E. GRAIADE;19,8;Wonshore wind;EGLE;EGRAIA
GRALLAS;18WGRALLAS-123-9;GRALLAS;P.E. CHAO DAS GRALLAS;28,0;Wonshore wind;EGED;EABARA
GRAMAL;18WGRAMAL-123-EQ;GRAMAL;P. E. EL GRAMAL;37,4;Wonshore wind;HC G;HCGSIHA
GRANADO;18WGRANADO-12-E0;GRANADO;GRANADO;14,4;Wonshore wind;EGED;EGREEN
GRANDE;18WGRANDE-123-E8;GRANDE;P.E. PEÑAGRANDE;17,1;Wonshore wind;EGED;EFEGEL1
GRANIBE;18W000000000U02W;GRANIBE;GRANIBE;1,0;Competitive suppliers;EDPCL;EDPCR01
GRANUJA;18WPEGRANUJALESF;GRANUJA;PE GRANUJALES;24,0;Wonshore wind;ECYR;EEGPEM
GRANYAN;18W000000000TPRM;PS GRANYAN;PS GRANYANELLA 1;3,6;Solar PV;EPYM;EYPPV4
GRDZ;18WGRDZ-12345-A5;GERDIZ;GERDIZ;0,9;Hydro UGH;WMARK;GRDZ
GREARA;18W000000000TVHO;GREARA;GREARA;1,0;Competitive suppliers;SHELL;SESAR01
GRECAT;18WGRECAT--1234A;GRECAT;GRECAT;5,2;Sundry waste;DETIC;RVGRECA
GREEC01;18W000000000RQYD;GREEC01UP;GREEC01 UP;0,0;Competitive suppliers;GRNSR;GREEC01
GREENAL;18W000000000H2M1;GREENAL;GREENALIA;49,9;Biomass;NEXU;RCURTIS
GREFAV;18W000000000TVIM;GREFAV;GREFAV;1,0;Competitive suppliers;SHELL;SESAR01
GRENC01;18W000000000SM0F;GREEN360;GREENENERGY360;1,0;Competitive suppliers;GREAL;GRENC01
GREPSB1;18W000000000LH77;GREPSB1;UP GENERICA REPSOL SERVICIOS R;1.500,0;Generic;REPSB;GREPSB1
GRIBAG;18W000000000MRIP;RIBAGRANDE;RIBAGRANDE;38,1;Solar PV;GALP;GALPS29
GRIEP1;18W000000000TBK4;GRIEP1;GRIEP1;44,0;Solar PV;GNRA;UPGRIE1
GRIEP2;18W000000000TBI8;GRIEP2;GRIEP2;44,0;Solar PV;GNRA;UPGRIE2
GRIFOL;18WGRIFOL-1234-8;GRIFOLS;GRIFOLS;6,0;Natural Gas Cogeneration;AME;TGRIFOL
GRIJOTA;18WGRIJOTA-12--B;GRIJOTA;GRIJOTA;4,9;Wonshore wind;IBGES;EHIBGES
GROBLE;18W000000000MRLJ;EL ROBLEDO;EL ROBLEDO;38,0;Solar PV;GALP;GALPS40
GRPANIA;18W000000000JM0E;GRPANIA;GRESPANIA;4,9;Natural Gas Cogeneration;WMARK;TGRESP
GRTEC01;18W0000000005EXS;GERENTA_E;GERENTA ENERGIA SL;100,0;Competitive suppliers;GRTEN;GRTEC01
GSALMN;18W000000000TWXQ;GSALMN;GSALMN;37,5;Wonshore wind;GALP;GALPT01
GSAMP1;18W-GSAMP1-72--K;GSAMP1;GSAMP1;0,0;Generic;SAMP;GSAMP1
GSANTOS;18W000000000T2LT;GSANTOS;FV GUILLENA SANTOS;10,6;Solar PV;EGLE;FMAMAQ
GSCUCH1;18W000000000RSPP;GSCUCH1;GSCUCH1;41,2;Solar PV;GESTE;FGST139
GSCUCH2;18W000000000RSRL;GSCUCH2;GSCUCH2;41,2;Solar PV;GESTE;FGST140
GSECOB1;18W000000000R7XZ;GSECOB1;GENERIC UNIT;100,0;Generic;SECOB;GSECOB1
GSERON1;18W000000000TM9U;UFSERON1A;UFSERON1A;49,5;Wonshore wind;GALP;GALPS86
GSERON2;18W000000000TMAS;UFSERON2;UFSERON2;10,0;Wonshore wind;GALP;GALPS87
GSETC01;18W-GSETC01-3--F;COMERCIALI;COMERCIALI;45,0;Competitive suppliers;GSETT;GSETC01
GSF193;18W000000000TACN;GSF193;GSF193;1,1;Solar PV;GESTE;FGST193
GSF196;18W000000000TAM3;GSF196;GSF196;1,3;Solar PV;GESTE;FGST196
GSH200;18W000000000TCAL;GSH200;GSH200;1,9;Hydro non UGH;GESTE;HGST200
GSH201;18W000000000TCCH;GSH201;GSH201;2,1;Hydro non UGH;GESTE;HGST201
GSH203;18W000000000TCG9;GSH203;GSH203;1,8;Hydro non UGH;GESTE;HGST203
GSHEEN1;18W-GSHEEN1-2--L;SHEEN GENE;SHELL ENERGY TRADING UP GENÉRI;1.200,0;Generic;SHEEN;GSHEEN1
GSIERZ;18W000000000MRJN;SIERREZUEL;SIERREZUELA;38,2;Solar PV;GALP;GALPS30
GSJ196;18W000000000TAN1;GSJ196;GSJ196;1,1;Solar PV;GESTE;FGST196
GSLZB1;18W000000000P4UL;GSLZB1;GSLZB1;10,8;Solar PV;IGNIS;UPALTE2
GSLZB2;18W000000000PQ39;CACERES 1;CACERES 1;41,9;Solar PV;IGNIS;GSLZV02
GSLZB3;18W000000000PQ47;CACERES 2;CACERES 2;41,9;Solar PV;IGNIS;GSLZV03
GSLZB4;18W000000000PW2U;GSLZB4;GSLZB4;24,2;Solar PV;IGNIS;UPALTE3
GSLZB6;18W000000000QE18;GSLZB6;JEREZ 2020;9,8;Solar PV;GSLZE;GSLZV06
GSLZB7;18W000000000QHAI;GSLZB7;GSLZB7;10,0;Solar PV;GSLZE;GSLZV07
GSLZB8;18W000000000QXOG;GSLZB8;ALCONCHEL 2021;9,8;Solar PV;GSLZE;GSLZV08
GSLZB9;18W000000000QXQC;GSLZB9;ALCONCHEL 2021;5,0;Solar PV;GSLZE;GSLZV09
GSLZC01;18W000000000I8Q8;GSLZC01;GSLZC01;0,1;Competitive suppliers;GSLZE;GSLZC01
GSLZV04;18W000000000PX0V;GSLZV04;GSLZV04;2,6;Solar PV;GSLZE;GSLZV04
GSMARC1;18W000000000TPJ1;SMARCGENER;SMARCGENERICA;10,0;Generic;SMARC;GSMARC1
GSMG1;18W-GSMG1-405--5;GSMG1;GSMG1;270,0;Generic;SMG;GSMG1
GSSEEN1;18W000000000T2ON;GENERICA_F;GENERICA_FRANCIA;20,0;Generic;SSEEN;GSSEEN1
GST156;18W000000000S4JV;FGST156;FGST156;3,0;Solar PV;GESTE;FGST156
GST157;18W000000000S8CX;FGST157;FGST157;2,0;Solar PV;GESTE;FGST157
GST158;18W000000000SA62;FGST158;FGST158;0,5;Solar PV;GESTE;FGST158
GST159;18W000000000SABT;FGST159;FGST159;0,9;Solar PV;GESTE;FGST159
GST160;18W000000000SFG4;FGST160;FGST160;3,5;Solar PV;GESTE;FGST160
GST161;18W000000000SFI0;FGST161;FGST161;4,0;Solar PV;GESTE;FGST161
GST162;18W000000000SIIS;FGST162;FGST162;22,8;Solar PV;GESTE;FGST162
GST167;18W000000000SMJE;GST167;GST167;1,9;Solar PV;GESTE;FGST167
GST168;18W000000000SXS0;GST168;GST168;16,4;Solar PV;GESTE;FGST168
GST169;18W000000000SYGL;GST169;GST169;1,2;Solar PV;GESTE;FGST169
GST170;18W000000000SYIH;GST170;GST170;5,0;Solar PV;GESTE;FGST170
GST171;18W000000000SYLB;GST171;GST171;4,4;Solar PV;GESTE;FGST171
GST174;18W000000000SZL8;GST174;GST174;39,0;Wonshore wind;GESTE;EGST174
GST175;18W000000000SZN4;GST175;GST175;51,0;Wonshore wind;GESTE;EGST175
GST176;18W000000000T3KS;GST176;GST176;130,0;Solar PV;GESTE;FGST176
GST177;18W000000000T3MO;GST177;GST177;193,2;Solar PV;GESTE;FGST177
GST178;18W000000000T3RE;GST178;GST178;4,7;Solar PV;GESTE;FGST178
GST179;18W000000000T4PF;GST179;GST179;3,0;Solar PV;GESTE;FGST179
GST180;18W000000000T4RB;GST180;GST180;3,0;Solar PV;GESTE;FGST180
GST181;18W000000000T4T7;GST181;GST181;3,0;Solar PV;GESTE;FGST181
GST183;18W000000000T6R5;GST183;GST183;2,8;Solar PV;GESTE;FGST183
GST184;18W000000000T6T1;GST184;GST184;4,0;Solar PV;GESTE;FGST184
GST185;18W000000000T6WW;GST185;GST185;6,0;Solar PV;GESTE;FGST185
GST186;18W000000000T7BY;GST186;GST186;3,0;Solar PV;GESTE;FGST186
GST187;18W000000000T7DU;GST187;GST187;0,9;Solar PV;GESTE;FGST187
GST188;18W000000000T8AX;GST188;GST188;50,0;Solar thermal;GESTE;TGST188
GST189;18W000000000T91B;GST189;GST189;4,7;Solar PV;GESTE;FGST189
GST193;18W000000000TABP;GST193;GST193;1,3;Solar PV;GESTE;FGST193
GST194;18W000000000TAEJ;GST194;GST194;1,5;Solar PV;GESTE;FGST194
GST196;18W000000000TAL5;GST196;GST196;1,3;Solar PV;GESTE;FGST196
GST197;18W000000000TAQW;GST197;GST197;4,1;Solar PV;GESTE;FGST197
GST199;18W000000000TAUO;GST199;GST199;1,2;Solar PV;GESTE;FGST199
GST204;18W000000000TCJ3;GST204;GST204;2,0;Solar PV;GESTE;FGST204
GST205;18W000000000TCMY;GST205;GST205;3,0;Solar PV;GESTE;FGST205
GST206;18W000000000TCOU;GST206;GST206;2,0;Solar PV;GESTE;FGST206
GST208;18W000000000TCTK;GST208;GST208;1,4;Hydro non UGH;GESTE;HGST208
GST209;18W000000000TCVG;GST209;GST209;3,5;Hydro non UGH;GESTE;HGST209
GST210;18W000000000TFSD;GST210;GST210;4,2;Solar PV;GESTE;FGST210
GST211;18W000000000TFU9;GST211;GST211;3,0;Solar PV;GESTE;FGST211
GST212;18W000000000TFW5;GST212;GST212;3,0;Solar PV;GESTE;FGST212
GST213;18W000000000THMJ;GST213;GST213;3,3;Solar PV;GESTE;FGST213
GST214;18W000000000TJ76;GST214;GST214;0,9;Solar PV;GESTE;FGST214
GST215;18W000000000TNK5;GST215;GST215;1,8;Solar PV;GESTE;FGST215
GST216;18W000000000TNM1;GST216;GST216;1,7;Solar PV;GESTE;FGST216
GST217;18W000000000TNPW;GST217;GST217;1,1;Solar PV;GESTE;FGST217
GST218;18W000000000TNRS;GST218;GST218;2,0;Solar PV;GESTE;FGST218
GST219;18W000000000TO13;GST219;GST219;1,8;Solar PV;GESTE;FGST219
GST220;18W000000000TO4Y;GST220;GST220;1,7;Solar PV;GESTE;FGST220
GST221;18W000000000TO6U;GST221;GST221;3,0;Solar PV;GESTE;FGST221
GST222;18W000000000TO8Q;GST222;GST222;9,9;Solar PV;GESTE;FGST222
GST224;18W000000000TOCI;GST224;GST224;1,6;Solar PV;GESTE;FGST224
GST225;18W000000000TOGA;GST225;GST225;10,0;Solar PV;GESTE;FGST225
GST226;18W000000000TOI6;GST226;GST226;2,0;Solar PV;GESTE;FGST226
GST229;18W000000000TOTL;GST229;GST229;49,9;Solar thermal;GESTE;TGST229
GST230;18W000000000U1QI;GST230;GST230;1,4;Hydro non UGH;GESTE;HGST230
GST231;18W000000000U5LG;GST231;GST231;4,0;Solar PV;GESTE;FGST231
GST232;18W000000000U6O7;GST232;GST232;2,0;Solar PV;GESTE;FGST232
GST233;18W000000000U6R1;GST233;GST233;2,0;Solar PV;GESTE;FGST233
GST234;18W000000000U6UW;GST234;GST234;2,0;Solar PV;GESTE;FGST234
GST235;18W000000000U6WS;GST235;GST235;1,9;Solar PV;GESTE;FGST235
GST236;18W000000000U6YO;GST236;GST236;1,9;Solar PV;GESTE;FGST236
GST237;18W000000000U7GK;GST237;GST237;6,0;Wonshore wind;GESTE;EGST237
GST238;18W000000000U7IG;GST238;GST238;6,8;Wonshore wind;GESTE;EGST238
GST239;18W000000000U7KC;GST239;GST239;13,6;Wonshore wind;GESTE;EGST239
GST240;18W000000000U7M8;GST240;GST240;1,6;Wonshore wind;GESTE;EGST240
GST241;18W000000000U7O4;GST241;GST241;4,2;Solar PV;GESTE;FGST241
GST242;18W000000000U7Q0;GST242;GST242;4,0;Solar PV;GESTE;FGST242
GST243;18W000000000U7SX;GST243;GST243;9,8;Solar PV;GESTE;FGST243
GST244;18W000000000U8VO;GST244;GST244;49,9;Wonshore wind;GESTE;EGST244
GST245;18W000000000U909;GST245;GST245;50,0;Solar PV;GESTE;FGST245
GST246;18W000000000UATM;GST246;GST246;75,0;Solar PV;GESTE;FGST246
GST247;18W000000000UAVI;GST247;GST247;49,9;Wonshore wind;GESTE;EGST247
GST248;18W000000000UAXE;GST248;GST248;1,4;Solar PV;GESTE;FGST248
GST249;18W000000000UEAB;GST249;GST249;20,0;Solar PV;GESTE;FGST249
GST250;18W000000000UEC7;GST250;GST250;2,4;Solar PV;GESTE;FGST250
GST251;18W000000000UF2O;GST251;GST251;16,0;Solar PV;GESTE;FGST251
GST255;18W000000000UG97;GST255;GST255;36,6;Solar PV;GESTE;FGST255
GST300;18W000000000TRLS;GST300;GST300;26,0;Wonshore wind;GESTE;EGST300
GST301;18W000000000TRNO;GST301;GST301;40,0;Wonshore wind;GESTE;EGST301
GST304;18W000000000TXO4;GST304;GST304;42,0;Solar PV;GESTE;FGST304
GST305;18W000000000TXQ0;GST305;GST305;42,0;Solar PV;GESTE;FGST305
GST306;18W000000000TXSX;GST306;GST306;42,0;Solar PV;GESTE;FGST306
GST307;18W000000000TXUT;GST307;GST307;49,8;Solar PV;GESTE;FGST307
GSTB228;18W000000000TP4V;GSTB228;GSTB228;41,5;Wonshore wind;GESTE;EGST228
GSTCP3;18W-GSTCP3-35--P;GSTCP3;GSTCP3;400,0;Import France;FR_GS;GSTCP3
GSTVP3;18W-GSTVP3-56--P;GSTVP3;GSTVP3;400,0;Export France;FR_GS;GSTVP3
GTALEN;18W000000000MRNF;TALENTO;TALENTO;38,2;Solar PV;GALP;GALPS42
GTAMBO1;18W000000000RSX9;GTAMBO1;GTAMBO1;41,2;Solar PV;GESTE;FGST143
GTESO1;18W000000000RW0Q;GTESO1;GTESO1;50,0;Wonshore wind;GALP;GALPS64
GTIJOLA;18W000000000TMBQ;UFTIJOLA;UFTIJOLA;36,0;Wonshore wind;GALP;GALPS88
GTOLEDO;18W000000000TBTN;TOLEDO;TOLEDO;42,8;Solar PV;GALP;GALPS79
GTORVIS;18W000000000TWIJ;GTORVIS;GTORVIS;24,0;Wonshore wind;GALP;GALPS91
GTOTGA1;18W-GTOTGA1-3--O;GTOTGA1;GTOTGA1;2.000,0;Generic;TOTGA;GTOTGA1
GTSRDE1;18W000000000IY0J;GTSRDE1;TSRDE GENERIC;500,0;Generic;TSRDE;GTSRDE1
GUADA;18WGUADA-1234--Z;GUADA;HGUADA;5,2;Hydro non UGH;GNRA;GUADA
GUADAL;18WGUADALE-123-E;GUADALETE;EDAR GUADALETE;0,4;Biogas;ECYR;REGPE3
GUADALI;18WGUADALI-123-N;GUADALI;C.H.GUADALIMAR;20,0;Hydro non UGH;HC G;HGDALI
GUADCZR;18W000000000U32N;GUADCZR;UFI SOLAR GUADALCUZAR;36,0;Solar PV;NEXU;FGUADCZ
GUADIX;18W000000000IYKG;GUADIX;18W000000000IYKG;6,0;Solar PV;EGLE;FEBISU
GUADRNQ;18W000000000OP0M;GUADRNQ;GUADARRANQUE;12,3;Solar PV;INTRA;INTRE02
GUAFW;18W000000000OYRF;GUAFW;GUAFW;1,0;Solar PV;GNRA;FVGNRA
GUALBA3;18WGUALBA3-123-G;GUALBA3;UF GUALBA3;1,0;Hydro non UGH;EFG;HGEFG
GUASOCA;18W000000000UE7H;GUASOCA;GUASOCAPELLA;1,9;Solar PV;RSPRA;FFRSPRA
GUASOJA;18W000000000UE6J;GUASOJACA;GUASOJACA;2,0;Solar PV;RSPRA;FFRSPRA
GUASS01;18W000000000SDL0;UF GUASCOR;UF GUASCOR;13,5;Residual energy;TRISO;GUAAS01
GUCANTA;18WGUADALCANTALC;GUCANTA;CANTALEJOS GUADALTEBA;16,4;Wonshore wind;HC G;HCGSCSA
GUERIN1;18WGUERIN1-12-E0;GUERIN1;P. E. GUERINDA 1;24,6;Wonshore wind;EGED;EGREEN
GUERIN2;18WGUERIN2-12-EU;GUERIN2;P. E. GUERINDA 2;24,6;Wonshore wind;EGED;EGREEN
GUERIN3;18WGUERIN3-12-EN;GUERIN3;P. E. GUERINDA 3;25,0;Wonshore wind;EGED;EGREEN
GUI1;18WGUI1-12345-FM;GUILLEN 1G;GUILLENA GR.1 GENERAC.;68,9;Turbine pumping;ENDG;GUIG
GUI1B;18WGUI1B-12345-3;GUILLEN 1B;GUILLENA GR.1 BOMBEO;75,0;Pump consumption;ENDG;GUIB
GUI2;18WGUI2-12345-FC;GUILLEN 2G;GUILLENA GR.2 GENERAC.;68,9;Turbine pumping;ENDG;GUIG
GUI2B;18WGUI2B-12345-U;GUILLEN 2B;GUILLENA GR.2 BOMBEO;75,0;Pump consumption;ENDG;GUIB
GUI3;18WGUI3-12345-F2;GUILLEN 3G;GUILLENA GR.3 GENERAC.;68,9;Turbine pumping;ENDG;GUIG
GUI3B;18WGUI3B-12345-K;GUILLEN 3B;GUILLENA GR.3BOMBEO;75,0;Pump consumption;ENDG;GUIB
GUICO;18W000000000PRHF;GUICO;GUICO;5,5;Solar PV;GNRA;UPGUICO
GUILLEN;18W000000000HBIJ;PSFGUILLEN;PSFGUILLENA;100,0;Solar PV;HISPE;FGUILLE
GUISC01;18W-GUISC01-1--7;GUISC01;GUISC01;10,0;Competitive suppliers;GUIS;GUISC01
GUISC02;18W-GUISC02-4--Q;GUIS CD;GUIS CONSUMIDOR DIRECTO;7.663,4;Market direct consumption;GUIS;GUISC02
GUISONA;18WGUISONA-12-DG;GUISONA;GUISONA-CLOSA;27,7;Natural Gas Cogeneration;GUIS;GUISGN
GUM1;18WGUM1-12345-AP;GUIMIL 1;GUIMIL I;1,5;Hydro UGH;GNFG;UFGC
GUM2;18WGUM2-12345-AF;GUIMIL 2;GUIMIL II;1,4;Hydro UGH;GNFG;UFGC
GUMA;18WGUMA-123456-A;GUMA;18WGUMA-123456-A;2,2;Hydro non UGH;EGLE;HVADOC
GUNEL01;18W000000000OR64;GUNEL01;UNIDAD GENERICA;270,0;Generic;UNEL;GUNEL01
GUNVCP3;18W000000000OX1X;GUNVCP3;GUNVCP3;10,0;Import France;GUNVOR;GUNVCP3
GUNVVP3;18W000000000OX2V;GUNVVP3;GUNVVP3;10,0;Export France;GUNVOR;GUNVVP3
GURBC01;18W000000000KABO;GURBC01;GURBC01;0,1;Competitive suppliers;GURBT;GURBC01
GUROMAN;18W000000000SKUZ;GUROMAN;UF SOLAR GUARROMAN 81;5,0;Solar PV;NEXU;FGROMAN
GURREA;18WGURREA-1234-5;GURREA;18WGURREA-1234-5;1,1;Hydro non UGH;ITURB;HFITURB
GUZMAN;18W000000000RE8R;GUZMAN;UF SOLAR GUZMAN;42,4;Solar PV;NEXU;FGUZMAN
GVALDE;18W000000000MRKL;VALDELAGUA;VALDELAGUA;40,4;Solar PV;GALP;GALPS39
GVALDES;18W000000000OV3Z;VALDIVIESO;VALDIVIESO;41,0;Solar PV;GALP;GALPS28
GVEGAS;18W000000000TM7Y;UFVEGAS;UFVEGAS;22,0;Wonshore wind;GALP;GALPS85
GVEGON;18W000000000RHJX;GVEGON;GVEGON;40,8;Solar PV;GALP;GALPS55
GVIEG1;18W-GVIEG1-60--R;GVIEG1;GVIEG1;0,0;Generic;VIEG;GVIEG1
GVILLA1;18W000000000TWMB;GVILLA1;GVILLA1;34,0;Wonshore wind;GALP;GALPS94
GVISA1;18W000000000SNDN;GVISA1;UP GENERICA VISALIA;65,0;Generic;VISAL;GVISA1
GVITOL1;18W000000000OYF2;GVITOL01;UP GENERICA FRANCIA;500,0;Generic;VITOL;GVITOL1
GWHCC01;18W000000000UGYV;GWHCC01;ESGWHCC01;0,0;Competitive suppliers;GWHCO;GWHCC01
GWMARK1;18W000000000UH0M;GWMARK1;UNIDAD GENERICA WMARK;50,0;Generic;WMARK;GWMARK1
GYEEXXI;18W-GYEEXXI-7--B;GYEEXXI;GYEEXXI;0,0;Geothermal and Ocean;EEXXI;GYEEXXI
GYG1;18WGYG1-12345-A6;GGALAN GEN;GABRIEL Y GALAN GR.1 GENERAC.;110,4;Hydro UGH;IBEG;TAJO
GYG1B;18WGYG1B-12345-E;GGALAN BOM;GABRIEL Y GALAN GR.1 BOMBEO;90,0;Pump consumption;IBEG;TAJB
GYGNRA;18W-GYGNRA-92--I;OLAS;PLANTA DE APROVECHAMENTO DE LA;0,2;Geothermal and Ocean;GNRA;GYGNRA
GYIBCUR;18W-GYIBCUR-1--9;GYIBCUR;IBERDROLA CUR  ( GEOTÉRMICA-HI;0,0;Geothermal and Ocean;IBCUR;GYIBCUR
GZO1;18WGZO1-12345-AH;GURIE INF1;GURIEZO INFERIOR 1;1,1;Hydro UGH;ASIE;ASIAGU
GZO2;18WGZO2-12345-A7;GURIE INF2;GURIEZO INFERIOR 2;1,1;Hydro UGH;ASIE;ASIAGU
GZO3;18WGZO3-12345-AY;GURIE SUP;GURIEZO SUPERIOR 1;1,1;Hydro UGH;ASIE;ASIAGU
HAFEC01;18W000000000RKS6;HAFESA;HAFESA MOBILITY ELC SL;1,0;Competitive suppliers;HAFES;HAFEC01
HAGUEDA;18WHAGUEDA-123-O;HAGUEDA;UF CH AGUEDA;5,0;Hydro non UGH;GNRA;HSAECH
HAMPC01;18W000000000O9QI;HAMPC01;HAMPC01;0,1;Competitive suppliers;HAMPO;HAMPC01
HAMPV01;18W000000000PUBI;HAMPV01;HAMPV01;0,1;Solar PV;HAMPO;HAMPV01
HAPOC01;18W0000000008CUS;HAPOC01;HAPOC01;0,7;Market direct consumption;HAPO;HAPOC01
HARINER;18W000000000S1DF;HARINER;HARINER;1,0;Competitive suppliers;EDPCL;EDPCR01
HARXC01;18W000000000PIBH;HARXC01;HARXC01;1,5;Market direct consumption;HARXX;HARXC01
HCAMPOR;18W000000000P5J3;HCAMPOR;18W000000000P5J3;10,0;Hydro non UGH;EGLE;HRPI
HCENE01;18W-HCENE01-6--K;HCENE01;HCENE01;2.399,0;Competitive suppliers;HCENE;HCENE01
HCEPEDA;18W000000000R2H8;HCEPEDA;CH CEPEDA;3,7;Hydro non UGH;EGLE;HHYDRO
HCGC01;18W-HCGC01-97--E;HCGC01;HCGC01;2,2;Competitive suppliers;HC G;HCGC01
HCGCOX;18W000000000IOJB;HCGCOX;COMPRA SSAA PARQUES EOLICOS;20,0;Aux. Svcs. Consumption;HC G;HCGCOX
HCHANZA;18WHCHANZA-123-6;HCHANZA;UF CHANZA;4,5;Hydro non UGH;JDALU;HHURONE
HCNSC01;18W-HCNSC01-7--8;HCNSC01;HCNSC01;0,5;Competitive suppliers;HC G;HCNSC01
HCORTES;18W000000000F6CH;HER CORTES;FV HERNAN CORTES;34,3;Solar PV;ECYR;FEGPEM
HCORZAN;18WHCORZAN-12-A9;HCORZAN;18WHCORZAN-12-A9;3,6;Hydro non UGH;EGLE;HARNO
HCRUCES;18W000000000R3DD;HCRUCES;HOSPITAL DE CRUCES;3,4;Natural Gas Cogeneration;WMARK;TCRUCES
HCTUDE;18WHCTUDE-1234-M;HCTUDE;COGENERACION HC-TUDELA ABONO;10,0;Natural Gas Cogeneration;HC G;THCTUDE
HCURC01;18W-HCURC01-3--0;HCURC01;HCURC01;50,0;Suppliers of last resort;HCCUR;HCURC01
HCURCEB;18W-HCURCEB-8--7;HCUR BALEA;HCUR BALEA;408,0;Balearic HVDC Link;HCCUR;HCURCEB
HDONOST;18W000000000RC9V;HDONOST;HOSPITAL DE DONOSTIA;4,8;Natural Gas Cogeneration;WMARK;TDONOST
HECEC01;18WHECEC01UF---M;HECEC01 CO;HIDROELÉCTRICA EL CARMEN ENERG;0,1;Competitive suppliers;HECEN;HECEC01
HEFRA;18W000000000P164;HEFRA;HEFRA;30,0;Solar PV;GNRA;UPFRAHI
HELEC01;18W000000000B1JY;UP01 HELIO;UP01 HELIOELEC;0,1;Competitive suppliers;HELEC;HELEC01
HELIC01;18W000000000LHCY;HELIOS PEN;HELIOS PENINSULA;1,0;Competitive suppliers;HELEI;HELIC01
HELIO1;18W-HELIO1-50--3;HELIO1;HELIOENERGY 1;50,0;Solar thermal;EGLE;STHEEN1
HELIO2;18W-HELIO2-92--5;HELIO2;HELIOENERGY II;50,0;Solar thermal;EGLE;STHEEN2
HELIOS1;18WHELIOS1-123-5;HELIOS1;HELIOS1;49,9;Solar thermal;EGLE;STHELI1
HELIOS2;18WHELIOS2-123-Z;HELIOS2;HELIOS 2;49,9;Solar thermal;EGLE;STHELI2
HELLIN1;18W000000000RUJV;HELLIN1;HELLIN1;5,0;Solar PV;GAC;FFGAC
HELLIN2;18W000000000RULR;HELLIN2;HELLIN2;2,9;Solar PV;GAC;FRGAC
HER110;18W000000000U9QV;HER110;HER110;24,1;Solar PV;SOLRC;FHER110
HERERIA;18W000000000MRQ9;HERERIA;PE LAS HERRERIAS;16,1;Wonshore wind;HC G;HCGSIHA
HERMIDA;18WHERMIDA-123-A;HERMIDA;HERMIDA;3,0;Hydro non UGH;WMARK;HFWMARK
HERRE;18W000000000RK5F;CHHERRERIA;CHHERRERIA;3,0;Hydro non UGH;CEG;HALTANO
HERRER;18WHERRER-123-A4;HERRER;HERRERIAS FASE 2;7,8;Hydro non UGH;EGED;HENANSA
HERRER1;18W000000000TD01;HERRER1;CH AMPLIACIN HERREROS;1,2;Hydro non UGH;EGLE;HHERRG
HERRERA;18W000000000NHHG;HERRERA;HERRERA;34,6;Wonshore wind;NEXU;EHERRER
HERRERI;18WHERRERI-12-EW;HERRERI;P.E. LA HERRERIA;44,8;Wonshore wind;IGNIS;EGASUR
HERRM;18W000000000K73C;HERRM;HERRM;2,0;Solar PV;GNRA;FVGNRA
HESID;18W000000000QYKL;HESID;HESID;1,8;Solar PV;GNRA;FVGNRA
HFASIEB;18W000000000MB4R;CHBARBAO;CENTRAL HIDROEL BARBAO;5,0;Hydro non UGH;ASIE;HFASIE
HFASIEJ;18W000000000QOHK;HFASIEJ;HFASIEJOSEFINA;1,1;Hydro non UGH;ASIE;HFASIE
HFASIEP;18W000000000MB5P;CHPARANA;CENTRAL HIDROEL PARANA;2,7;Hydro non UGH;ASIE;HFASIE
HFASIES;18W000000000RI3P;SAN MIGUEL;SAN MIGUEL;1,5;Hydro non UGH;ASIE;HFASIE
HFASIEV;18W000000000QOII;ES-HFASIEV;ES-HFASIEVILLAB;1,2;Hydro non UGH;ASIE;HFASIE
HFCEB;18W000000000TBYD;HFCEB;HFCEB;1,5;Hydro non UGH;ASIE;HFASIE
HFLIX;18W000000000P5NW;HFLIX;18W000000000P5NW;10,0;Hydro non UGH;EGLE;HRPI
HGARCIA;18WHGARCIA-12-AG;HGARCIA;18WHGARCIA-12-AG;2,5;Hydro non UGH;EGLE;HNRPGG
HGULLA;18WHGOMEZU-123-Z;HGULLA;HGULLA;6,9;Natural Gas Cogeneration;GNCO;TEGASN
HHOJAM;18W-HHOJAM-53--W;HHOJAM;HOJAMARTA;0,5;Hydro non UGH;EGED;HHOJAM
HHOND;18W000000000IV8C;HHOND;HILADA HONDA;31,7;Wonshore wind;REPSB;EREPSOL
HIB-COM;18W000000000SXFQ;HIBCOMA;HIBCOMA;0,9;Natural Gas Cogeneration;LMER;HIBCOMA
HIB-IBE;18W000000000SXDU;HIBIBERFRU;HIBIBERFRUTA;3,3;Natural Gas Cogeneration;LMER;HIBIBER
HIBHELI;18W000000000SDDG;HIBHELIOS;HIBHELIOS;4,6;Natural Gas Cogeneration;LMER;HIBHELI
HID1;18WHID1-12345-AX;HIDRO 1;HIDRO 1;0,3;Hydro UGH;ASIE;ASIJUCA
HID2;18WHID2-12345-AN;HIDRO 2;HIDRO 2;0,3;Hydro UGH;ASIE;ASIJUCA
HIDPINA;18WHIDPINA-123-6;HIDPINA;18WHIDPINA-123-6;7,0;Hydro non UGH;EGLE;HHIPIN
HIDSC01;18W0000000003BQM;HIDR SERV;HIDROBESORA SERVICIOS;0,5;Competitive suppliers;HIDSE;HIDSC01
HIERPC1;18W000000000QVOM;HIDTRINITA;HIDRAULICA TRINITAT;1,9;Hydro non UGH;ENEDJ;ERPCHI0
HIERRO;18W-HIERRO-60--H;HIERRO;P.E. HIERRO;22,4;Wonshore wind;GNCO;EGASNE0
HIERROS;18WHIERROS-123-J;HIERROS;UF HIERROS;1,5;Solar PV;EFG;FGEFG
HIF1R01;18W000000000TVNC;HIF1R01;HIF1R01;1,0;Competitive suppliers;HISPE;HIS1R01
HIGARES;18WHIGARES-12-AF;HIGARES;18WHIGARES-12-AF;1,6;Hydro non UGH;EGLE;HBARLO
HIGUER;18WHIGUER-123-E2;HIGUER;P.E. HIGUERUELA;37,6;Wonshore wind;IBGES;EHIBGES
HIGUERA;18WHIGUERA-123-1;HIGUERA;P. E. LA HIGUERA;44,0;Wonshore wind;IBGES;EHIBGES
HIJ1;18WHIJ1-12345-A4;HIJAR 1;HIJAR 1;2,3;Hydro UGH;IBEG;JUCA
HIJ2;18WHIJ2-12345-AV;HIJAR 2;HIJAR 2;2,3;Hydro UGH;IBEG;JUCA
HIJES;18WHIJES-1234-ED;P.E. HIJES;P.E.HIJES;13,2;Wonshore wind;IBGES;EHIBGES
HIJOLIS;18WHIJOLIS-123-M;HIJOLIS;HIJOLIS;1,0;Natural Gas Cogeneration;DETIC;COGHIJO
HILAC01;18W000000000RPK7;HILAC01;HILAC01;0,5;Market direct consumption;HILAD;HILAC01
HILTC01;18W000000000R2EE;HILTC01;HILLTECH DIGITAL;0,0;Competitive suppliers;HILLT;HILTC01
HINIX;18W000000000TVR4;HINIX;HINIX;1,8;Solar PV;GNRA;UPSON2
HINOJAI;18WHINOJAI-123-J;HINOJAI;P.E. HINOJAL I;14,0;Wonshore wind;EGLE;EHINOJ
HINOJII;18WHINOJII-123-T;HINOJII;18WHINOJII-123-T;8,5;Wonshore wind;EGLE;EHINOJ
HINOJO;18W000000000QDZH;HINOJOSAS;HINOJOSAS;35,0;Solar PV;SHEEN;SHEPV21
HINTRA;18W-HINTRA-84--I;CONDALS;ELSCONDALS;16,3;Hydro non UGH;INTRA;HINTRA
HIPERII;18WHIPERII-123-Z;HIPERII;P.E. SIERRA DEL ALMUERZO;49,9;Wonshore wind;GNRA;PEVER
HISPC01;18W-HISPC01-4--5;HISPC01;HISPC01;50,0;Competitive suppliers;HISPE;HISPC01
HITA;18W000000000RTW8;HITA;HITA;1,7;Solar PV;CEG;FVHITA
HITACH;18W000000000S2KZ;HITACH;HITACH;1,0;Competitive suppliers;ENDCO;ENDER01
HJXXIII;18W000000000GMJP;HJXXIII;HOSPITAL JOAN XXIII;1,2;Natural Gas Cogeneration;AME;TWAME
HLAMORA;18W000000000R2I6;HLAMORA;CH LA MORA;2,1;Hydro non UGH;EGLE;HHYDRO
HLAVADE;18W000000000P5I5;HLAVADE;18W000000000P5I5;1,5;Hydro non UGH;EGLE;HRPI
HLRSPRE;18W000000000H77G;EYEEXXI;END CUR  ( TARIFA, EÓLICA, NO;0,2;Wonshore wind;RSPRE;HLRSPRE
HLUBIAN;18WHLUBIAN-123-A;HLUBIAN;HLUBIAN;1,0;Hydro non UGH;WMARK;HIDEUR
HLYC01;18W000000000QXRA;HALLEY COM;HALLEY COM;10,0;Competitive suppliers;HALLE;HLYC01
HMRSC;18W000000000R2BK;HMRSC;HMRSC;3,7;Solar PV;GNRA;FVGNRA
HO28CA;18W000000000OTBP;HO28CA;HO28CA;1,0;Competitive suppliers;FORTI;FORTR01
HO28JE;18W000000000SSH0;HO28JE;HO28JE;1,0;Competitive suppliers;FORTI;FORTR01
HONDO;18W000000000NWNX;HONDO;HONDO;1,4;Solar PV;GNRA;FVGNRA
HONZA;18WHONZA-12345-9;HONZA;LA ONZA;0,7;Hydro non UGH;WMARK;HHONZA
HORCAJO;18W000000000U6LD;FV HORCAJO;FV HORCAJO;2,2;Solar PV;DREUA;FDREU19
HOREC01;18W-HOREC01-4--B;HORENER;HORECA ENERGIA SL;5,0;Competitive suppliers;HORE;HOREC01
HORN16;18W000000000QA0M;HORNACHOS6;HORNACHOS SOLAR 16;22,2;Solar PV;ADXRE;HORN16
HORN98;18W000000000Q9ZT;HORNACHOS9;HORNACHOS 98;3,0;Solar PV;ADXRE;HORN98
HORNET;18W000000000TIB1;HORNET;UF SOLAR ZARATAN HORNET;20,5;Solar PV;NEXU;FZRATAN
HORNI;18WHORNI12345--U;HORNI;P.E. HORNILLOS;26,0;Wonshore wind;EGED;EGREEN1
HOYAGON;18WHOYAGON-123-V;HOYAGON;P.E. HOYA GONZALO;49,5;Wonshore wind;WMARK;EEVOLD
HOYASI;18W000000000RTE7;HOYASI;FV HOYAS;5,0;Solar PV;EFG;FCONTR1
HOYASII;18W000000000RTH1;HOYASII;FV HOYAS GRANDES II;3,6;Solar PV;EFG;FCONTR2
HOYEC01;18W000000000NHTT;HOYEC01;HOY ENERGIA;0,1;Competitive suppliers;HOYEN;HOYEC01
HOYO;18WHOYO-12345-AI;HOYO;HOYO;3,5;Hydro non UGH;IBGES;HFIBGES
HOYROSA;18WHOYROSA-12--8;HOYROSA;P.E. LAS HOYUELAS-ROSALES;32,0;Wonshore wind;EGED;EGREEN
HPEEXXI;18W-HPEEXXI-6--S;HPEEXXI;END CUR  ( HIDRÁULICA, PRUEBAS;0,1;Hydro non UGH;EEXXI;HPEEXXI
HPEONUR;18W-HPEONUR-2--1;HPEONUR;E.ON CUR ( HIDRÁULICA, PRUEBAS;19,8;Hydro non UGH;EONUR;HPEONUR
HPEREDA;18WHPEREDA-123-7;HPEREDA;LA PEREDA;50,0;Mining subproducts;HUNOS;THUNOS
HPEUSA2;18W000000000D9I4;HPEUSA2;UP SANTA LUCIA;0,9;Hydro non UGH;PEUSA;HPEUSA2
HPHCCUR;18W-HPHCCUR-3--F;HPHCCUR;HC CUR ( HIDRÁULICA, PRUEBAS);0,0;Hydro non UGH;HCCUR;HPHCCUR
HPIBCUR;18W-HPIBCUR-2--I;HPIBCUR;IB CUR  ( HIDRÁULICA, PRUEBAS);0,3;Hydro non UGH;IBCUR;HPIBCUR
HPUERTO;18WHPUERTO-123-P;HPUERTO;18WHPUERTO-123-P;1,5;Hydro non UGH;EGLE;HHIAST
HREQUEJ;18W000000000P5K1;HREQUEJ;18W000000000P5K1;5,0;Hydro non UGH;EGLE;HRPI
HRRERA;18W000000000R9YR;HRRERA;UF SOLAR LA HERRERA;4,0;Solar PV;NEXU;FHRRERA
HSAFONT;18W000000000P5H7;HSAFONT;18W000000000P5H7;1,1;Hydro non UGH;EGLE;HRPI
HSATC01;18W000000000MM6R;HSAT;HSAT21;1,0;Competitive suppliers;HSATE;HSATC01
HSBONAR;18W00000000005E2;HSBONAR;HS BONAR;4,5;0;DETIC;HBBONAR
HSCOC01;18W0000000002GMJ;HSILCO;HSILLDECOMER;6,0;Competitive suppliers;HSCOM;HSCOC01
HSEGENS;18W00000000005F0;HSEGENS;HSEGENS;1,7;Hydro non UGH;WMARK;HSEGEN
HSJOSE;18WHSJOSE-1234-D;HSJOSE;UF CH SAN JOSE;3,0;Hydro non UGH;GNRA;HSAECH
HTBILL;18WHTBILL-123-EU;HTBILL;P.E. HONTALBILLA;36,5;Wonshore wind;IBGES;EHIBGES
HTBILL2;18WHTBILL2-12-EU;HTBILL2;P.E. HONTALBILLA II;28,9;Wonshore wind;IBGES;EHIBGES
HU2020;18W000000000GF0A;HUELVA;UF FOTOVOLTAICA HUELVA;40,9;Solar PV;SHEEN;SHEPV08
HUELVES;18W000000000UGEY;HUELVES;UF SOLAR HUELVES;2,0;Solar PV;NEXU;FHELVES
HUER;18WHUER-12345-AP;HUERMEDA;HUERMEDA;0,4;Hydro UGH;ENDG;EBRERZ
HUNEJAT;18WHUNEJAT-123-9;HUNEJAT;P.E.HUENEJA 3;49,5;Wonshore wind;IBGES;EHIBGES
HURONES;18WHURONES-123-Q;HURONES;UF CH HURONES;5,2;Hydro non UGH;JDALU;HHURONE
HVGORDO;18W000000000R3WC;HVGORDO;VILLALGORDO;5,5;Hydro non UGH;EGLE;HHTRAS
HXERTA;18W000000000P5MY;HXERTA;18W000000000P5MY;18,0;Hydro non UGH;EGLE;HRPI
HXRSPRE;18W0000000008CWO;HYNEXU;HYNEXU;1,5;Hydro non UGH;RSPRE;HXRSPRE
HY2MAR;18W000000000DQ6E;HY2MARINER;HIDRAULICA MAJOR 1MW MARINER;1,7;Hydro non UGH;EPYM;HYDRO2
HYAGREN;18W000000000JT2Q;HYAGREN;HYAGREN;1,0;Hydro non UGH;AGREN;HYAGREN
HYAME;18W0000000006ZKO;HYGESTE;SANILLES;4,2;Hydro non UGH;AME;HYAME
HYANORF;18W000000000QWB8;FYGESTE;FYGESTE;0,0;Solar PV;ZRMTT;HYANORF
HYANORH;18W000000000QWC6;HYGESTE;SANILLES;0,5;Hydro non UGH;ZRMTT;HYANORH
HYASIE;18W-HYASIE-82--X;HYASIE;ASIE (HIDRÁULICA TARIFA NO EXE;5,0;Hydro non UGH;ASIE;HYASIE
HYCEG;18W-HYCEG-693--O;HYCEG;VIRGEN DE LAS VIÑAS;1,3;Hydro non UGH;CEG;HYCEG
HYDETIC;18W-HYDETIC-4--9;HYDETIC;DETIC (TARIFA,NO EXENTO,HID.);9,5;Hydro non UGH;DETIC;HYDETIC
HYDRC01;18W000000000R53R;HYDRC01;HYDRC01;0,1;Competitive suppliers;HYDRO;HYDRC01
HYDRO1;18W000000000I7V1;CH_PETITES;HIDRO MENORS DE 1 MW;2,0;Hydro non UGH;EPYM;HYDRO1
HYECATA;18W000000000S4PJ;HYEGED;HYEGED;3,0;Hydro non UGH;EGED;HYECATA
HYEEXXI;18W-HYEEXXI-1--N;HYEEXXI;END CUR  ( TARIFA, HIDRÁULICA,;6,8;Hydro non UGH;EEXXI;HYEEXXI
HYEFG;18W-HYEFG-837--Y;HYEFG;EFG (TARIFA,NO EXENTO,HID.);22,2;Hydro non UGH;EFG;HYEFG
HYEGLE;18W-HYEGLE-22--X;HYEGLE;RE-1096;23,1;Hydro non UGH;EGLE;HYEGLE
HYEONUR;18W-HYEONUR-7--U;HYEONUR;E.ON CUR ( TARIFA, HIDRÁULICA,;0,9;Hydro non UGH;EONUR;HYEONUR
HYFEN;18W-HYFEN-776--4;MINIHIDRAU;MINIHIDRAULICA A TARIFA;0,3;Hydro non UGH;FEN;HYFEN
HYGESTE;18W-HYGESTE-6--1;HYGESTE;SANILLES;17,4;Hydro non UGH;GESTE;HYGESTE
HYGNRA;18W-HYGNRA-27--L;HYGNRA;HYGNRA;32,4;Hydro non UGH;GNRA;HYGNRA
HYGNSUR;18W-HYGNSUR-1--3;HYGNSUR;GN SUR SDG ( TARIFA, HIDRÁULIC;6,9;Hydro non UGH;GNSUR;HYGNSUR
HYHCCUR;18W-HYHCCUR-4--N;HYHCCUR;HC CUR ( TARIFA, HIDRÁULICA, N;2,4;Hydro non UGH;HCCUR;HYHCCUR
HYIBCUR;18W-HYIBCUR-6--E;HYIBCUR;IB CUR  ( TARIFA, HIDRÁULICA,;11,7;Hydro non UGH;IBCUR;HYIBCUR
HYIBFZ;18W0000000002V2E;HYIBGES;HYIBGES;0,4;Hydro non UGH;IBGES;HYIBFZ
HYIGNI;18W000000000R4LV;HYGNRA;HYGNRA;0,1;Hydro non UGH;IGNIS;HYIGNI
HYITURB;18W-HYITURB-8--2;ITURB;HITURB;0,4;Hydro non UGH;ITURB;HYITURB
HYLAUE3;18W000000000R3Z6;HYLAUE3;UF LA ESPERANZA;1,1;Hydro non UGH;LAUEI;HYLAUE3
HYNEXU;18W-HYNEXU-32--7;HYNEXU;HYNEXU;19,0;Hydro non UGH;NEXU;HYNEXU
HYRSPRA;18W-HYRSPRA-4--K;HYRSPRA;18WHYRSPRA-123-G;23,2;Hydro non UGH;RSPRA;HYRSPRA
HYSERRA;18W-HYSERRA-1--L;HYSERRA;UP SERRA POT MENOR 1 MW;3,1;Hydro non UGH;GNRA;HYSERRA
HYWMARK;18W-HYWMARK-6--2;HYWMARK;HIDRAULICA TARIFA MENOR DE 10;6,7;Hydro non UGH;WMARK;HYWMARK
IAMLO;18WIAMLO-12345-4;IAMLO;INDUSTRIAS ANGEL MARTINEZ LOPE;3,9;Natural Gas Cogeneration;GEMSL;TYGEMSL
IBARC01;18W000000000RKR8;IBAR;IBAR ENERGIA SL;1,0;Competitive suppliers;IBARE;IBARC01
IBARGO;18WIBARGO-123-ER;IBARGO;P. E. IBARGOITI;28,0;Wonshore wind;EGED;EGREEN
IBCUC01;18W-IBCUC01-1--C;IBCUC01;IBCUC01;14.000,0;Suppliers of last resort;IBCUR;IBCUC01
IBCUCEB;18W-IBCUCEB-2--Z;IBCUCEB;IBCUCEB;408,0;Balearic HVDC Link;IBCUR;IBCUCEB
IBDSC01;18W000000000GJBD;UPIBERDESA;UPROGRAMACIONIBERDESA;2,0;Competitive suppliers;IBERD;IBDSC01
IBEGC01;18W-IBEGC01-9--C;IBEGC01;IBEGC01;0,0;Competitive suppliers;IBEG;IBEGC01
IBEGC05;18W-IBEGC05-2--G;IBEGC05;IBEGC05;1.000,0;Import Morocco;IBEG;IBEGC05
IBEGCP3;18W-IBEGCP3-8--E;IBEGCP3;IBEGCP3;750,0;Import France;IBEG;IBEGCP3
IBEGVP3;18W-IBEGVP3-2--Y;IBEGVP3;IBEGVP3;1.200,0;Export France;IBEG;IBEGVP3
IBERFO;18W000000000S2LX;IBERFO;IBERFO;1,0;Competitive suppliers;ENDCO;ENDER01
IBERHC;18W000000000TS9C;IBERHC;IBERHC;1,0;Competitive suppliers;ENDCO;ENDER01
IBGCCX1;18W000000000AFBC;IBGCCX1;UNID PORF IBGES COMERC COMPRA;9.999,0;Porfolio;IBGES;IBGCCX1
IBGCVX1;18W000000000AFAE;IBGCVX1;UNID PORF IBGES COMERC VENT;9.999,0;Porfolio;IBGES;IBGCVX1
IBGECP3;18W-IBGECP3-3--W;IBGECP3;IBGE DERECHOS COMPRA(FRAN);750,0;Import France;IBGES;IBGECP3
IBGESX;18W00000000076NR;IBGESX;IBGES CONSUMO SERV AUXILIARES;30,0;Aux. Svcs. Consumption;IBGES;IBGESX
IBGEVP3;18W-IBGEVP3-6--G;IBGEVP3;IBGE DERECHOS VENTA(FRAN);1.200,0;Export France;IBGES;IBGEVP3
IBGPCX1;18W000000000AFV9;IBGPCX1;PROD PORF IBGES COMERC COMPR;9.999,0;Porfolio;IBGES;IBGPCX1
IBGPVX1;18W000000000AFUB;IBGPVX1;PROD PORF IBGES COMERC VENTA;9.999,0;Porfolio;IBGES;IBGPVX1
IBHEACI;18WIBHEACI-12-E7;HEDROSOACI;P.E. HEDROSO-ACIBEROS;31,4;Wonshore wind;WMARK;IBHEACI
IBIFW;18W000000000O6SN;IBIFW;IBIFW;1,1;Solar PV;GNRA;FVGNRA
IBPADOR;18WIBPADOR-12-EW;IBPADOR;PADORNELO;31,4;Wonshore wind;WMARK;IBPADOR
IBSEC01;18W000000000AIMI;IBSEC01;IBSEN COMERCIALIZADORA;30,0;Competitive suppliers;IBSEN;IBSEC01
IBSNC01;18W000000000MNCC;IBSNC01;IBSNC01;2,0;Market direct consumption;IBSUS;IBSNC01
IBSUC01;18W000000000MMRM;IBSUC01;IBSUC01;1,9;Market direct consumption;IBSUS;IBSUC01
ICASC01;18W-ICASC01-3--V;ICASC01;ICASC01;500,0;Competitive suppliers;ICASA;ICASC01
ICGAC01;18W-ICGAC01-4--I;COMERC;COMERCIALIZACIÓN;65,0;Competitive suppliers;ICGAS;ICGAC01
ICLIC01;18W-ICLIC01-1--J;ICLIC01;ICLIC01;5,0;Competitive suppliers;IBCLI;ICLIC01
ICLX001;18W000000000OSO2;ICLX001;ICLX001;88,0;Competitive suppliers;IBCLI;ICLIR01
ICLX002;18W000000000OSP0;ICLX002;ICLX002;9,0;Competitive suppliers;IBCLI;ICLIR01
ICLX003;18W000000000QK5J;ICLX003;ICLX003;8,5;Competitive suppliers;IBCLI;ICLIR01
ICLX004;18W000000000QK6H;ICLX004;ICLX004;17,5;Competitive suppliers;IBCLI;ICLIR01
ICLX005;18W000000000QK7F;ICLX005;ICLX005;25,5;Competitive suppliers;IBCLI;ICLIR01
ICLX006;18W000000000QK8D;ICLX006;ICLX006;18,0;Competitive suppliers;IBCLI;ICLIR01
ICLX007;18W000000000QK9B;ICLX007;ICLX007;9,0;Competitive suppliers;IBCLI;ICLIR01
ICLX008;18W000000000S3F5;ICLX008;ICLX008;22,0;Competitive suppliers;IBCLI;ICLIR01
ICLX009;18W000000000S3OO;ICLX009;ICLX009;3,1;Competitive suppliers;IBCLI;ICLIR01
ICLX010;18W000000000S3PM;ICLX010;ICLX010;6,2;Competitive suppliers;IBCLI;ICLIR01
ICLX011;18W000000000S3QK;ICLX011;ICLX011;19,8;Competitive suppliers;IBCLI;ICLIR01
ICLX014;18W000000000S3TE;ICLX014;ICLX014;90,0;Competitive suppliers;IBCLI;ICLIR01
ICLX015;18W000000000S3UC;ICLX015;ICLX015;75,0;Competitive suppliers;IBCLI;ICLIR01
ICLX016;18W000000000S3VA;ICLX016;ICLX016;10,0;Competitive suppliers;IBCLI;ICLIR01
ICLX017;18W000000000S3W8;ICLX017;ICLX017;4,5;Competitive suppliers;IBCLI;ICLIR01
ICLX018;18W000000000S3X6;ICLX018;ICLX018;6,6;Competitive suppliers;IBCLI;ICLIR01
ICLX019;18W000000000S3Y4;ICLX019;ICLX019;3,8;Competitive suppliers;IBCLI;ICLIR01
ICLX020;18W000000000TUIP;ICLX020;ICLX020;2,6;Competitive suppliers;IBCLI;ICLIR01
ICLX021;18W000000000TUJN;ICLX021;ICLX021;1,6;Competitive suppliers;IBCLI;ICLIR01
ICLX022;18W000000000TUKL;ICLX022;ICLX022;3,6;Competitive suppliers;IBCLI;ICLIR01
ICLX023;18W000000000TULJ;ICLX023;ICLX023;2,5;Competitive suppliers;IBCLI;ICLIR01
ICLX024;18W000000000TUMH;ICLX024;ICLX024;7,8;Competitive suppliers;IBCLI;ICLIR01
ICLX025;18W000000000TUNF;ICLX025;ICLX025;5,5;Competitive suppliers;IBCLI;ICLIR01
ICLX026;18W000000000TUOD;ICLX026;ICLX026;4,5;Competitive suppliers;IBCLI;ICLIR01
ICLX027;18W000000000TUPB;ICLX027;ICLX027;3,3;Competitive suppliers;IBCLI;ICLIR01
ICLX028;18W000000000TVXT;ICLX028;ICLX028;3,3;Competitive suppliers;IBCLI;ICLIR01
ICLX029;18W000000000TVYR;ICLX029;ICLX029;2,2;Competitive suppliers;IBCLI;ICLIR01
ICLX030;18W000000000TY28;ICLX030;ICLX030;1,2;Competitive suppliers;IBCLI;ICLIR01
ICLX031;18W000000000TY44;ICLX031;ICLX031;4,2;Competitive suppliers;IBCLI;ICLIR01
ICLX032;18W000000000TY52;ICLX032;ICLX032;4,5;Competitive suppliers;IBCLI;ICLIR01
ICLX033;18W000000000TY60;ICLX033;ICLX033;3,7;Competitive suppliers;IBCLI;ICLIR01
ICLX034;18W000000000TY7Z;ICLX034;ICLX034;3,2;Competitive suppliers;IBCLI;ICLIR01
ICLX035;18W000000000TY8X;ICLX035;ICLX035;2,5;Competitive suppliers;IBCLI;ICLIR01
ICLX036;18W000000000TY9V;ICLX036;ICLX036;1,2;Competitive suppliers;IBCLI;ICLIR01
ICLX037;18W000000000TYAT;ICLX037;ICLX037;2,6;Competitive suppliers;IBCLI;ICLIR01
ICLX038;18W000000000TYBR;ICLX038;ICLX038;1,6;Competitive suppliers;IBCLI;ICLIR01
ICLX039;18W000000000TYCP;ICLX039;ICLX039;1,1;Competitive suppliers;IBCLI;ICLIR01
ICLX040;18W000000000TYDN;ICLX040;ICLX040;1,3;Competitive suppliers;IBCLI;ICLIR01
ICLX041;18W000000000TYEL;ICLX041;ICLX041;2,5;Competitive suppliers;IBCLI;ICLIR01
ICLX042;18W000000000TYFJ;ICLX042;ICLX042;1,4;Competitive suppliers;IBCLI;ICLIR01
ICLX043;18W000000000TYGH;ICLX043;ICLX043;2,0;Competitive suppliers;IBCLI;ICLIR01
ICLX044;18W000000000TYHF;ICLX044;ICLX044;1,4;Competitive suppliers;IBCLI;ICLIR01
ICLX999;18W000000000TUQ9;ICLX999;ICLX999;7,7;Competitive suppliers;IBCLI;ICLIR01
ICUPCX1;18W000000000ADNV;ICUPCX1;UNID PORF IBCUR  COMPRA;9.999,0;Porfolio;IBCUR;ICUPCX1
ICUPVX1;18W000000000ADMX;ICUPVX1;UNID PORF IBCUR  VENTA;9.999,0;Porfolio;IBCUR;ICUPVX1
IDACSA;18W0000000005CJP;IDACSA BIO;ISACSA BOMASA;2,2;Biomass;GESTE;RIDAGST
IDESC01;18W000000000RRTK;IDESC01;IDESC01 UP;0,0;Competitive suppliers;IDESE;IDESC01
IENOC01;18W-IENOC01-7--A;COM IENOV;COMERCIALIZADORA IENOV;10,0;Competitive suppliers;IENOV;IENOC01
IERRV01;18W000000000QR08;IERRV01;IERRV01;13,0;Solar PV;GNRA;UPIER1
IERRV02;18W000000000QR16;IERRV02;IERRV02;2,0;Solar PV;GNRA;UPIER2
IESADRI;18WIESADRI-12-D4;IESADRI;18WIESADRI-12-D4;9,9;Natural Gas Cogeneration;EGLE;TINMAL
IESALBA;18WIESALBA-12-D5;IESALBA;18WIESALBA-12-D5;3,3;Natural Gas Cogeneration;EGLE;TINMAL
IFAVG;18W0000000006ZLM;EPIBCUR;IB CUR  ( EÓLICA, PRUEBAS);0,2;Wonshore wind;GNRA;IFAVG
IFMALLO;18W000000000U1W6;IFMALLOR;AGRUPACIN IF MALLORQUINAS;1,2;Solar PV;INTRA;INTRE02
IGAFW;18W000000000P350;IGAFW;IGAFW;2,5;Solar PV;GNRA;FVGNRA
IGEA;18WIGEA-12345-E9;IGEA;P.E. IGEA CORNAGO SUR 1ª FASE;28,0;Wonshore wind;IBGES;EMRIBGE
IGESC01;18W-IGESC01-8--1;IGESC01;IGESC01;13.000,0;Competitive suppliers;IBGES;IGESC01
IGNIC01;18W-IGNIC01-8--1;IUP COMPRA;UNIDAD PROGRAMACION IGNIS COMP;1,0;Competitive suppliers;IGNIS;IGNIC01
IM2SOLR;18W000000000KSMM;IM2;IM2SOLR;1,0;Solar PV;GESTE;FIM2SLR
IM3B01;18W000000000S4LR;IM3B01;IM3B01;1,5;Solar PV;IM3;IM3V02
IM3C01;18W-IM3C01-37--F;IM3ENER;IM3ENER;0,2;Competitive suppliers;IM3;IM3C01
IM3V01;18W000000000RZII;FYIBCUR;IB CUR  ( TARIFA, FOTOVOLTAICA;2,9;Solar PV;IM3;IM3V01
IMANZAN;18W000000000M8XF;IMANZAN;IMANZAN;35,0;Solar PV;GALP;GALPS3
IMOLINA;18WIMOLINA-12-EV;IMOLINA;18WIMOLINA-12-EV;8,0;Wonshore wind;CEG;ECASAR
IMPEC01;18W000000000NKI5;IMPERIUM;IMPERIUM LUMEN;0,1;Competitive suppliers;IMPER;IMPEC01
INARC01;18W000000000SJDZ;INARGY;INARGY SPOT;5,5;Competitive suppliers;INARG;INARC01
INDAC01;18W000000000RSDC;INDAREL;INDAREL KUDEAKETA SLU;1,0;Competitive suppliers;INDAR;INDAC01
INDAIGU;18W000000000QSWF;INDAIGUA;INDAIGUADEVALLS;1,2;Hydro non UGH;RSPRA;HHRSPRA
INDEC01;18W-INDEC01-6--V;INDEC01;INDEC01;40,0;Competitive suppliers;INDEX;INDEC01
INDIANA;18W000000000RNAX;INDIANA;UF SOLAR LA INDIANA;3,3;Solar PV;NEXU;FINDINA
INDIPUN;18WINDIPUN-12-EY;INDIPUN;18WINDIPUN-12-EY;2,0;Natural Gas Cogeneration;EGLE;TINDIP
INDLC01;18W000000000T2BC;INDLC01;UP INDALO;0,1;Competitive suppliers;INDA;INDLC01
INDUL;18W000000000I0AR;INDUL;INDUL;9,6;Natural Gas Cogeneration;ENUFR;ENUFRV7
INEMC01;18W000000000T19J;INEMA;INER MADRID;0,2;Competitive suppliers;INERM;INEMC01
INERC01;18W-INERC01-8--7;INERC01;INERC01;0,2;Competitive suppliers;INER1;INERC01
INFRUS;18W000000000TVEU;INFRUS;INFRUS;1,0;Competitive suppliers;SHELL;SESAR01
INGAROI;18WINGAROI-123-G;INGAROIL;INGAROIL;15,6;Sundry waste;INGAR;TINGARO
INGEC01;18W000000000J06V;INGEM ;INGEM ENERGIA SL;0,1;Competitive suppliers;INGEM;INGEC01
INICC01;18W000000000SSCA;INICC01;INICC01;0,1;Competitive suppliers;INICB;INICC01
INIES;18W000000000ISRK;INIES;INIESTA;5,0;Wonshore wind;WMARK;EFWMARK
INPELCG;18W000000000T49A;INPELCG;INPELCG;2,4;Natural Gas Cogeneration;DETIC;COGINPE
INPELSA;18W000000000HXXY;INPELSA;INPELSA;2,4;Natural Gas Cogeneration;DETIC;TFINPEL
INQUE;18W000000000MIVQ;INQU;INQUE;4,3;Natural Gas Cogeneration;AME;TZAME2
INROKO;18W000000000TI0N;INROKO;INDUSTRIAS ROKO;2,1;Natural Gas Cogeneration;EGLE;TINROKO
INTABLE;18W000000000S6T5;INTABLE;INTABLE;2,0;Competitive suppliers;DETIC;DETIR01
INTARDU;18W000000000ORYM;INTARDU;INTARDU;3,0;Market direct consumption;DETIC;CD02R01
INTATOM;18W000000000TWZM;INTATOM;INTATOM;2.500,0;Market direct consumption;DETIC;CD06R01
INTBORD;18W000000000S49E;INTBORD;INTBORD;0,0;Market direct consumption;DETIC;CD03R01
INTCEP1;18W000000000S9JG;INTCEP1;INTCEP1;0,0;Market direct consumption;DETIC;CD03R01
INTCEP2;18W000000000S9KE;INTCEP2;INTCEP2;0,0;Market direct consumption;DETIC;CD03R01
INTEC01;18W-INTEC01-9--7;INTEC01;INTEC01;90,0;Competitive suppliers;INTEG;INTEC01
INTELEC;18W000000000TX0F;INTELEC;INTELEC;24,0;Market direct consumption;DETIC;CD06R01
INTELLO;18W000000000TX2B;INTELLO;INTELLO;1,0;Competitive suppliers;DETIC;DETIR01
INTEURO;18W000000000TX1D;INTEURO;INTEURO;1,0;Competitive suppliers;DETIC;DETIR01
INTGEOT;18W000000000S4AC;INTGEOT;INTGEOT;0,0;Market direct consumption;DETIC;CD03R01
INTGRE3;18W000000000TX47;INTGRE3;INTGRE3;2,5;Market direct consumption;DETIC;CD03R01
INTGRE4;18W000000000TX55;INTGRE4;INTGRE4;1,7;Market direct consumption;DETIC;CD03R01
INTOLAR;18W000000000S4BA;INTOLAR;INTOLAR;2.600,0;Market direct consumption;DETIC;CD05R01
INTRC01;18W000000000MIEN;INTEA;INTERENERGIA;0,1;Competitive suppliers;INTEA;INTRC01
INTREIN;18W000000000QOTX;INTREIN;INTREIN;55,0;Market direct consumption;DETIC;CD04R01
INTSOGA;18W000000000TX39;INTSOGA;INTSOGA;3,2;Market direct consumption;DETIC;CD03R01
INTVD02;18W000000000U4DZ;FV MEN1MW;UP SOLAR FV MENOR 1 MW;2,8;Solar PV;INTRA;INTVD02
INUSA;18WINUSA-12345-1;INUSA;INUSA;2,1;Biogas;CEG;RINUSA
INUSC01;18W000000000JKQ5;INUSC01;INUSC01;0,2;Competitive suppliers;INUSK;INUSC01
INVES;18WINVES-12345-5;INVES;P.E. INVESTIGACION VILLANUEVA;6,0;Wonshore wind;EGED;EGREEN
IONMN;18W000000000TVS2;IONMN;IONMN;1,2;Solar PV;GNRA;UPSON2
IP1;18WIP1-123456-FU;IP 1G;IP GR.1 GENERAC.;30,0;Turbine pumping;ENDG;CHIPG
IP1B;18WIP1B-123456-6;IP 1B;IP GR.1 BOMBEO;33,0;Pump consumption;ENDG;CHIPB
IP2;18WIP2-123456-FJ;IP 2G;IP GR.2 GENERAC.;29,9;Turbine pumping;ENDG;CHIPG
IP2B;18WIP2B-123456-W;IP 2B;IP GR.2 BOMBEO;33,0;Pump consumption;ENDG;CHIPB
IP3;18WIP3-123456-F8;IP 3G;IP GR.3 GENERAC.;28,8;Turbine pumping;ENDG;CHIPG
IP3B;18WIP3B-123456-L;IP 3B;IP GR.3 BOMBEO;33,0;Pump consumption;ENDG;CHIPB
IPLANA;18WIPLANA-123-EV;IPLANA;I+D PLANA;2,0;Wonshore wind;WMARK;EFWMARK
IPLANAA;18WIPLANAA-12-EC;IPLANAA;I+D PLANA AMPLIACION;2,0;Wonshore wind;WMARK;EFWMARK
IRABIA;18WIRABIA-1234-U;IRABIA;IRABIA;1,7;Hydro non UGH;EGED;HFEGED
IRATI;18WIRATI-12345-H;IRATI;IRATI;2,4;Hydro non UGH;EGED;HFEGED
IRISC01;18W000000000CGMG;IRIS;IRIS ENERGIA EFICIENTE SA;0,1;Competitive suppliers;IRIS;IRISC01
IRUELAS;18WIRUELAS-12-E0;IRUELAS;IRUELAS;13,6;Wonshore wind;EGED;EGREEN
IRUGU;18WIRUGU-12345-4;IRUGU;UF CENTRAL IRUGURUTZETA;1,3;Hydro non UGH;GNRA;ZERBI
ISABELA;18WISABELA-12-E6;ISABELA;P.E. ISABELA;48,0;Wonshore wind;IBGES;EHIBGES
ISAEC01;18W000000000RW6E;ISAEC;ISAE COMERCIALIZACION SL;0,1;Competitive suppliers;ISAEC;ISAEC01
ISAVE01;18W000000000U9XH;ISAVE01;ISABEL AREVALO;0,0;Solar PV;NOBE;ISAVE01
ISEOC01;18W000000000QEVM;ISEOC01;ISEOC01;0,1;Market direct consumption;ISEO;ISEOC01
ISIDRO1;18WISIDRO1-12-AD;ISIDRO1;SAN ISIDRO1;1,5;Hydro UGH;HC G;HCHI
ISIDRO2;18WISIDRO2-12-A6;ISIDRO2;SAN ISIDRO2;1,5;Hydro UGH;HC G;HCHI
ISLA;18WISLA-123456-J;ISLALUZ;ISLALUZ;1,8;Hydro non UGH;CEG;HYISLA
ISLETES;18WISLETES-123-1;ISLETES;ISLETES;9,9;Wonshore wind;IBGES;EHIBGES
ISLONIA;18W000000000L9BN;ISLONIA;UF ISLONIA;1,9;Biomass;GEMSL;RISLON
ISMCCXF;18W000000000QFM0;PORGENC;PORT_GEN_CMPRA;9.999,0;Porfolio;ISMSL;ISMCCX1
ISMCVXF;18W000000000QFQT;PORGENV;PORT_GEN_VNTA;9.999,0;Porfolio;ISMSL;ISMCVX1
ISMPCXF;18W000000000QHWB;PORGENC;PORT_GEN_CMPRA;9.999,0;Porfolio;ISMSL;ISMPCX1
ISMPVXF;18W000000000QHUF;PORGENV;PORT_GEN_VNTA;9.999,0;Porfolio;ISMSL;ISMPVX1
ISMSC01;18W000000000FDNB;ISMCOM;ISMCOMER;0,1;Competitive suppliers;ISMSL;ISMSC01
ISYDC01;18W000000000GQP1;UPC ISYDE;UP COMPRA INVESYDE;1,0;Competitive suppliers;ISYDE;ISYDC01
IURRETA;18WIURRETA-123-X;IURRETA;COGENERACIÓN IURRETA;21,4;Sundry waste;SMURF;RSMURFT
IZBOR;18WIZBOR-1234-AN;C.H.IZBOR ;C.H. IZBOR;11,9;Hydro non UGH;ECYR;HREGPE
IZN1;18WIZN1-12345-A2;IZNAJAR 1;IZNAJAR 1;37,8;Hydro UGH;ENDG;GDLQ
IZN2;18WIZN2-12345-AT;IZNAJAR 2;IZNAJAR 2;38,3;Hydro UGH;ENDG;GDLQ
JAB1;18WJAB1-12345-AE;JABARELL 1;JABARELLA 1;4,9;Hydro UGH;ENDG;EBRACC1
JAB2;18WJAB2-12345-A4;JABARELL 2;JABARELLA 2;4,9;Hydro UGH;ENDG;EBRACC1
JAB3;18WJAB3-12345-AV;JABARELL 3;JABARELLA 3;4,9;Hydro UGH;ENDG;EBRACC1
JABALQU;18WJABALQU-123-K;JABALQU;COMPAÑÍA ENERGÉTICA DE JABALQU;13,7;Natural Gas Cogeneration;DETIC;TGCOOSU
JABVE;18W000000000T3IW;JABVE;JABVE;1,0;Solar PV;GNRA;UPJAB
JAC1;18WJAC1-12345-A3;JACA 1;JACA 1;7,6;Hydro UGH;ENDG;EBRACC1
JAC2;18WJAC2-12345-AU;JACA 2;JACA 2;8,2;Hydro UGH;ENDG;EBRACC1
JADRAQU;18W000000000S8S1;JADRAQU;PSF JADRAQUE;2,0;Solar PV;WMARK;FVJADRA
JALON1;18W000000000TB6W;JALON1;JALON1;46,5;Solar PV;CEG;FJALON1
JAN1;18WJAN1-12345-AU;JANDULA 1;JANDULA 1;2,8;Hydro UGH;ENDG;GDLQ
JAN2;18WJAN2-12345-AK;JANDULA 2;JANDULA 2;5,8;Hydro UGH;ENDG;GDLQ
JAN3;18WJAN3-12345-AA;JANDULA 3;JANDULA 3;5,9;Hydro UGH;ENDG;GDLQ
JANCOLI;18WJANCOLI-123-2;JANCOLI;18WJANCOLI-123-2;9,0;Wonshore wind;NEXU;EJANCOL
JANDAPE;18WJANDAPE-123-3;JANDAPE;18WJANDAPE-123-3;9,0;Wonshore wind;NEXU;EJANDAP
JANDSUY;18WJANDSUY-123-V;JANDSUY;18WJANDSUY-123-V;8,0;Wonshore wind;NEXU;EJANDSU
JAR1;18WJAR1-12345-AN;SANTJAR 1G;SANTIAGO-JARES GR.1 GENERAC.;25,9;Hydro UGH;IBEG;SIL
JAR1B;18WJAR1B-12345-V;SANTJAR 1B;SANTIAGO-JARES GR.1 BOMBEO;25,0;Pump consumption;IBEG;SILB
JAR2;18WJAR2-12345-AD;SANTJAR 2G;SANTIAGO-JARES GR.2 GENERAC.;27,1;Hydro UGH;IBEG;SIL
JAR2B;18WJAR2B-12345-L;SANTJAR 2B;SANTIAGO-JARES GR.2 BOMBEO;25,0;Pump consumption;IBEG;SILB
JARA4;18W000000000U4WY;JARA4;JARA4;4,5;Wonshore wind;GNRA;EFGNRA
JARALES;18WJARALES-123-S;JARALES;PARQUE EÓLICO LOS JARALES;16,5;Wonshore wind;CEG;EUJARAL
JARALOZ;18WJARALOZ-123-A;JARALOZ;18WJARALOZ-123-A;3,7;Natural Gas Cogeneration;GUIS;GUISGN
JARRETA;18WJARRETA-12-EK;JARRETA;P. E. PLANA DE JARRETA;49,5;Wonshore wind;EGLE;EPPJAR
JAT1;18WJAT1-12345-A1;JAVIERRL 1;JAVIERRELATRE 1;5,2;Hydro UGH;ENDG;EBRACC1
JAT2;18WJAT2-12345-AS;JAVIERRL 2;JAVIERRELATRE 2;5,2;Hydro UGH;ENDG;EBRACC1
JAU1;18WJAU1-12345-AR;JAUJA 1;JAUJA 1;1,7;Hydro UGH;ENDG;GDLQ
JAU2;18WJAU2-12345-AH;JAUJA 2;JAUJA 2;1,7;Hydro UGH;ENDG;GDLQ
JAU3;18WJAU3-12345-A7;JAUJA 3;JAUJA 3;1,2;Hydro UGH;ENDG;GDLQ
JAUFIL;18WJAUFIL-1234-L;JAUFIL;18WJAUFIL-1234-L;4,0;Wonshore wind;EBLCO;EJAUFIL
JERALTO;18W000000000T4E0;JERALTO;FV JEREZ HOTEI SOLAR;45,0;Solar PV;EGLE;FHOTEI
JERQE;18W000000000QY96;JERQE;JERQE;1,4;Solar PV;GNRA;FVGNRA
JGCDAIM;18WJGCDAIM-123-F;JGCDAIM;JGCDAIM;8,3;Natural Gas Cogeneration;GNCO;TEGASN
JMFEC01;18W000000000RXIO;JMFEC01;JMFEC01;0,1;Competitive suppliers;JMFEN;JMFEC01
JMO1;18WJMO1-12345-AN;JM.ORIOL 1;JOSE MARIA ORIOL 1;237,0;Hydro UGH;IBEG;TAJO
JMO2;18WJMO2-12345-AD;JM.ORIOL 2;JOSE MARIA ORIOL 2;239,0;Hydro UGH;IBEG;TAJO
JMO3;18WJMO3-12345-A3;JM.ORIOL 3;JOSE MARIA ORIOL 3;239,3;Hydro UGH;IBEG;TAJO
JMO4;18WJMO4-12345-AU;JM.ORIOL 4;JOSE MARIA ORIOL 4;237,8;Hydro UGH;IBEG;TAJO
JOINC01;18W0000000007PIH;JOINC01;JOINC01;1.101,5;Market direct consumption;JOIN;JOINC01
JORGE1;18W000000000QJ2S;JORGE MEDO;PSFV SAN JORGE MERCADO;17,3;Solar PV;METEN;METEV03
JORGEP;18W000000000S2MV;JORGEP;JORGEP;1,0;Competitive suppliers;ENDCO;ENDER01
JOSEC01;18W-JOSEC01-5--A;JOSEC01;JOSEC01;0,7;Competitive suppliers;JOSEP;JOSEC01
JOVEC01;18W000000000SLYO;UP JOVE;UPROGRAMACION JOVE;0,1;Competitive suppliers;JOVE;JOVEC01
JRONCP3;18W-JRONCP3-1--O;JARON EXCD;JARON EXP CN DER(INT CN FRAN);0,0;Import France;JARON;JRONCP3
JRONVP3;18W-JRONVP3-6--0;JARON IMCD;JARON IMP CN DER(INT CN FRAN);0,0;Export France;JARON;JRONVP3
JUANC01;18W000000000IZ2C;JUANX_UP;JUAN_ENERGY_UP;0,6;Competitive suppliers;JUANX;JUANC01
JUBERAI;18W000000000TL62;JUBERA I;JUBERA I;33,2;Wonshore wind;WMARK;PEJUBER
JUBERII;18W000000000TL70;JUBERA II;JUBERA II;30,6;Wonshore wind;WMARK;PEJUBER
JUE1;18WJUE1-12345-A0;JUEU;JUEU;20,0;Hydro UGH;ENDG;EBRFEN
JUGLANS;18W000000000QAS3;JUGLANS;UF SOLAR JUGLANS;8,0;Solar PV;NEXU;FABLITA
JUMSAL;18W000000000OGQY;JUMSAL;JUMSAL;1,0;Natural Gas Cogeneration;DETIC;COGJUMS
JUNEDA;18W000000000RC60;JUNEDA;RE-3886    1;1,3;Biogas;EGLE;RVGARR
JUNEDA2;18W000000000RC44;JUNEDA2;ADS JUNEDA 2  RE-3886   2;15,0;Natural Gas Cogeneration;EGLE;TVGARR
JUNIPER;18W000000000QAT1;JUNIPER;UF SOLAR JUNIPERUS;2,0;Solar PV;NEXU;FABLITA
JUNO;18WJUNO-12345-EX;JUNO;JUNO;49,5;Wonshore wind;HISPE;DANSZN
JUSEC01;18W000000000OY1U;JUSEC01;JUSEC01;0,1;Competitive suppliers;JUSEP;JUSEC01
KARMC01;18W000000000R2FC;KARMC01;KARMA ALIMUR;1,0;Competitive suppliers;KARMA;KARMC01
KAUNITE;18WKAUNITE-12-DQ;KAUNITE;KAUNITE;1,9;Natural Gas Cogeneration;KAEN;KAUNITE
KELC01;18W000000000M3YS;KELC01;KELC01;1,1;Market direct consumption;CALEA;KELC01
KEPILAS;18W000000000SG4P;KEPILAS;KELLYPILAS;4,5;Solar PV;EGLE;FKELLY
KERABEN;18WKERABEN-12-D2;KERABEN;KERABEN;9,6;Natural Gas Cogeneration;WMARK;TKERAB
KILVC01;18W000000000442D;KILV_C;KILOWATIOS VERDES UP;4,0;Competitive suppliers;KILVE;KILVC01
KINA1;18W000000000NLI2;KINA1;KINANOS SOLAR 1;3,0;Solar PV;GAC;FKGAC
KINA2;18W000000000NLJ0;KINA2;KINANOS SOLAR 2;2,0;Solar PV;GAC;FIGAC
KINEC01;18W000000000PS33;KINEC01;COMPRA KINESTALIA;1,0;Competitive suppliers;KINE;KINEC01
KIRIC01;18W000000000RY1I;KIRIC01;KIRIN RENOVABLES;0,0;Competitive suppliers;KIRIN;KIRIC01
KISHC01;18W0000000006C2I;KISHCOM;KISHOA COMERCIALIZADORA;1,0;Competitive suppliers;KISHO;KISHC01
KODLC01;18W000000000JGQH;KODLC01;KODLC01;0,1;Competitive suppliers;KODLC;KODLC01
KONYC01;18W000000000DRVZ;KONERY;KONERY EFICIENCIA ENERGTICA SL;0,1;Competitive suppliers;KONRY;KONYC01
KREAC01;18W000000000IYHM;KREAC01;KREAN ENERGIA COMERCIALIZADORA;10,0;Competitive suppliers;KREAN;KREAC01
KRONO1;18W000000000S2NT;KRONO1;KRONO1;1,0;Competitive suppliers;ENDCO;ENDER01
KRONO2;18W000000000S2OR;KRONO2;KRONO2;1,0;Competitive suppliers;ENDCO;ENDER01
KRONO3;18W000000000S2PP;KRONO3;KRONO3;1,0;Competitive suppliers;ENDCO;ENDER01
KVASCP3;18W000000000U4EX;KVCOMP;KVASICOMPRA;10,0;Import France;KVASI;KVASCP3
KVASVP3;18W000000000U4FV;KVVENT;KVASIVENTA;10,0;Export France;KVASI;KVASVP3
KWFC01;18W000000000K3NL;KWFI;KWFVI ENERGIA;1,0;Competitive suppliers;KWFVI;KWFC01
LABA;18WLABA-12345-A9;LA BAELLS;LA BAELLS;6,9;Hydro UGH;ENDG;EBRFEN
LABAS;18WLABAS-1234-A8;LABAS;LABAS;4,6;Hydro non UGH;IBGES;HFIBGES
LABOC01;18W-LABOC01-6--V;LABOIL CC;LABOIL CC;4,3;Competitive suppliers;LABOI;LABOC01
LABRA;18WLABRA-1234-ET;LABRA;P.E. LABRADAS;36,5;Wonshore wind;IBGES;EHIBGES
LABRADO;18WLABRADO-12-EE;LABRADO;P.E. LOS LABRADOS;24,0;Wonshore wind;HISPE;RWESZN
LACABRI;18W000000000KZCL;LACABRITA;LACABRITA;42,4;Solar PV;HISPE;FLACAB
LACAYA;18WLACAYA-1234-2;LACAYA;18WLACAYA-1234-2;4,9;Wonshore wind;EGLE;EMTORR
LACOC01;18W000000000F7BG;LA CORRIEN;LA CORRIENTE S COOP;0,1;Competitive suppliers;LACOR;LACOC01
LACUES;18WLACUES-1234-N;LACUES;P.E.CUESTA MAÑERA;49,5;Wonshore wind;GNCO;EGASNE0
LACUEST;18WGUADALCUESTAH;LACUEST;PE LA CUESTA GUADALTEBA;27,2;Wonshore wind;HC G;HCGSCSA
LADYC01;18W000000000SQPR;ES-LADYWAR;LADY WARSAW INVESTMENT SL;0,6;Competitive suppliers;LADYW;LADYC01
LAESTAN;18W000000000F5UL;LA ESTANCA;PE LA ESTANCA;24,0;Wonshore wind;ECYR;EREGPES
LAF1;18WLAF1-12345-AI;LAFORTUN 1;LAFORTUNADA-CINCA GR.1;13,8;Hydro UGH;ENDG;EBRACC1
LAF2;18WLAF2-12345-A8;LAFORTUN 2;LAFORTUNADA-CINCA GR.2;13,8;Hydro UGH;ENDG;EBRACC1
LAF3;18WLAF3-12345-AZ;LAFORTUN 3;LAFORTUNADA-CINCA GR.3;13,8;Hydro UGH;ENDG;EBRACC1
LAF4;18WLAF4-12345-AP;LAFORTUN 4;LAFORTUNADA-CINQUETA GR.1;20,4;Hydro UGH;GNRA;EBROF
LAF5;18WLAF5-12345-AF;LAFORTUN 5;LAFORTUNADA-CINQUETA GR.2;20,4;Hydro UGH;GNRA;EBROF
LAFTORE;18W000000000P03D;FLTORRE;FLATORRE;42,0;Solar PV;GESTE;FLTORRE
LAG;18WLAG-123456-AG;LA GOTERA;LA GOTERA;0,5;Hydro UGH;IBEG;DUER
LAGAV01;18W000000000TJDV;LAGAVARRA ;LAGAVARRA VENTA;1,0;Solar PV;CENTS;LAGAV01
LAGOS;18WLAGOS-1234-ER;LAGOS;P.E. SIERRA DE LOS LAGOS;38,9;Wonshore wind;HC G;HCGSCSA
LAGUNAS;18W000000000QXFY;LAGUNAS;PF LAS LAGUNAS;2,1;Solar PV;EGLE;FKALEL
LAHERRE;18W000000000SG2T;LAHERRE;PSFV LA HERRERA;39,0;Solar PV;HC G;HCGFVSA
LAHUESA;18W000000000LV0G;LAHUESA;PE LA HUESA;17,8;Wonshore wind;IBGES;EHIBGES
LAISA;18WLAISA-1234-DI;LAISA;ROQUETTE LAISA ESPAÑA;14,6;Natural Gas Cogeneration;EGLE;TRLE
LAISA1;18W000000000NSEQ;LAISA1;UFI MECANISMO LAISA;4,0;Natural Gas Cogeneration;EGLE;TRLE1
LALBT;18W000000000QXV2;LALBT;LALBT;3,0;Solar PV;GNRA;FVGNRA
LALCON;18WLALCON-1234-H;LALCON;P.E. LA ALCONADA;4,5;Wonshore wind;GNCO;EGASNE0
LALMEND;18WLOMALMENDARA0;LALMEND;P.E.LOMA DE ALMENDARACHE;12,0;Wonshore wind;EGED;EGREEN
LALOMA;18WLALOMA-1234-J;LALOMA;LA LOMA;16,0;Biomass;ENCEG;RLALOM
LALOMBA;18WLALOMBA-123-W;LALOMBA;18WLALOMBA-123-W;4,9;Wonshore wind;EGLE;ELODOS
LAMESA;18WLAMESA-123--W;LAMESA;LA MESA;9,0;Wonshore wind;BURGE;EBURGE
LAMOR;18W000000000FGFI;LAMOR;LAMOR;7,5;Solar PV;GNRA;FVGNRA
LAMPC01;18W000000000UCUE;LAMPYRIS;LAMPYRIS ENERGIA SL;1,0;Competitive suppliers;LAMPY;LAMPC01
LAMR;18WLAMR-12345-AE;MORCA;LA MORCA;0,6;Hydro UGH;ENDG;EBRACC1
LAMUEL1;18WLAMUEL1-12-EZ;LAMUEL1;P.E. LA MUELA 1;49,5;Wonshore wind;IBGES;EHIBGES
LAMUELA;18W000000000TA0A;LAMUELA;LAMUELA;4,8;Hydro non UGH;DETIC;HYLAMUE
LAMUN;18WLAMUN-12345-W;LAMUN;P.E.LA MUÑECA;40,5;Wonshore wind;GNCO;EGASNE0
LAMURTA;18W000000000N641;LAMURTA;CH LA MURTA;0,9;Hydro non UGH;HC G;HCHI2
LAN1;18WLAN1-12345-A4;LANCARA 1;LANCARA DE LUNA 1;0,3;Hydro UGH;CHDUE;LANCAR
LAN2;18WLAN2-12345-AV;LANCARA 2;LANCARA DE LUNA 2;0,8;Hydro UGH;CHDUE;LANCA2
LANAVA;18W000000000SXO8;LANAVA;PSF LA NAVA;45,0;Solar PV;EGLE;FSONAV
LANAVAE;18WLANAVAEOLICAJ;NAVA;P.E. LA NAVA;27,2;Wonshore wind;HC G;HCGSCSA
LANCES;18WLANCES-123-EU;LANCES;P. E. LOS LANCES;10,6;Wonshore wind;ECYR;EREGPEM
LANCHAL;18WPE-LANCHAL--M;LANCHAL;PE LANCHAL;21,2;Wonshore wind;ECYR;EEGPEM
LANDC01;18W-LANDC01-3--M;LANDS ;LANDS AND BUILDING S.L;1,9;Market direct consumption;LAND;LANDC01
LANDRO;18WLANDRO-1234-O;LANDRO;18WLANDRO-1234-O;8,2;Hydro non UGH;EGLE;HSOLUE
LANTER;18WLANTER-123-EG;LANTER;P.E. LANTERNOSO;24,0;Wonshore wind;HISPE;RWESZN
LAOBC01;18W000000000ONT7;LAOBC01;LAOBC01 UP;0,1;Competitive suppliers;LABOA;LAOBC01
LAOFW;18W000000000O6XD;LAOFW;LAOFW;5,0;Solar PV;GNRA;FVGNRA
LAPAC01;18W000000000QEM3;GALAP ENER;GALAPAGO ENERGIA;0,1;Competitive suppliers;GALAP;LAPAC01
LAPBLA;18W000000000FZQD;LA POBLA;CH LA POBLA;7,5;Hydro non UGH;NEXU;HPOBLA
LAPEF;18W000000000M0SC;LAPEF;LAPEF;2,0;Solar PV;GNRA;LAPEN
LAPENA;18W000000000FGIC;LA PENA;PE LA PEÑA;28,8;Wonshore wind;HC G;HCGSIHA
LAPENA1;18W000000000RT7L;LAPENA1;UF SOLAR LA PENA 1;40,0;Solar PV;NEXU;FLPENA1
LAPENA2;18W000000000RT8J;LAPENA2;UF SOLAR LA PENA2;40,0;Solar PV;NEXU;FLPENA2
LARFW;18W000000000OC5E;LARFW;LARFW;1,4;Solar PV;GNRA;FVGNRA
LARISA;18WLARISA-1234-X;LARISA;P.E. LA RISA;12,0;Wonshore wind;HC G;HCGSIHA
LAROUCO;18WLAROUCO-12-ET;LAROUCO;P. E. LAROUCO;28,9;Wonshore wind;IBGES;EHIBGES
LARRAL;18W000000000RPHD;LARRAL;UF SOLAR LARRAL;40,0;Solar PV;NEXU;FLARRAL
LARRIH;18WLARRIH-123--T;LARRIH;P. E. LARRIBA - HORNILLOS;32,0;Wonshore wind;IBGES;EMCIBGE
LARUYA;18WLARUYA-1234-7;LARUYA;18WLARUYA-1234-7;1,6;Wonshore wind;EGLE;EERUYA
LAS1;18WLAS1-12345-AN;LASPUÑA 1;LASPUÑA 1;7,1;Hydro UGH;ENDG;EBRACC1
LAS2;18WLAS2-12345-AD;LASPUÑA 2;LASPUÑA 2;7,1;Hydro UGH;ENDG;EBRACC1
LASARDA;18W000000000SG5N;LASARDA;PE LAS SARDAS;20,0;Wonshore wind;HC G;HCGSIHA
LASBRIS;18W000000000RT5P;LASBRIS;UF SOLAR LAS BRISAS;2,4;Solar PV;NEXU;FBRISAS
LASE;18W000000000NWPT;LASE;LASE;1,5;Solar PV;GNRA;FVGNRA
LASLANA;18W000000000L9K5;LASLANA;UF LASLANA;6,0;Solar PV;NEXU;FLSOLAN
LASMAJA;18W000000000Q6RH;LASMAJA;PE LAS MAJAS;49,5;Wonshore wind;WMARK;ELASMAJ
LASMINA;18WLASMINA-123-Q;LASMINA;18WLASMINA-123-Q;1,7;Hydro non UGH;EGLE;HCMINE
LASORDA;18WLASORDA-123-5;LASORDA;18WLASORDA-123-5;6,6;Wonshore wind;EGLE;EMTORR
LASOTON;18W000000000T961;LASOTON;CH SOTONERA;4,0;Hydro non UGH;EGLE;HRIEAG
LASP;18WLASP-12345-A5;PORTAS;LAS PORTAS;0,3;Hydro UGH;IBEG;SIL
LASSJ;18W000000000QYA4;LASSJ;LASSJ;2,4;Solar PV;GNRA;FVGNRA
LASTR2;18W000000000NZZ0;LSTRS;LASTRA2;35,0;Solar PV;GESTE;FLASTR2
LASTRA;18WLASTRA-123--A;LASTRA;PARQUE EÓLICO LA LASTRA;11,6;Wonshore wind;EGLE;ELBOGA
LASVAG;18W000000000QBUX;LASVAG;LASVAG;10,0;Solar PV;HISPE;FLASVAG
LASVIN;18WLASVIN-1234-Q;LASVIN;P. E. LAS VIÑAS;48,4;Wonshore wind;IBGES;EHIBGES
LATINF;18W000000000T0G8;UF LATIN;UF LATIN;6,4;Oil products and coal;GEMSL;TLATINF
LATORRE;18WPE-LA-TORRE-A;LATORRE;LATORRE;16,0;Wonshore wind;EGED;EGREEN
LAUCCX1;18W000000000APVG;PORGENC;PORT_GEN_CMPRA;9.999,0;Porfolio;LAUEI;LAUCCX1
LAUCVX1;18W000000000APUI;PORGENV;PORT_GEN_VNTA;9.999,0;Porfolio;LAUEI;LAUCVX1
LAUEC01;18W-LAUEC01-7--1;LAUEC01 CO;LA UNIÓN ELECTRO INDUSTRIAL, S;15,0;Competitive suppliers;LAUEI;LAUEC01
LAURUS;18W000000000QAVY;LAURUS;UF SOLAR LAURUS;2,0;Solar PV;NEXU;FABLITA
LAV1;18WLAV1-12345-AR;LAVIANA 1;LAVIANA 1;0,3;Hydro UGH;HC G;HCHI
LAV2;18WLAV2-12345-AH;LAVIANA 2;LAVIANA 2;0,3;Hydro UGH;HC G;HCHI
LAV3;18WLAV3-12345-A7;LAVIANA 3;LAVIANA 3;0,3;Hydro UGH;HC G;HCHI
LAVAC01;18W000000000NXUG;LA VALL;LA VALL COMERCIALIZADORA ELECT;3,0;Competitive suppliers;LAVAL;LAVAC01
LAVEGA1;18WLAVEGA1-12--B;LAVEGA1;PE LA VEGA I;5,0;Wonshore wind;GNCO;EGASNE1
LAVEGA2;18WLAVEGA2-123-T;LAVEGA2;P.E. LA VEGA II;5,0;Wonshore wind;GNCO;EGASNE1
LAVERNE;18WLAVERNE-123-1;LAVERNE;18WLAVERNE-123-1;1,4;Hydro non UGH;EGLE;HLAVERN
LAVINYA;18W000000000T11Z;LA VINYA;PS LA VINYA;1,9;Solar PV;SOMEN;SENFV1
LAYNA;18WLAYNA-12345-D;LAYNA;ALTO LAYNA;50,0;Wonshore wind;IBGES;EHIBGES
LAZAN;18WLAZAN-12345-F;LAZAN;LAZAN;4,9;Wonshore wind;IBGES;EHIBGES
LAZAR;18WLAZAR-12345-G;LAZAR;P. E. LOMA DE LAZARO;16,0;Wonshore wind;EGED;EGREEN
LBANEZA;18W000000000RU4O;LBANEZA;LA BAÑEZA;12,8;Natural Gas Cogeneration;EGLE;TAZUCAR
LBAT;18WLBAT-12345-A3;BATANEJOS;LOS BATANEJOS;0,6;Hydro UGH;BARER;LBAT
LBTSP;18W000000000RRI5;LBTSP;LBTSP;28,0;Solar PV;GNRA;LOBOH
LCA1;18WLCA1-12345-AC;CANTOS 1;LOS CANTOS 1;2,3;Hydro UGH;EGLE;HHYDRO2
LCA2;18WLCA2-12345-A2;CANTOS 2;LOS CANTOS 2;2,4;Hydro UGH;IBEG;JUCA
LCASTRO;18WLCASTRO-123-M;LCASTRO;UF EL CASTRO F2;1,4;Hydro non UGH;GNRA;HCASTRO
LCOCB;18W000000000SUJR;LCOCB;LCOCB;8,0;Solar PV;GNRA;FVGNRA
LCOSC01;18W000000000JY71;LCOSC01;LOW COST 01;40,0;Competitive suppliers;LCOST;LCOSC01
LDGIC01;18W-LDGIC0184--2;LDGIA;LDGIA;0,1;Competitive suppliers;LDGIA;LDGIC01
LDO1;18WLDO1-12345-AV;DORNAJOS 1;LOS DORNAJOS 1;0,8;Hydro UGH;BARER;BERJUCA
LDO2;18WLDO2-12345-AL;DORNAJOS 2;LOS DORNAJOS 2;0,8;Hydro UGH;BARER;BERJUCA
LDOFW;18W000000000P36Z;LDOFW;LDOFW;1,2;Solar PV;GNRA;FVGNRA
LEB1;18WLEB1-12345-AE;LEBOREIR 1;LEBOREIRO 1;1,1;Hydro UGH;GNFG;UFGC
LEB2;18WLEB2-12345-A4;LEBOREIR 2;LEBOREIRO 2;1,1;Hydro UGH;GNFG;UFGC
LEBAIKO;18W000000000T767;LEBAIKO;UF SOLAR LEA ARTIBAIKO;0,9;Solar PV;NEXU;FLEAIKO
LEBOREI;18WLEBOREI-12-EP;LEBOREI;P.E. LEBOREIRO;21,1;Wonshore wind;ECYR;EEGPEM
LEBRETE;18WLEBRETE-123-1;LEBRETE;UF EL CULEBRETE;1,4;Biogas;GNRA;RCULEBR
LEBRIJA;18WLEBRIJA-12--B;LEBRIJA;PLANTA TERMOSOLAR LEBRIJA;49,9;Solar thermal;NEXU;STSOLUC
LECRIN;18WLECRIN-1234-9;LECRIN;LECRIN;11,3;Wonshore wind;EBLCO;ERIANSA
LEDCC01;18W0000000001V2I;LCE COMPRA;LEDESMA COMERCIALIZADORA UNIDA;0,1;Competitive suppliers;LEDCE;LEDCC01
LEGAC01;18W000000000F4QW;ELEGA UP;ELEGA UNIDAD DE PROGRAMACION;0,0;Competitive suppliers;ELEGA;LEGAC01
LEI1;18WLEI1-12345-AB;LEIZA 1;LEIZA 1;0,5;Hydro UGH;IBEG;EBRA
LEI2;18WLEI2-12345-A1;LEIZA 2;LEIZA 2;0,4;Hydro UGH;IBEG;EBRA
LEIRA;18W000000000T1DB;LEIRA;UF HIDRO LEITA;1,4;Hydro non UGH;NEXU;HLEIRA
LEONC01;18W000000000RXHQ;LECOMUP;ESLECOMUP;0,0;Competitive suppliers;LEONC;LEONC01
LEPFW1;18W000000000S0PV;LEPFW1;LEPFW1;1,2;Solar PV;GNRA;FVGNRA
LEPFW2;18W000000000S0M0;LEPFW2;LEPFW2;2,4;Solar PV;GNRA;FVGNRA
LERC01;18W-LERC01-34--O;LERC01;LERC01;7,0;Competitive suppliers;LER;LERC01
LERIN;18WLERIN-12345-C;LERIN;C.H. LERÍN;1,1;Hydro non UGH;EGED;HFEGED
LESROTE;18WLESROTE-123-K;LESROTE;18WLESROTE-123-K;44,0;Wonshore wind;EBLCO;ELESROT
LEYREN2;18W000000000RY92;LEYREN2;UF SOLAR LEYRENE 2;1,6;Solar PV;NEXU;FLEMAZR
LEYRENE;18W000000000RY76;LEYRENE;UF SOLAR LEYRENE;1,4;Solar PV;NEXU;FLENOEZ
LEZ1;18WLEZ1-12345-A9;LEIZARAN;LEIZARAN;3,5;Hydro UGH;IBEG;EBRA
LFA1;18WLFA1-12345-AD;FAYOS 1;LOS FAYOS 1;0,1;Hydro UGH;IBEG;EBRA
LFA2;18WLFA2-12345-A3;FAYOS 2;LOS FAYOS 2;0,1;Hydro UGH;IBEG;EBRA
LFAESP;18W000000000TSAA;LFAESP;LFAESP;1,0;Competitive suppliers;ENDCO;ENDER01
LFLECHA;18WLFLECHA-123-3;LFLECHA;18WLFLECHA-123-3;0,9;Hydro non UGH;EGLE;HVADOC
LFUE;18WLFUE-12345-AX;FUENROSAR;FUENROSARIO;0,1;Hydro UGH;IBEG;DUER
LG08MC;18W000000000OTAR;LG08MC;LG08MC;1,0;Competitive suppliers;FORTI;FORTR01
LG08VL;18W000000000OTCN;LG08VL;LG08VL;1,0;Competitive suppliers;FORTI;FORTR01
LGA1;18WLGA1-12345-A1;GVILANES 1;LOS GAVILANES 1;0,5;Hydro UGH;ASIE;ASITAJ
LGA2;18WLGA2-12345-AS;GVILANES 2;LOS GAVILANES 2;0,5;Hydro UGH;ASIE;ASITAJ
LGOS;18WLGOS-12345-AL;GOSALVEZ;LA GOSALVEZ;0,7;Hydro UGH;BARER;BERJUCA
LGR1;18WLGR1-123456-0;LGR1;LAS GRAJAS 1;0,2;Hydro UGH;CTNU;JUCAR2
LGR2;18WLGR2-123456-R;LGR2;LAS GRAJAS 2;0,1;Hydro UGH;CTNU;JUCAR2
LGUIJO1;18WLGUIJO1-123-I;LGUIJO1;P.E. EL GUIJO I;38,0;Wonshore wind;EBLCO;ELGUIJ1
LGUIJO2;18WLGUIJO2-123-B;LGUIJO2;P.E. EL GUIJO II;26,0;Wonshore wind;EBLCO;ELGUIJ1
LHID;18WLHID-12345-A3;LA HIDRO;LA HIDRO;0,9;Hydro UGH;ENDG;EBRACC1
LIDEC01;18W000000000KACM;LIDEC01;LIDEC01;0,1;Competitive suppliers;LIDER;LIDEC01
LIDEV01;18W000000000O69O;LIDEV01;LIDEV01;2,8;Solar PV;LIDER;LIDEV01
LILL;18WLILL-12345-AQ;LES ILLES;LES ILLES;0,9;Hydro UGH;ENDG;EBRFEN
LILLA;18W000000000GCTZ;LILLA;LILLA;1,1;Solar PV;GNRA;FVGNRA
LIMSAM;18W000000000P3PY;LIMSAM;UF LIMSAM;3,1;Biogas;NEXU;RRUICES
LIN1;18WLIN1-12345-AJ;LINARES 1;LINARES DEL ARR.I-A;0,9;Hydro UGH;GNFG;UFTA
LIN2;18WLIN2-12345-A9;LINARES 2;LINARES DEL ARR.II-A;0,8;Hydro UGH;GNFG;UFTA
LINAC01;18W000000000T5T4;LINAC01;LINAC01;2.000,0;Market direct consumption;LINAM;LINAC01
LINARES;18WLINARES-123-7;LINARES;18WLINARES-123-7;5,0;Hydro non UGH;EGLE;HLOURG
LINASA;18WLINASA-1234-O;LINASA;LINASA;14,7;Natural Gas Cogeneration;DETIC;COGLINA
LIND01;18W000000000QOAY;LIND01;LIND01;1,0;Competitive suppliers;ENDCO;ENDER01
LINERA;18WLINERA-1234-U;LINERA;LINERA;28,0;Wonshore wind;IBGES;EHIBGES
LINGOT;18W000000000OUL2;LINGOT;LINGOT;1,0;Competitive suppliers;ENDCO;ENDER01
LINKC01;18W000000000QZR4;UPLINKPEN;UP LINK PENINSULA;5,0;Competitive suppliers;LINKE;LINKC01
LIPMES;18W000000000HNCW;LIPMES;LIPMES;1,9;Solar PV;RSPRA;FFRSPRA
LIRIOS;18WLIRIOS-1234-E;LIRIOS;P.E. LOS LIRIOS;48,0;Wonshore wind;IBGES;EHIBGES
LISOLAR;18W000000000TQ3U;LISOLAR;LIRIOS SOLAR;88,0;Solar PV;EGLE;FCASTU
LITTC;18W000000000T03Y;LITTC;LITTC;10,0;Solar PV;GNRA;UPLIT
LIUPC01;18W-LIUPC01-1--N;LIUP;LIGHT UP SL;0,1;Competitive suppliers;LIUP;LIUPC01
LLAD;18WLLAD-12345-A6;LLADRES;LLADRES;0,8;Hydro UGH;ENDG;EBRFEN
LLANO;18WLLANO-12345-J;LLANO;LLANOS DE MOJANA;7,8;Natural Gas Cogeneration;CEG;TCUALIN
LLANO1;18W000000000P87I;LLANO1;FV LLANO1;42,2;Solar PV;CEG;FLLANO1
LLANO2;18W000000000P89E;LLANO2;LLANO2;42,2;Solar PV;CEG;FLLANO2
LLANO3;18W000000000P8AC;LLANO3;LLANO3;40,2;Solar PV;CEG;FLLANO3
LLANOS;18WLLANOS-123-EQ;LLANOS;P.E. LLANOS;33,4;Wonshore wind;GNCO;EGASNE1
LLANOSF;18W000000000U7UT;LOS LLANOS;LOS LLANOS FV;3,2;Solar PV;ELEIA;LLANOSF
LLAPR;18W000000000P8BA;LLAPR;LLAPR;2,1;Solar PV;GNRA;FVGNRA
LLBSP;18W000000000LD9F;LLBSP;LLBSP;1,2;Solar PV;GNRA;FVGNRA
LLBSP1;18W000000000LD8H;LLBSP1;LLBSP1;5,2;Solar PV;GNRA;FVGNRA
LLEI;18WLLEI-12345-AN;LLEIDA;LERIDA;11,8;Hydro UGH;ENDG;EBRFEN
LLERPR;18WLLERPR-1234-U;LLERPR;UNIDAD FISICA LLERPROTEIN;7,7;Natural Gas Cogeneration;AME;TLLERPR
LLICB;18W000000000RX95;LLICB;LLICB;4,0;Solar PV;GNRA;FVGNRA
LLLANOS;18WPE-LOSLLANOSZ;LLLANOS;P.E. LOS LLANOS;38,0;Wonshore wind;ECYR;EEGPES
LLO1;18WLLO1-12345-A9;LOSA 1;LA LOSA 1;0,1;Hydro UGH;BARER;LLO1
LLO2;18WLLO2-12345--L;LOSA 2;LA LOSA 2;0,1;Hydro UGH;BARER;LLO2
LLO3;18WLLO3-12345-AQ;LOSA 3;LA LOSA 3;0,1;Hydro UGH;BARER;LLO3
LLSMART;18WLLSMART-12-E5;LLSMART;P.E. LLANOS DE SAN MARTÍN;14,4;Wonshore wind;HC G;EBRUJUL
LLV1;18WLLV1-12345-A6;LLAVORSI 1;LLAVORSI CARDOS 1;26,0;Hydro UGH;ENDG;EBRFEN
LLV2;18WLLV2-12345-AX;LLAVORSI 2;LLAVORSI CARDOS 2;26,0;Hydro UGH;ENDG;EBRFEN
LMA1;18WLMA1-12345-A3;MANCHEGA;LA MANCHEGA;0,5;Hydro UGH;BARER;LMA1
LMA7AH;18W000000000U8N3;LMA7AH;LMA7AH;60,6;0;REPSB;EREPSOH
LMA7BH;18W000000000U8O1;LMA7BH;LMA7BH;60,6;0;REPSB;EREPSOH
LMA7CH;18W000000000U8QY;LMA7CH;LMA7CH;60,6;0;REPSB;EREPSOH
LMA7D;18W000000000IV9A;LMA7D;LAS MAJAS 7D;49,4;Wonshore wind;REPSB;EREPSOL
LMA7EH;18W000000000U8SU;LMA7EH;LMA7EH;22,3;0;REPSB;EREPSOH
LMARINA;18WLMARINA-123-U;LMARINA;UF LA MARINA;1,9;Biomass;GNRA;RMARINA
LMERC01;18WLMERC01UF---I;LMERC01;LONJAS TECNOLOGÍA, S.A. COMPRA;0,5;Competitive suppliers;LMER;LMERC01
LMI1;18WLMI1-12345-AQ;MILAGROS 1;LA MILAGROSA 1;0,1;Hydro UGH;IBEG;TAJO
LMI2;18WLMI2-12345-AG;MILAGROS 2;LA MILAGROSA 2;0,1;Hydro UGH;IBEG;TAJO
LMI3;18WLMI3-12345-A6;MILAGROS 3;LA MILAGROSA 3;0,6;Hydro UGH;IBEG;TAJO
LMJ1;18W000000000QS9O;LMJ1;LMJ1;92,6;Wonshore wind;REPSB;EARTIG
LMM1;18WLMM1-12345-AJ;MARMOTA 1;LA MARMOTA 1;0,2;Hydro UGH;BARER;LMM1
LMM2;18WLMM2-12345-A9;MARMOTA 2;LA MARMOTA 2;0,2;Hydro UGH;BARER;LMM2
LMONJAS;18WLMONJAS-123-X;LMONJAS;P.E. LAS MONJAS;34,0;Wonshore wind;NEXU;EMONJAS
LMPVB;18W000000000T0AK;LMPVB;LMPVB;38,5;Wonshore wind;GNRA;UPLMP
LMUELAI;18W000000000SPPU;LMUELAI;P.E. LA MUELA I-SANTIUSTE;25,4;Wonshore wind;EGLE;EDENCA
LMURAGE;18W000000000TC04;LMURAGE;UF SOLAR ALMORAUGE;1,0;Solar PV;NEXU;FALMUGE
LNAVARA;18WLNAVARA-123-I;LNAVARA;UF LA MARINA;5,7;Biogas;GNRA;RNAVARA
LNU1;18WLNU1-12345-AU;NUEVOS 1;LOS NUEVOS 1;0,1;Hydro UGH;BARER;LNU1
LNU2;18WLNU2-12345-AK;NUEVOS 2;LOS NUEVOS 2;0,3;Hydro UGH;BARER;LNU2
LNZ1;18WLNZ1-12345-AC;LANUZA 1;LANUZA 1;26,9;Hydro UGH;ENDG;EBRACC1
LNZ2;18WLNZ2-12345-A2;LANUZA 2;LANUZA 2;25,7;Hydro UGH;ENDG;EBRACC1
LOARCOS;18W000000000F5RR;LOS ARCOS;PE LOS ARCOS;34,6;Wonshore wind;ECYR;EEGPES
LOASA;18W000000000TJWU;LOASA;LOASA;1,2;Solar PV;GNRA;FVGNRA
LOAYALA;18WLOAYALA-123-O;LOAYALA;PARQUE EÓLICO LOMA DE AYALA;19,5;Wonshore wind;CEG;EULAYAL
LOBALB;18W000000000OXTE;LOBALB;LOBALB;2,7;Solar PV;GNRA;FVGNRA
LOBOC01;18W-LOBOC01-6--P;EL LOBO;EL LOBO;0,9;Market direct consumption;LOBO;LOBOC01
LOBSC;18W000000000O6NX;LOBSC;LOBSC;3,0;Solar PV;GNRA;FVGNRA
LOBSILL;18W000000000M7YG;LOBSILL;UF SOLAR LOBOSILLO;4,0;Solar PV;NEXU;FLOBSIL
LOCAC01;18W000000000UFOH;UP LOCALUZ;UPLOCALUZ;0,1;Competitive suppliers;LOCAL;LOCAC01
LOCAPON;18WLOCAPON-123-T;LOCAPON;LOMA DEL CAPON;30,0;Wonshore wind;GNCO;EGASNE0
LODALGA;18W000000000TI1L;LODALGA;TRATAMIENTO Y REDUCCION DE  LO;1,4;Natural Gas Cogeneration;EGLE;TINROKO
LOGROSA;18WLOGROSA-123-V;MOJONGORDO;FMOJONGORDO;5,0;Solar PV;GESTE;FLOGROS
LOKSP;18W000000000RRH7;LOKSP;LOKSP;24,1;Solar PV;GNRA;LOKOH
LOLLOC;18W000000000U3MK;SAN LOREC;SAN LORENZO C;28,1;Wonshore wind;RENSP;SLOREC
LOLLOD;18W000000000U3OG;SAN LORED;SAN LORENZO D;33,7;Wonshore wind;RENSP;SLORED
LOMAG;18WLOMAG-12345-G;LOMAG;PARQUE EÓLICO LOMA GORDA;50,0;Wonshore wind;GNCO;EGASNE1
LOMAGOR;18W000000000F5VJ;LOMAGOR;PE LOMA GORDA I;23,9;Wonshore wind;ECYR;EREGPES
LOMAPE;18W000000000ONFZ;LOMAPE;18W000000000ONFZ;28,6;Wonshore wind;EGLE;EPRADA
LOMAS;18WLOMAS-1234-E7;LOMAS;LOMAS;15,0;Wonshore wind;NEXU;EPLOMAS
LOMAV1;18W000000000I976;LOMAVISO1;LOMA VISO 1;2,0;Wonshore wind;WMARK;EFWMARK
LOMAV2;18W000000000I984;LOMAVISO2;LOMA VISO 2;3,0;Wonshore wind;WMARK;EFWMARK
LOMILAS;18WLOMILAS-123-Q;LOMILLAS;PARQUE EÓLICO LAS LOMILLAS;12,0;Wonshore wind;CEG;ELOMILA
LOMILLA;18WLOMILLA-12-E9;LOMILLA;PE LAS LOMILLAS;81,5;0;HC G;HIBSIHA
LOMOLIN;18W000000000N66Y;LOMOLIN;CH LOS M OLINOS;1,2;Hydro non UGH;HC G;HCHI2
LOMOS;18W000000000MGYQ;LOMOS;UF SOLAR LOMOS;2,7;Solar PV;NEXU;FSLOBON
LOMOSII;18W000000000MPIV;LOMOSII;UF SOLAR LOMOSII;2,2;Solar PV;NEXU;FLOMOS2
LOR1;18WLOR1-12345-AE;ORGANOS 1;LOS ORGANOS 1;0,9;Hydro UGH;ENDG;GDLQ
LOR2;18WLOR2-12345-A4;ORGANOS 2;LOS ORGANOS 2;0,9;Hydro UGH;ENDG;GDLQ
LORAI;18WLORAI-12345-H;LORAI;P.E. LA LORA I;49,6;Wonshore wind;EGLE;ELBOGA
LORAII;18WLORAII-1234-8;LORAII;P.E. LA LORA II;49,6;Wonshore wind;EGLE;ELBOGA
LORC;18WLORC-12345-AF;LORCHA;LORCHA;0,6;Hydro UGH;BARER;LORC
LORENZ1;18W000000000RR12;LORENZ1;LORENZO SOLAR;3,6;Solar PV;WMARK;FVLOREN
LORIGUI;18WLORIGUI-12-AR;LORIGUI;LORIGUI;4,5;Hydro non UGH;IBGES;HFIBGES
LOSANII;18W000000000UBCG;LOSANII;LOSAN II;22,9;Natural Gas Cogeneration;EGLE;TCETA
LOSGONZ;18W000000000IG7M;LOSGONZ;PSF LOS GONZALEZ;39,8;Solar PV;EGLE;FNAVID
LOSILLA;18WLOSILLA-12-EH;LOSILLA;LOSILLA;11,9;Wonshore wind;GNCO;EGASNE1
LOSLLNS;18W000000000QQFI;LSLLANOS;LOSLLANOSS;42,3;Solar PV;GNRA;FLLANOS
LOSMANU;18WLOSMANU-123-C;LOSMANU;18WLOSMANU-123-C;2,9;Hydro non UGH;EGLE;HACUAM
LOTZ;18WLOTZ-12345-AM;LOTZABIAN;LOZABIAN;0,1;Hydro UGH;GNRA;HLASJO
LOUREIR;18WLOUREIR-123-2;LOUREIR;18WLOUREIR-123-2;1,5;Hydro non UGH;EGLE;HLOURG
LOVEC01;18W000000000IYO8;LOVEC01;LOVE PENINSULA;0,1;Competitive suppliers;LOVEE;LOVEC01
LOVIC01;18W000000000TF5M;UP LOVILUZ;UP LOVILUZ;0,1;Competitive suppliers;LOVIL;LOVIC01
LPARDAS;18WPELASPARDAS-F;LPARDAS;P.E.LAS PARDAS;49,5;Wonshore wind;ECYR;EREGPEM
LPE1;18WLPE1-12345-AY;PEA 1;LA PEA 1;0,3;Hydro UGH;ASIE;ASIJUCA
LPE2;18WLPE2-12345-AO;PEA 2;LA PEA 2;0,3;Hydro UGH;ASIE;ASIJUCA
LPE3;18WLPE3-12345-AE;PEA 3;LA PEA 3;0,3;Hydro UGH;IBEG;JUCA
LPE4;18WLPE4-12345-A4;PEA 4;LA PEA 4;0,3;Hydro UGH;ASIE;ASIJUCA
LPOIX;18W000000000PZXX;LPOIX;LPOIX;10,0;Solar PV;GNRA;FVPOSA
LPUERTO;18W000000000NKJ3;LMBRERS;PUERTOBRERAS;43,4;Solar PV;GESTE;FBRERAS
LRB1;18WLRB1-12345-A6;RABANOS 1;LOS RABANOS 1;2,2;Hydro UGH;ENDG;EBRACC1
LRB2;18WLRB2-12345-AX;RABANOS 2;LOS RABANOS 2;2,1;Hydro UGH;ENDG;EBRACC1
LRC1;18WLRC1-12345-AW;RECUEJA 1;LA RECUEJA 1;1,8;Hydro UGH;BARER;BERJUCA
LRC2;18WLRC2-12345-AM;RECUEJA 2;LA RECUEJA 2;1,5;Hydro UGH;BARER;BERJUCA
LRE1;18WLRE1-12345-AA;RETORNA 1;LA RETORNA 1;1,1;Hydro UGH;IBEG;EBRA
LRE2;18WLRE2-12345-A0;RETORNA 2;LA RETORNA 2;1,1;Hydro UGH;IBEG;EBRA
LRIB;18WLRIB-12345-AE;RIBEIRA;LA RIBEIRA;5,9;Hydro UGH;ENDG;SBEU
LSARCOS;18W000000000OK5R;LSARCOS;UF SOLAR LOS ARCOS;40,0;Solar PV;NEXU;FARCOS
LSER;18WLSER-12345-AY;SERENA ;LA SERENA;22,0;Hydro UGH;ENDG;GDNA
LSERN;18W000000000P4ZB;LSERN;LA SERNA;9,7;Wonshore wind;REPSB;EPI
LSINC01;18W000000000NOA9;LUZ INCLUS;LUZ SOLIDARIA INCLUSIVA SL;0,1;Competitive suppliers;LSINC;LSINC01
LSP1;18WLSP1-12345-AP;LLESP 1;LLESP 1;6,1;Hydro UGH;ENDG;EBRFEN
LSP2;18WLSP2-12345-AF;LLESP 2;LLESP 2;6,1;Hydro UGH;ENDG;EBRFEN
LSPICOS;18W000000000QPTU;PICOS;LOSPICOS;16,8;Solar PV;GNRA;FLPICOS
LTAIX;18W000000000PZWZ;LTAIX;LTAIX;12,5;Solar PV;GNRA;FVTABA
LTRR;18WLTRR-12345-AR;TORRASA;LA TORRASA;4,2;Hydro UGH;ENDG;EBRFEN
LUBAC01;18W-LUBAC01-4--J;LUBALOO;LUBALOO;0,3;Competitive suppliers;LUBAL;LUBAC01
LUBIAN;18WLUBIAN-123-EC;LUBIAN;P.E. LUBIAN;50,0;Wonshore wind;WMARK;LUBIAN
LUBRISU;18W-LUBRISU-1--F;LUBRISU;COG. LUBRISUR;39,2;Natural Gas Cogeneration;SEDAE;TFLUBRB
LUC1;18WLUC1-12345-AX;L.URQUIJ 1;LUCAS DE URQUIJO 1;5,9;Hydro UGH;IBEG;JUCA
LUC2;18WLUC2-12345-AN;L.URQUIJ 2;LUCAS DE URQUIJO 2;5,9;Hydro UGH;IBEG;JUCA
LUC3;18WLUC3-12345-AD;L.URQUIJ 3;LUCAS DE URQUIJO 3;13,4;Hydro UGH;IBEG;JUCA
LUC4;18WLUC4-12345-A3;L.URQUIJ 4;LUCAS DE URQUIJO 4;13,7;Hydro UGH;IBEG;JUCA
LUCAC01;18W000000000R4MT;LUCIFERASA;LUCIFERASA-2 ENERGIA SL;1,0;Competitive suppliers;LUCIA;LUCAC01
LUCAINE;18W000000000S5U6;LUCAINE;FV LUCAINENA;33,1;Solar PV;CEG;FLUCA
LUCERO1;18W000000000TQDA;LUCERO;LUCERO;41,0;Solar PV;ADXRE;FAUDAX
LUCFC01;18W000000000R33X;LUCIFE1;LUCIFERASA-1 ENERGIA SL;1,0;Competitive suppliers;LUCIF;LUCFC01
LUCIC01;18W00000000065GB;LUCI;COMERCIALIZADORA;1,0;Competitive suppliers;LUCIE;LUCIC01
LUCKC01;18W000000000SXZN;UP LUCKY;UP LUCKY LUZ;0,1;Competitive suppliers;LUCK;LUCKC01
LUG1;18WLUG1-12345-AQ;LUGAN 1;LUGAN 1;0,5;Hydro UGH;ASIE;ASIDUE
LUG2;18WLUG2-12345-AG;LUGAN 2;LUGAN 2;0,1;Hydro UGH;ASIE;ASIDUE
LUISA;18WLUISA-1234-EZ;LUISA;P.E. LUISA;21,7;Wonshore wind;EGED;EFEGEL2
LUM1C01;18W-LUM1C01-4--R;LUM1C01 CO;HIDROELÉCTRICA LUMYMEY, S.L. C;6,4;Competitive suppliers;LUM1;LUM1C01
LUMBRIA;18W000000000RV8D;LUMBRIA;LA UMBRIA;2,4;Solar PV;EGLE;FANSA
LUMEC01;18W000000000N9CD;LUMEC01;18W000000000LOWA;1,0;Competitive suppliers;LUMEN;LUMEC01
LUMIC01;18W-LUMIC01-5--I;LUMISA;LUMISA;2,0;Competitive suppliers;LUMIE;LUMIC01
LUNA;18WLUNA-12345--T;LUNA;LUNA;49,5;Wonshore wind;HISPE;DANSZN
LUNIX;18W000000000TTU4;LUNIX;LUNIX;1,7;Solar PV;GNRA;UPSON3
LUXC01;18W0000000000CK6;LUX FORUM;UP LUX FORUM COMERCIALIZACION;0,1;Competitive suppliers;LUX;LUXC01
LUXIC01;18W000000000SKS2;LUXIC01;LUXIC01;0,0;Competitive suppliers;LUXIA;LUXIC01
LUZNOR;18WLUZNOR-123-EL;LUZNOR;LUZNOR;38,0;Wonshore wind;IBGES;EHIBGES
LUZPC01;18W000000000NA1W;LUZPUEBLO;LUZ DEL PUEBLO COMPRA;25,0;Competitive suppliers;LUZDA;LUZPC01
LUZSC01;18W000000000GN6B;UPR LUZSO;UPR LUZ SOLIDARIA;0,1;Competitive suppliers;LUZSO;LUZSC01
LUZYC01;18W000000000NYTF;LUZYC01;LUZYC01;0,1;Competitive suppliers;LUZYE;LUZYC01
LVG1;18WLVG1-12345-AE;LA VEGA 1;LA VEGA 1;0,9;Hydro UGH;ENDG;GDLQ
LVG2;18WLVG2-12345-A4;LA VEGA 2;LA VEGA 2;0,9;Hydro UGH;ENDG;GDLQ
LVI1;18WLVI1-12345-AT;VILLANUE 1;LOS VILLANUEVAS 1;1,0;Hydro UGH;IBEG;JUCA
LVI2;18WLVI2-12345-AJ;VILLANUE 2;LOS VILLANUEVAS 2;0,8;Hydro UGH;IBEG;JUCA
LVI3;18WLVI3-12345-A9;VILLANUE 3;LOS VILLANUEVAS 3;1,4;Hydro UGH;IBEG;JUCA
MACEC01;18W000000000IVW1;MACEC01;MACEC01;1,7;Market direct consumption;MACEB;MACEC01
MACFW;18W000000000R0VN;MACFW;MACFW;1,4;Solar PV;GNRA;FVGNRA
MACHIN;18WMACHIN-123-AQ;MACHIN;SALTO DE MACHIN;4,0;Hydro non UGH;EGED;HFEGED
MADBE;18W000000000QXW0;MADBE;MADBE;1,6;Solar PV;GNRA;FVGNRA
MADEPMM;18W000000000PB3H;MADEPMM;MADEPMM;0,0;Natural Gas Cogeneration;IBCUR;TDIBCUR
MADRIGA;18WMADRIGA-12--B;MADRIGA;MADRIGAL;1,3;Solar PV;WMARK;FFWMARK
MADRON;18WMADRON-1234-G;MADROÑALES;P.E. MADROÑALES;34,0;Wonshore wind;ECYR;EEGPES
MAGAL26;18WMAGAL26-12-E9;MAGAL26;MAGAL26;10,8;Wonshore wind;SHELL;SESAWIN
MAGALLN;18W000000000OR72;MAGALLN;PE CAMPO DE MAGALLON;10,0;Wonshore wind;CEG;EMGALLN
MAGALLO;18WMAGALLO-12-ER;MAGALLO;P.E. SANTO CRISTO DE MAGALLON;40,0;Wonshore wind;CEG;EGEAMG
MAGANA;18WMAGANA-123-ET;MAGANA;P.E. MAGAÑA;24,7;Wonshore wind;EGLE;ETASA
MAGASQ;18W000000000JRY5;MAGASQ;UF MAGASQUILLA;10,0;Solar PV;NEXU;FMAGVE
MAGAZ;18WMAGAZ-12345-T;MAGAZ;P.E.MAGAZ;30,0;Wonshore wind;GNCO;EGASNE0
MAGDAL;18WMAGDAL-123-ES;MAGDAL;P.E LA MAGDALENA;23,8;Wonshore wind;IBGES;EHIBGES
MAGOSA;18W0000000009YN9;MAGOSA;18W0000000009YN9;2,0;Natural Gas Cogeneration;EGLE;TTINTS
MAGSO1;18W000000000TZL4;MAGSO1;MAGSO1;5,0;Solar PV;SOLRC;FMAGSOL
MAGSO2;18W000000000TZM2;MAGSO2;MAGSO2;5,0;Solar PV;SOLRC;FMAGSOL
MAHORA;18W000000000PXHY;MAHORA;PARQUE FV MAHORA;5,0;Solar PV;EBLCO;FMAHOR
MAITENA;18WMAITENA-123-F;MAITENA;18WMAITENA-123-F;2,5;Hydro non UGH;EGLE;HGUEJG
MAJADAA;18W000000000N9I1;MAJADAA;FV MAJADA ALTA;38,0;Solar PV;IBGES;FIBGEMS
MAJAL;18WMAJAL-12345-B;MAJAL;P.E. MAJAL ALTO;50,0;Wonshore wind;IBGES;EHIBGES
MAJOGAZ;18WMAJOGAZ-123-2;MAJOGAZ;P.E. MAJOGAZAS;49,5;Wonshore wind;EBLCO;EMAJOGA
MAL1;18WMAL1-12345-AD;MALVA 1;LA MALVA 1;2,2;Hydro UGH;HC G;HCHI
MAL2;18WMAL2-12345-A3;MALVA 2;LA MALVA 2;2,2;Hydro UGH;HC G;HCHI
MAL3;18WMAL3-12345-AU;MALVA 3;LA MALVA 3;2,2;Hydro UGH;HC G;HCHI
MAL4;18WMAL4-12345-AK;MALVA 4;LA MALVA 4;2,2;Hydro UGH;HC G;HCHI
MALA1;18WMALA1-1234567;MALA1;CCC MALAGA 1;415,5;Combined Cycle GT;GNCC;MALA1
MALAC01;18W000000000R8HR;MALAC01;COMPRA COMERCIALIZADORA;1,0;Competitive suppliers;MALAK;MALAC01
MALAG01;18WMALAG01-123-V;MALAG01;P.E. MALAGON I;36,0;Wonshore wind;GNCO;EGASNE1
MALAG02;18WMALAG02-123-O;MALAG02;P.E. MALAGÓN II;50,0;Wonshore wind;GNCO;EGASNE1
MALEF;18WMALEF-1234-ES;MALEF;P.E. MALEFATON;49,5;Wonshore wind;IBGES;EHIBGES
MALLADA;18WMALLADA-123-U;MALLADA;P.E. LA MALLADA;44,8;Wonshore wind;HC G;HCGSCSA
MALLEN;18WMALLEN-123-EQ;MALLEN;P. E. MALLEN;29,8;Wonshore wind;GNRA;PEVER2
MALPAS;18W000000000T9XL;MALPAS;MALPAS;3,8;Hydro non UGH;DETIC;HYMALPA
MALPICA;18WMALPICA-12-EJ;MALPICA;PARQUE EOLICO DE MALPICA;16,4;Wonshore wind;IGNIS;EGMALP
MANDEO;18W000000000F3N4;MANDEO;MANDEO ZARZO;25,6;Hydro non UGH;ECYR;HEGPE
MANDRES;18WMANDRES-12-AD;MANDRES;18WMANDRES-12-AD;4,6;0;EGLE;HFCEREG
MANGA;18WMANGA-1234-EV;MANGA;P. E. LA MANGA;12,0;Wonshore wind;EGED;EGREEN
MANGMV0;18W000000000TB15;MANGMV02;MANGMV02;2,0;Solar PV;MANUE;VMANGM
MANID;18W000000000QYMH;MANID;MANID;1,9;Solar PV;GNRA;FVGNRA
MANTECA;18WMANTECA-123-B;MANTECA;18WMANTECA-123-B;4,0;Wonshore wind;EBLCO;ERIANSA
MANUC01;18W000000000MZVC;MANUC01;MANUC01;0,4;Market direct consumption;PRODU;MANUC01
MANZAN;18WMANZAN-123-EB;MANZAN;MANZAN;25,5;Wonshore wind;MEDI;EMEDI
MANZANL;18W000000000OND2;MANZANL;PE MANZANAL F002;41,2;Wonshore wind;CEG;EMANZAN
MANZNRE;18W000000000OK4T;MANZNRE;UF SOLAR MANZANARES;33,0;Solar PV;NEXU;FMANZAN
MAPINOS;18W000000000T7FQ;MAS PINOS;MAS PINOS;2,9;Solar PV;SOMEN;SENFV1
MARCETA;18W000000000GP73;MARCETA;CH MARCETA;1,5;Hydro non UGH;NEXU;HFNEXU
MARCHAL;18W000000000U23O;FV MARCHAL;FV MARCHAL;3,5;Solar PV;DREUA;FDREU18
MARDESE;18W000000000T6MF;MARDESEVIL;MARDESEVIL;2,8;Solar PV;RSPRA;FFRSPRA
MARE;18WMARE-123456-3;MARE;SECADO TÉRMICO FANGOS REOCIN;12,0;Natural Gas Cogeneration;CEG;TMARE
MARINA;18W000000000T9UR;MARINA;MARINA;2,6;Hydro non UGH;DETIC;HYMARIN
MARINAD;18WMARINAD-123-S;MARINAD;18WMARINAD-123-S;3,1;Natural Gas Cogeneration;EGLE;TMARDG
MARIOLA;18WMARIOLA-123-Q;MARIOLA;18WMARIOLA-123-Q;5,4;Oil products and coal;EGLE;TMARIG
MARMELL;18WMARMELL-12--B;MARMELL;P.E.MARMELLAR;49,5;Wonshore wind;EGLE;EMARME
MARQUES;18W000000000HIBC;MARQUES;MARQUES;9,9;Solar PV;HISPE;FMARQUE
MARTC01;18W000000000MNE8;MARTB_UP;MARTB_UP_COMPRAS;1,0;Competitive suppliers;MARTB;MARTC01
MARTIAR;18WMARTIAR-123-D;MARTIAR;UF MARTIARTU;3,3;Natural Gas Cogeneration;GNRA;TMARTIA
MARTINJ;18W000000000N1JN;MARTINJ;PE MARTIN DE LA JARA;36,0;Wonshore wind;IBGES;EHIBGES
MARTON;18W000000000N3FP;MARTON;MARTON;10,0;Solar PV;WMARK;FMARTON
MASAC01;18W000000000SSIZ;MASAC01;MASAC01;0,1;Competitive suppliers;MASAL;MASAC01
MASGALA;18WMASGALA-12-EW;MASGALA;P.E. MASGALAN-CAMPO DO COCO;49,5;Wonshore wind;IBGES;EHIBGES
MASIC01;18W00000000054RX;MASINTELIG;MAS INTELIGENCIA UNIDAD DE PR;0,0;Competitive suppliers;MASIN;MASIC01
MASIRP;18W000000000Q7Y0;FYRSPRA;FYRSPRA;0,5;Solar PV;MASIN;MASIRP
MASNC01;18W000000000SSBC;MASNORTEGL;MASNORTE GLOBAL UP;5,0;Competitive suppliers;MASNA;MASNC01
MASQC01;18W000000000IYNA;MASQC01;MASQLUZ PENINSULA;0,1;Competitive suppliers;MASQL;MASQC01
MATABUE;18WMATABUE-123-R;MATABUE;P. E. MATABUEY;16,2;Wonshore wind;GNRA;PEVER
MATAC01;18W-MATAC01-1--M;MATACOUTA;MATACOUTA;0,5;Market direct consumption;MATA;MATAC01
MATAT;18W000000000BZEG;MATALLANA;HSF LA MATALLANA;2,0;Solar PV;SOMEN;SENFV1
MAZA;18WMAZA-12345-EK;MAZA;P. E. LA MAZA;49,5;Wonshore wind;IBGES;EHIBGES
MAZEC01;18W000000000T9BS;MAZE ENERG;MAZE ENERGY;1,0;Competitive suppliers;MAZEE;MAZEC01
MAZEINI;18W000000000U8YI;GENFV;GENERICA FV;0,5;Solar PV;MAZEE;MAZEINI
MAZGD;18W000000000QYHR;MAZGD;MAZGD;2,4;Solar PV;GNRA;FVGNRA
MAZNARS;18W000000000QR40;MANZNS;MANZANARS;30,0;Solar PV;GNRA;FMNZARS
MAZORAJ;18WPEMAZO-RAJ--I;MAZORAJ;P.E. MAZORRAL-CERRO RAZOLA;32,3;Wonshore wind;EGED;EGREEN
MAZORRA;18WMAZORRA-12-E7;MAZORRA;P.E. LAS MAZORRAS;28,3;Wonshore wind;EGED;EGREEN
MCABEZA;18WMCABEZA-12-EY;MCABEZA;P. E. MONTE CABEZA;36,8;Wonshore wind;IGNIS;EGVENTO
MCAVE;18W000000000F5GC;MAGASCONA;MAGASCONA;20,0;Solar PV;GNRA;VEMTR
MCH1;18WMCH1-12345-AX;MORANCH 1;MORANCHEL 1;1,4;Hydro UGH;BARER;BERJUCA
MCH2;18WMCH2-12345-AN;MORANCH 2;MORANCHEL 2;1,5;Hydro UGH;BARER;BERJUCA
MCHONI;18WMCHONI-123-EC;MCHONI;MCHONI;18,0;Wonshore wind;IBGES;EHIBGES
MCHONIV;18WMCHONIV-12-EV;MCHONIV;MCHONIV;48,0;Wonshore wind;IBGES;EHIBGES
MCHONSU;18WMCHONSU-12-EW;MCHONSU;MCHONSU;12,0;Wonshore wind;IBGES;EHIBGES
MCLIX;18W000000000TUXW;MCLIX;MCLIX;1,2;Solar PV;GNRA;UPSON3
MDAUGAS;18WMDAUGAS-123-H;MDAUGAS;18WMDAUGAS-123-H;3,0;Wonshore wind;EGLE;EMDAUG
MDN1;18WMDN1-12345-AT;MEDIANO 1;MEDIANO 1;33,5;Hydro UGH;ENDG;EBRACC2
MDN2;18WMDN2-12345-AJ;MEDIANO 2;MEDIANO 2;33,4;Hydro UGH;ENDG;EBRACC2
MED107;18W000000000TZSR;MED107;MED107;24,9;Solar PV;SOLRC;FMED107
MEGC01;18W0000000000NM6;MEGARA ;MEGARA UNIDAD COMPRA;0,1;Competitive suppliers;MEG;MEGC01
MEH;18W000000000JE4U;MEH;MUSEO EVOL HUMANA;2,3;Natural Gas Cogeneration;CEG;TMEH
MEIRA;18WMEIRA-1234-E2;MEIRA;P. E. SERRA DE MEIRA;49,3;Wonshore wind;IBGES;EHIBGES
MELENCH;18WMELENCH-123-5;MELENCH;MELENCHONES NORTE;4,0;Natural Gas Cogeneration;CEG;T1CEG
MELIDA;18WMELIDA-1234-P;MELIDA;MELIDA;4,0;Hydro non UGH;EGED;HATUDEL
MELUC01;18W-MELUC01-4--E;HISPA;HISPANO TEX S.A.;94,1;Market direct consumption;MELUL;MELUC01
MEN1;18WMEN1-12345-AH;MENDARAZ 1;MENDARAZ 1;0,2;Hydro UGH;IBEG;EBRA
MEN2;18WMEN2-12345-A7;MENDARAZ 2;MENDARAZ 2;0,3;Hydro UGH;IBEG;EBRA
MENAUTE;18WMENAUTE-123-U;MENAUTE;MENAUTE;37,4;Wonshore wind;ECYR;EEGPEM
MENEC01;18W-MENEC01-7--F;MENEC01;MOSCOSO ENERGIA;4,0;Competitive suppliers;MENER;MENEC01
MERC01;18W000000000OL7K;MERC01;MERC01;0,6;Market direct consumption;MEROL;MERC01
MERCA;18WMERCA-1234--9;MERCA;18WMERCA-1234--9;4,8;Hydro non UGH;EGLE;HMERCA
MERCCP3;18W-MERCCP3-1--F;RIGHT EXP;RIGHT EXP;500,0;Import France;MERCU;MERCCP3
MERCVP3;18W-MERCVP3-8--K;RIGHT IMP;RIGHT IMP;500,0;Export France;MERCU;MERCVP3
MERID19;18W000000000RXT2;MERID19;UF SOLAR MERIDA 19;5,0;Solar PV;NEXU;FMERI19
MERIDA;18W000000000PH13;MERIDA;SAN SERVAN 2020;43,2;Solar PV;SHEEN;SHEPV11
MERML;18W000000000QZDW;MERML;MERML;1,0;Solar PV;GNRA;FVGNRA
MEROL;18W000000000GPAY;MEROLA;CH MEROLA;1,1;Hydro non UGH;NEXU;HFNEXU
MERUELO;18WMERUELO-12-DJ;MERUELO;MERUELO;2,8;Biogas;CEG;RMERU
METCEL2;18W000000000S1FB;METCEL2;METCEL2;1,0;Competitive suppliers;METEN;METER01
METCEL3;18W000000000S1G9;METCEL3;METCEL3;1,0;Competitive suppliers;METEN;METER01
METCEL4;18W000000000S1H7;METCEL4;METCEL4;1,0;Competitive suppliers;METEN;METER01
METCEL5;18W000000000S1I5;METCEL5;METCEL5;1,0;Competitive suppliers;METEN;METER01
METCEL6;18W000000000S1J3;METCEL6;METCEL6;1,0;Competitive suppliers;METEN;METER01
METCEL7;18W000000000S1K1;METCEL7;METCEL7;1,0;Competitive suppliers;METEN;METER01
METCEL8;18W000000000S1MY;METCEL8;METCEL8;1,0;Competitive suppliers;METEN;METER01
METCELS;18W000000000QKQE;ES-MET_;ES-MET_;1,0;Competitive suppliers;METEN;METER01
METEC01;18W000000000MYBI;METEC01;METEC01;120,0;Competitive suppliers;METEN;METEC01
METEV01;18W000000000RR6T;FYIBCUR;IB CUR  ( TARIFA, FOTOVOLTAICA;0,1;Solar PV;METEN;METEV01
METSAK1;18W000000000TRRG;METSAK1;METSAK1;1,0;Competitive suppliers;SAHKO;SAHKR01
METSAK2;18W000000000TRSE;METSAK2;METSAK2;1,0;Competitive suppliers;SAHKO;SAHKR01
METSAK3;18W000000000TVOA;METSAK3;METSAK3;1,0;Competitive suppliers;SAHKO;SAHKR01
METSAK4;18W000000000TVP8;METSAK4;METSAK4;1,0;Competitive suppliers;SAHKO;SAHKR01
MEZ1;18WMEZ1-12345-AX;MEZONZO 1;MEZONZO 1;0,5;Hydro UGH;GNFG;UFGC
MEZ2;18WMEZ2-12345-AN;MEZONZO 2;MEZONZO 2;0,4;Hydro UGH;GNFG;UFGC
MFREC01;18W000000000F345;MFREC01;MFREC01;3,0;Market direct consumption;MFRSA;MFREC01
MFUSTE2;18W000000000U3T6;FYEEXXI;END CUR  ( TARIFA, FOTOVOLTAIC;0,4;Solar PV;TRISO;MFUSTE2
MG50ZA;18W000000000TYQY;MG50ZA;MG50ZA;1,0;Competitive suppliers;FORTI;FORTR01
MI2000;18W000000000TS1S;MI2000;MI2000;1,0;Competitive suppliers;ENDCO;ENDER01
MIAJADA;18WMIAJADA-123-1;BIOMIAJADA;BIOMASA MIAJADAS;15,0;Biomass;EGED;RFEGED
MIBAIDA;18W000000000SZ29;MIBAIDA;UF SOLAR MIRALBAIDA 15;1,5;Solar PV;NEXU;FMBAIDA
MICHAR;18WMICHAR-123-D1;MICHAR;MICHELIN ARANDA;32,8;Natural Gas Cogeneration;IBGES;TFIBGES
MICHVAL;18WMICHVAL-12-D0;MICHVAL;MICHELIN VALLADOLID;46,0;Natural Gas Cogeneration;IBGES;TFIBGES
MICHVIT;18WMICHVIT-12-DS;MICHVIT;MICHELIN VITORIA;47,0;Natural Gas Cogeneration;IBGES;TFIBGES
MIDCOTR;18W000000000QV4P;MIDCO;TERMOLLANO;48,0;Solar thermal;GESTE;TERMLNO
MIESA;18W000000000QDM6;MIESA;MIESA;2,0;Hydro non UGH;GNRA;HFGNRA
MIGASA;18WMIGASA-123-D1;MIGASA;MIGASA;5,0;Natural Gas Cogeneration;DETIC;COGMIGA
MIGFW;18W000000000LC4S;MIGFW;MIGFW;1,3;Solar PV;GNRA;FVGNRA
MIGRODA;18WMIGRODA-12-D9;MIGRODA;MIGRODA;9,7;Natural Gas Cogeneration;EGLE;TNEOROD
MIL1;18WMIL1-12345-AS;MILLER 1;MILLER 1;8,2;Hydro UGH;IBEG;JUCA
MIL2;18WMIL2-12345-AI;MILLER 2;MILLER 2;8,6;Hydro UGH;IBEG;JUCA
MIL3;18WMIL3-12345-A8;MILLER 3;MILLER 3;8,1;Hydro UGH;IBEG;JUCA
MILAEDS;18W000000000UDF4;MILAEDS;GRANJA DE MILAGROS;7,4;Natural Gas Cogeneration;EGLE;TMILAG
MILANO;18W000000000R4G4;UF MILANO;UF FV MILANO SOLAR;43,8;Solar PV;IGNIS;SMILANO
MILII;18WMILII-1234--6;MILLAS II;MILLAS II;0,9;Natural Gas Cogeneration;LMER;MILII
MILLEDS;18W000000000UDH0;TMILLAN;SAJUSA;7,4;Natural Gas Cogeneration;EGLE;TMILLAN
MILLII1;18WMILLII1-12-AN;MILLARES21;MILLARES II 1;34,9;Hydro UGH;IBEG;JUCA
MILLII2;18WMILLII2-12-AG;MILLARES22;MILLARES II 2;35,2;Hydro UGH;IBEG;JUCA
MINAC01;18W0000000001YBS;MINAC01;MINAC01;0,5;Market direct consumption;MINAL;MINAC01
MINGORR;18WMINGORR-123-C;MINGORR;P.E.MINGORRUBIO;25,0;Wonshore wind;GNRA;PEVER
MINIC01;18W000000000I3G6;MINAI;MINAI SERVICIOS ENERGETICOS;1,0;Competitive suppliers;MINAI;MINIC01
MINON;18W000000000GEO2;MINON;UF EOLICA MINON;23,3;Wonshore wind;NEXU;EMINON
MIRABE;18W000000000J7FT;MIRABE;PE MIRABEL;26,4;Wonshore wind;GNCO;EGASNE2
MIRAFL;18W000000000N9Z4;MIRAFLORES;SFV MIRAFLORES;20,0;Solar PV;GNCO;FGASNE2
MIRALCA;18WMIRALCA-123-Z;MIRALCAMP;MIRALCAMP ARGAL;2,0;Natural Gas Cogeneration;LMER;TMIRALP
MIRAMU;18W000000000GD72;MIRAMUNDO;FV MIRAMUNDO;45,8;Solar PV;NEXU;FMIRAMU
MISTRAL;18W000000000PR52;MISTRAL;UF SOLAR MISTRAL;3,3;Solar PV;NEXU;FMISTRA
MJIMENA;18WMJIMENA-123-E;MJIMENA;P. E. MONTE VILLAJIMENA;6,0;Wonshore wind;MIRAS;EMIRASI
ML1;18WML1-123456--L;BARCENA 1;BARCENA DEL SIL 1;30,1;Hydro UGH;ENDG;SBEU
ML2;18WML2-123456-AP;BARCENA 2;BARCENA DEL SIL 2;31,0;Hydro UGH;ENDG;SBEU
MLAGROF;18W000000000IPWJ;MLAGROF;MLAGROF;7,0;Solar PV;GESTE;FMILGRO
MLIN;18WMLIN-123456-S;MLIN;MOLINO DE SANTIAGO;0,1;Hydro UGH;CTNU;JUCAR2
MLT1;18WMLT1-12345-F5;MORALET 1G;MORALETS GR.1 GENERAC.;73,4;Turbine pumping;ENDG;MLTG
MLT1B;18WMLT1B-12345-N;MORALET 1B;MORALETS GR.1 BOMBEO;73,0;Pump consumption;ENDG;MLTB
MLT2;18WMLT2-12345-FW;MORALET 2G;MORALETS GR.2 GENERAC.;72,8;Turbine pumping;ENDG;MLTG
MLT2B;18WMLT2B-12345-D;MORALET 2B;MORALETS GR.2 BOMBEO;73,0;Pump consumption;ENDG;MLTB
MLT3;18WMLT3-12345-FM;MORALET 3G;MORALETS GR.3 GENERAC.;72,9;Turbine pumping;ENDG;MLTG
MLT3B;18WMLT3B-12345-3;MORALET 3B;MORALETS GR.3 BOMBEO;73,0;Pump consumption;ENDG;MLTB
MMARBAN;18WMMARBAN-12-E1;MMARBAN;PARQUE EÓLICO MONTE MARBÁN;11,4;Wonshore wind;GNCO;EFPART
MMATAS;18W000000000P6KZ;MMATAS;UF SOLAR MATAS;2,2;Solar PV;NEXU;FMATAS
MMOLON;18WMMOLON-123-EI;MMOLON;P.E. MONTE MOLÓN;29,7;Wonshore wind;IBGES;EHIBGES
MNDALA;18W000000000P2FK;MNDALA;UF SOLAR MANDALA;1,7;Solar PV;NEXU;FMANDLA
MNE1;18WMNE1-12345-A8;MANERU 1;MANERU 1;2,3;Hydro UGH;ASIE;ASIEBRO
MNE2;18WMNE2-12345-AZ;MANERU 2;MANERU 2;2,3;Hydro UGH;ASIE;ASIEBRO
MNG1;18WMNG1-12345-AN;MENGIBAR 1;MENGIBAR 1;1,3;Hydro UGH;ENDG;GDLQ
MNG2;18WMNG2-12345-AD;MENGIBAR 2;MENGIBAR 2;1,3;Hydro UGH;ENDG;GDLQ
MNG3;18WMNG3-12345-A3;MENGIBAR 3;MENGIBAR 3;1,3;Hydro UGH;ENDG;GDLQ
MNI1;18WMNI1-12345-A1;MANISES 1;MANISES 1;0,3;Hydro UGH;IBEG;JUCA
MNI2;18WMNI2-12345-AS;MANISES 2;MANISES 2;0,3;Hydro UGH;IBEG;JUCA
MNJU;18WMNJU-12345-AX;MENJU ;EL MENJU;0,2;Hydro UGH;IBEG;JUCA
MNQU;18WMNQU-12345-AU;MONTESQUIU;MONTESQUIU;0,9;Hydro UGH;ENDG;EBRFEN
MNS1;18WMNS1-12345-A2;MANSILLA 1;MANSILLA 1;2,6;Hydro UGH;IBEG;EBRA
MNS2;18WMNS2-12345-AT;MANSILLA 2;MANSILLA 2;2,6;Hydro UGH;IBEG;EBRA
MNUZA;18WMNUZA-12345-R;MNUZA;MENUZA;13,8;Hydro non UGH;EBLCO;HGDF01
MNZNQUE;18W000000000SU4K;MNZNQUE;UF SOLAR MANZANEQUE;1,5;Solar PV;NEXU;FMANZQE
MO08SV;18W000000000OT34;MO08SV;MO08SV;1,0;Competitive suppliers;FORTI;FORTR01
MOARBOL;18WMOARBOL-12-ER;MOARBOL;18WMOARBOL-12-ER;1,5;Wonshore wind;EGLE;EMOARG
MOCCB;18W000000000QP9X;MOCCB;MOCCB;1,1;Solar PV;GNRA;FVGNRA
MODIC01;18W-MODIC01-1--U;MODISPREM;MODISPREM SA;1,2;Market direct consumption;MODI;MODIC01
MODSP;18W000000000RRG9;MODSP;MODSP;40,1;Solar PV;GNRA;MODOH
MOIAC01;18W-MOIAC01-2--B;MAT MOIA;MATADERO MOIA;0,9;Market direct consumption;MOIA;MOIAC01
MOINSA;18WMOINSA-123--R;MOINSA;MOINSA;24,9;Natural Gas Cogeneration;CEG;TFINSA
MOJADO;18W000000000SKME;MOJADO;MOJADO;4,6;Solar PV;CEG;FMOJADO
MOLAC01;18W000000000ROUR;MOLAC01;MOLAC01;0,1;Competitive suppliers;MOLAL;MOLAC01
MOLARM;18WMOLARM-123-E7;MOLARM;P.E. MOLAR DEL MOLINAR;99,0;Wonshore wind;IBGES;EHIBGES
MOLEC01;18W-MOLEC01-5--7;MOLECOR;MOLECOR;1,7;Market direct consumption;MOLE;MOLEC01
MOLI;18WMOLI-12345-A8;MOLI;MOLI;0,7;Hydro UGH;ENDG;EBRFEN
MOLINAF;18W000000000F3L8;MOLINAFERA;CH MOLINAFERRERA;1,0;Hydro non UGH;ECYR;HEGPE
MOLINO;18W000000000SLGN;MOLINO-3MW;MOLINO-3MW;3,5;Solar PV;ALDRO;PLENFV1
MOLSE;18W000000000MAI2;MOLSE;MOLSE;1,4;Solar PV;GNRA;FVGNRA
MOLTO;18WMOLTO-1234-D1;MOLTO;MOLTO;6,0;Natural Gas Cogeneration;DETIC;COGMOLT
MOM1;18WMOM1-12345-F9;MONTAMA 1G;MONTAMARA GR.1 GENERAC.;45,8;Hydro UGH;ENDG;EBRFEN
MOM1B;18WMOM1B-12345-R;MONTAMA 1B;MONTAMARA GR.1 BOMBEO;50,0;Pump consumption;ENDG;ENDPRB
MOM2;18WMOM2-12345--V;MONTAMA 2G;MONTAMARA GR.2 GENERAC.;46,5;Hydro UGH;ENDG;EBRFEN
MOM2B;18WMOM2B-12345-H;MONTAMA 2B;MONTAMARA GR.2 BOMBEO;50,0;Pump consumption;ENDG;ENDPRB
MONCA;18W000000000GZZS;MONCA;MONCA;40,0;Solar PV;GNRA;UPMONC
MONCAYU;18WMONCAYU-12-EB;MONCAYU;P. E. EL MONCAYUELO;48,0;Wonshore wind;EGED;EGREEN1
MONCIR;18W000000000GB1K;MONCIR;P E MONCIRO;41,5;Wonshore wind;GNCO;EGASN2U
MONCLUE;18WMONCLUE-123-0;MONCLUE;P.E. MONCLUES;30,0;Wonshore wind;EBLCO;EMONCLU
MONDIGO;18W000000000TL8Z;MONDIGO;MONDIGO;45,0;Wonshore wind;WMARK;PEMONDI
MONDONE;18WMONDONE-123-J;MONDONE;P.E. MONDOÑEDO;48,4;Wonshore wind;EGLE;EFGVDO
MONG1;18W000000000QYT3;MONG1;MONG1;3,0;Solar PV;GNRA;FVGNRA
MONG2;18W000000000QYWY;MONG2;MONG2;1,3;Solar PV;GNRA;FVGNRA
MONREAL;18WMONREAL-123-O;MONREAL;PE MONREAL;4,5;Wonshore wind;EGED;EGREEN
MONSEI;18WMONSEI-123-ES;MONSEIVANE;P. E. MONSEIVANE;41,4;Wonshore wind;HC G;HCGSIHA
MONTAMA;18W-MONTAMA-5--U;MONTAMARTA;P.E. MONTAMARTA;22,4;Wonshore wind;GNCO;EGASNE0
MONTANE;18W000000000T99W;MONTANE;CH MONTANERA;1,1;Hydro non UGH;EGLE;HRIEAG
MONTARG;18WMONTARG-123-D;MONTARG;P.E.MONTARGULL;44,0;Wonshore wind;ECYR;EEGPES
MONTC01;18WMONTC01UF---A;MONTC01 CO;ELECTRICA DEL MONTSEC, S.L. CO;0,8;Competitive suppliers;MONTS;MONTC01
MONTCEO;18WMONTCEO-12-EP;MONTCEO;18WMONTCEO-12-EP;2,5;Wonshore wind;EGLE;EOITAV
MONTENA;18W000000000T9ZH;MONTENA;MONTENA;3,6;Hydro non UGH;DETIC;HYMONTE
MONTERO;18WMONTERO-12-EE;MONTERO;P. E. MONTERO;25,5;Wonshore wind;IGNIS;UPEBRO
MONTESO;18W000000000IG5Q;MONTESOL;UF MONTESOL;40,0;Solar PV;NEXU;FMONTES
MONTET;18W000000000GBIN;MONTET;PE MONTETOURADO;39,6;Wonshore wind;GNCO;EGASNE2
MONTIJA;18WMONTIJA-12-ET;MONTIJA;MONTIJA;30,8;Wonshore wind;GNCO;EGASNE0
MONTOU;18WMONTOU-123-EH;MONTOU;P.E MONTOUTO;20,4;Wonshore wind;HISPE;EALP1
MONTOUT;18WMONTOUT-12-ED;MONTOUTO;P. E. MONTOUTO 2000;47,7;Wonshore wind;EGLE;EMONTOU
MONZEDS;18W000000000UDJX;MONZEDS;COG PURINES EN MONZON;14,8;Natural Gas Cogeneration;EGLE;TMONZO
MOR1;18WMOR1-12345-A1;MORANA 1;MORANA 1;0,3;Hydro UGH;ENDG;EBRACC1
MOR2;18WMOR2-12345-AS;MORANA 2;MORANA 2;0,4;Hydro UGH;ENDG;EBRACC1
MORAL;18WMORAL-12345-E;MORAL;P.E.EL MORAL;40,0;Wonshore wind;EGED;EFEGED
MORAL1;18WMORAL1-123-EF;MORAL1;18WMORAL1-123-EF;6,0;Wonshore wind;EBLCO;EMORAL1
MORAL2;18WMORAL2-123-E7;MORAL2;EL MORALEJO II;11,0;Wonshore wind;EBLCO;EMORAL1
MORALAS;18W000000000RFBI;MORALAS;MORALAS;5,0;Solar PV;CEG;FMORALA
MORATLL;18W000000000N67W;MORATLL;CH MORATALLA;1,7;Hydro non UGH;HC G;HCHI2
MORAVIA;18WMORAVIA-12-DV;MORAVIA;MORAVIA;5,3;Natural Gas Cogeneration;DETIC;COGMORA
MORE;18WMORE-12345-AJ;MORES ;MORES;0,4;Hydro UGH;ENDG;EBRERZ
MOREDA;18WMOREDA-123-AK;MOREDA;18WMOREDA-123-AK;1,3;Hydro non UGH;EGLE;HCOHIG
MORELA1;18WMORELA1-123-2;MORELLA 1;MORELLA 1 RO;3,4;Fuel;NEXU;EENRO
MORELA2;18WMORELA2-123-W;MORELLA 2;MORELLA 2 RO;4,5;Fuel;NEXU;EENRO2
MORERAS;18W000000000SR5R;MORERAS;FV LAS MORERAS;2,7;Solar PV;SOMEN;SENFV1
MORON;18WMORON-12345-4;MORON;PARQUE EÓLICO MORÓN DE ALMAZAN;50,0;Wonshore wind;IBGES;EHIBGES
MORRAB;18WMORRAB-123-EC;MORRAB;P.E. MORRABLANCAR;13,2;Wonshore wind;IBGES;EHIBGES
MORRONE;18WPE-MORRONES-R;MORRONE;P.E. LOS MORRONES;30,0;Wonshore wind;EGED;EGREEN1
MORTC01;18W000000000SRH3;MORTERO PE;MORTERO PENINSULA;5,0;Competitive suppliers;MORTE;MORTC01
MOSTAZA;18WMOSTAZAVEJER3;MOSTAZA;PARQUE EOLICO MOSTAZA;18,0;Wonshore wind;NEXU;EMOSTAZ
MOTAC01;18W000000000PUFA;UPMONTARTO;UP MONTARTO TECHNOLOGIES;0,1;Competitive suppliers;MONTR;MOTAC01
MOTARRO;18W000000000TJ0K;MOTARRO;MOTARRO;2,6;Wonshore wind;DETIC;EYMOTAR
MOTILLA;18W000000000F5SP;MOTILLA;PE MOTILLA;51,0;Wonshore wind;ECYR;EEGPES
MOURIN;18W000000000GA1N;MOURIN;P E MOURIÑOS;9,6;Wonshore wind;GNCO;EGASNE2
MOVALS3;18WMOVALS3-123-P;MOVALS3;MOVIALSA 3;9,9;Natural Gas Cogeneration;CEG;TMOVIAL
MOVALS5;18WMOVALS5-123-B;MOVALS5;MOVIALSA 5;9,9;Natural Gas Cogeneration;CEG;TMOVIAL
MOVALSA;18WMOVALSA-123-D;MOVALSA;MOVIALSA 2;5,9;Biomass;CEG;RCMOVA
MOVHC01;18W000000000N05H;MOVHC01;MOVHERA COMERCIALIZADORA;300,0;Competitive suppliers;MOVHE;MOVHC01
MOVIASA;18WMOVIASA-12-DG;MOVIASA;MOVIALSA;23,7;Oil products and coal;CEG;TMOVIAS
MOVIC01;18W000000000QE42;MOVIC01;COMPRA COMERCIALIZADORA;1,0;Competitive suppliers;MOVIE;MOVIC01
MOYGIRA;18WMOYGIRA-123-T;MOYGIRA;ESCOMBRERAS MOYRESA GIRASOL;9,9;Natural Gas Cogeneration;CEG;TMOYGI
MOYZIER;18WMOYZIER-123-9;MOYZIER;MOYRESA ZIERBENA;9,9;Natural Gas Cogeneration;CEG;TMOYGI
MPIEDR;18W000000000TA34;MPIEDR;MPIEDR;1,4;Hydro non UGH;DETIC;HYPIEDR
MPUNTE;18W00000000058H4;MPUNTE;HIDMPUNTE;2,4;Hydro non UGH;NEXU;HMPUNTE
MQN1;18WMQN1-12345-AL;MEQUINEN 1;MEQUINENZA 1;79,7;Hydro UGH;ENDG;EBRFEN
MQN2;18WMQN2-12345-AB;MEQUINEN 2;MEQUINENZA 2;79,7;Hydro UGH;ENDG;EBRFEN
MQN3;18WMQN3-12345-A1;MEQUINEN 3;MEQUINENZA 3;79,7;Hydro UGH;ENDG;EBRFEN
MQN4;18WMQN4-12345-AS;MEQUINEN 4;MEQUINENZA 4;79,7;Hydro UGH;ENDG;EBRFEN
MQUESA;18W000000000FXNP;MQUESADO;18W000000000FXNP;24,0;Wonshore wind;GNRA;PEVER
MRAPG;18W000000000S5X0;MRAPG;MRAPG;9,3;Wonshore wind;GNRA;UPMRA
MRBUENA;18W000000000T73D;MRBUENA;UF SOLAR MIRABUENA;5,7;Solar PV;NEXU;FMBUENA
MRCHENA;18W000000000U1JW;MRCHENA;UF SOLAR MARCHENA;1,8;Solar PV;NEXU;FMCHENA
MRD1;18WMRD1-12345-A8;MIRAN HC 1;MIRANDA 1  (HC);17,9;Hydro UGH;HC G;HCHI
MRD2;18WMRD2-12345-AZ;MIRAN HC 2;MIRANDA 2  (HC);17,9;Hydro UGH;HC G;HCHI
MRD3;18WMRD3-12345-AP;MIRAN HC 3;MIRANDA 3  (HC);17,8;Hydro UGH;HC G;HCHI
MRD4;18WMRD4-12345-AF;MIRAN HC 4;MIRANDA 4  (HC);18,1;Hydro UGH;HC G;HCHI
MREDON;18WMREDON-123-E0;MREDON;PE MONTE REDONDO;49,5;Wonshore wind;GNCO;EGASNE0
MRIGAL1;18W000000000SMGK;MRIGAL1;UF SOLAR MADRIGAL 1;3,3;Solar PV;NEXU;FRIGAL1
MRIGAL2;18W000000000SMHI;MRIGAL2;UF SOLAR MADRIGAL 2;3,3;Solar PV;NEXU;FRIGAL2
MRINERO;18W000000000UCSI;MRINERO;UF SOLAR MERINERO;30,0;Solar PV;NEXU;FMRIERO
MRM1;18WMRM1-12345-AK;MARMOLEJ 1;MARMOLEJO 1;8,3;Hydro UGH;ENDG;GDLQ
MRM2;18WMRM2-12345-AA;MARMOLEJ 2;MARMOLEJO 2;8,3;Hydro UGH;ENDG;GDLQ
MRR1;18WMRR1-12345-A2;MARRACOS 1;MARRACOS 1;3,3;Hydro UGH;ENDG;EBRACC1
MRR2;18WMRR2-12345-AT;MARRACOS 2;MARRACOS 2;3,3;Hydro UGH;ENDG;EBRACC1
MSALAZA;18WMSALAZA-123-I;MSALAZA;MARMOLES SALAZAR;0,4;Hydro non UGH;GNRA;HPGNRA
MSERRA;18WMSERRA-123--T;MSERRA;PARQUE EÓLICO MONTE DA SERRA;14,4;Wonshore wind;GNCO;EFPART
MSM;18WMSM-1234567-F;MSM;MINERA DE SANTA MARTA;19,7;Oil products and coal;IGNIS;UPBELOR
MSSR01;18W000000000OUM0;MSSR01;MSSR01;1,0;Competitive suppliers;ENDCO;ENDER01
MSSR02;18W000000000S2QN;MSSR02;MSSR02;1,0;Competitive suppliers;ENDCO;ENDER01
MSUSO;18W00000000058EA;MSUSO;HIDSUSO;3,9;Hydro non UGH;GESTE;HIDAGST
MSVSC01;18W-MSVSC01-5--X;MSVSC01 CO;MUNICIPAL DE SERVICIOS VILLAHE;2,1;Competitive suppliers;MSVSL;MSVSC01
MTF1;18WMTF1-12345--L;MONTEFUR 1;MONTEFURADO 1;14,7;Hydro UGH;IBEG;SIL
MTF2;18WMTF2-12345-AQ;MONTEFUR 2;MONTEFURADO 2;15,0;Hydro UGH;IBEG;SIL
MTF3;18WMTF3-12345-AG;MONTEFUR 3;MONTEFURADO 3;14,5;Hydro UGH;IBEG;SIL
MTN1;18WMTN1-12345-AM;S.MARTIN;SAN MARTIN;10,2;Hydro UGH;IBEG;SIL
MTOCB;18W000000000TDBG;MTOCB;MTOCB;2,0;Solar PV;GNRA;FVGNRA
MUBEAS;18W000000000TSB8;MUBEAS;MUBEAS;1,0;Competitive suppliers;ENDCO;ENDER01
MUDARRA;18W000000000MBCB;MUDARRA;MUDARRA;2,0;Solar PV;INTRA;INTRE02
MUDEFER;18WMUDEFER-123-Z;MUDEFER;PE MUDEFER;45,0;Wonshore wind;EGLE;ECATER
MUDEI1;18W000000000U9N0;MUDEI1;MUDEI1;38,5;Solar PV;GNRA;UPMUD1
MUDEI2;18W000000000UCNS;MUDEI2;MUDEI2;56,9;Solar PV;GNRA;UPMUD2
MUE1;18WMUE1-12345-FP;MUELA 1G;LA MUELA DE CORTES 1 GENERAC.;211,5;Turbine pumping;IBEG;MUEL
MUE1B;18WMUE1B-12345-6;MUELA 1B;LA MUELA DE CORTES 1 BOMBEO;190,0;Pump consumption;IBEG;MUEB
MUE2;18WMUE2-12345-FF;MUELA 2G;LA MUELA DE CORTES 2 GENERAC.;211,4;Turbine pumping;IBEG;MUEL
MUE2B;18WMUE2B-12345-X;MUELA 2B;LA MUELA DE CORTES 2 BOMBEO;190,0;Pump consumption;IBEG;MUEB
MUE3;18WMUE3-12345-F5;MUELA 3G;LA MUELA DE CORTES 3 GENERAC.;211,0;Turbine pumping;IBEG;MUEL
MUE3B;18WMUE3B-12345-N;MUELA 3B;LA MUELA DE CORTES 3 BOMBEO;190,0;Pump consumption;IBEG;MUEB
MUE4;18WMUE4-123456-6;MUELA 4G;LA MUELA DE CORTES 4 GEN;218,9;Turbine pumping;IBEG;MUEL
MUE4B;18WMUE4B-12345-D;MUELA 4B;LA MUELA DE CORTES 4 BOMBEO;205,0;Pump consumption;IBEG;MUEB
MUE5;18WMUE5-123456-X;MUELA 5G;LA MUELA DE CORTES 5 GEN;220,8;Turbine pumping;IBEG;MUEL
MUE5B;18WMUE5B-12345-3;MUELA 5B;LA MUELA DE CORTES 5 BOMBEO;205,0;Pump consumption;IBEG;MUEB
MUE6;18WMUE6-123456-N;MUELA 6G;LA MUELA DE CORTES 6 GEN;218,7;Turbine pumping;IBEG;MUEL
MUE6B;18WMUE6B-12345-U;MUELA 6B;LA MUELA DE CORTES 6 BOMBEO;205,0;Pump consumption;IBEG;MUEB
MUE7;18WMUE7-123456-D;MUELA 7G;LA MUELA DE CORTES 7 GEN;219,4;Turbine pumping;IBEG;MUEL
MUE7B;18WMUE7B-12345-K;MUELA 7B;LA MUELA DE CORTES 7 BOMBEO;205,0;Pump consumption;IBEG;MUEB
MUELA;18WMUELA-1234-EP;MUELA;P.E. LA MUELA;45,5;Wonshore wind;IBGES;EHIBGES
MUELA2;18WMUELA2-123-EU;MUELA2;PARQUE EOLICO LA MUELA II;13,2;Wonshore wind;ECYR;EREGPEM
MUELA3;18WMUELA3-123-EM;MUELA3;PARQUE EOLICO LA MUELA III;16,5;Wonshore wind;ECYR;EREGPEM
MUELCUB;18WMUELACUBILLOR;MUELCUB;P.E. MUELA CUBILLO;50,0;Wonshore wind;IBGES;EIBGENO
MUELLE;18W000000000I9GP;MUELLE;UF MUELLE;9,0;Solar PV;NEXU;FMUELLE
MUESC01;18W000000000PSN0;MUESC01;MUESC01;0,3;Market direct consumption;MUEST;MUESC01
MULA001;18W000000000RAZM;MULA001;PSF MULA;1,4;Solar PV;WMARK;FFWMARK
MULATON;18WPE-MULATON--8;MULATON;P. E. EL MULATON;38,0;Wonshore wind;EGED;EGREEN1
MULTC01;18W-MULTC01-5--S;MULTIC01;MULTIC01;0,1;Competitive suppliers;MULTI;MULTC01
MUNE2;18WMUNE2-12345-6;MUNE2;P.E. MUNERA II;30,6;Wonshore wind;HC G;HCGEORS
MUNIESA;18W000000000F612;MUNIESA;PE MUNIESA;46,8;Wonshore wind;ECYR;EEGPES
MUNLASA;18WMUNLASA-12-E0;MUNLASA;P. E. MUNILLA-LASANTA;46,0;Wonshore wind;IBGES;EMCIBGE
MURAS1;18WMURAS1-123-ES;MURAS1;P.E. MURAS I;24,4;Wonshore wind;IBGES;EHIBGES
MURAS2;18WMURAS2-123-EK;MURAS2;P.E. MURAS II;24,4;Wonshore wind;IBGES;EHIBGES
MURIAS;18WMURIAS-1234-K;MURIAS;18WMURIAS-1234-K;7,0;Hydro non UGH;EGLE;HHIAST
MURILLO;18WMURILLO-12-A1;MURILLO;MURILLO;5,0;Hydro non UGH;EGED;HFEGED
MUTAC01;18W000000000M7QW;MULTITEC;MULTISEVICIOS TECNOLOGICOS SA;1,0;Competitive suppliers;MULTA;MUTAC01
MUTODO;18WMUTODO-123-E2;MUTODO;MUTODO;40,5;Wonshore wind;MEDI;EMEDI
MUTORTO;18WMUTORTO-12-EF;MUTORTO;P.E. MUELA DE TORTOSILLA;36,9;Wonshore wind;IBGES;EHIBGES
MUXIA1;18W000000000B6IL;MUXIA1;PE MUXIA1;46,0;Wonshore wind;HC G;HCGSCSA
MUXIA2;18W000000000B6JJ;MUXIA2;PE MUXIA 2;22,0;Wonshore wind;HC G;HCGSCSA
MVILLAL;18WMVILLAL-12-EB;MVILLAL;PARQUE EÓLICO MONTE VILALBESA;22,2;Wonshore wind;GNCO;EFPART
MXXIC01;18W000000000M40J;MYENXXI;MYENXXI;1,0;Competitive suppliers;MYENX;MXXIC01
MYENC01;18W-MYENC01-6--U;MYENC01;MYENC01;0,5;Competitive suppliers;MYEN;MYENC01
MYENV01;18W000000000L754;FPIBCUR;IB CUR  ( FOTOVOLTAICA, PRUEBA;6,3;Solar PV;MYEN;MYENV01
MYENV03;18W000000000NY9I;MYENV03F;MYENERGIA VENTA 3;2,9;Solar PV;MYEN;MYENV02
MYENV04;18W000000000OMIW;MYENV04;MYENV04;3,9;Solar PV;MYEN;MYENV02
MYLIC01;18W000000000PUAK;MY LIGHT;MY LIGHT ENERGY;0,1;Competitive suppliers;MYLIG;MYLIC01
MYRDM;18W000000000TI79;MYRDM;MYRDM;5,8;Solar PV;GNRA;UPMAY
MYRTE1;18W000000000TEY4;MYRTE1;MYRTE1;34,6;Solar PV;CEG;FMYRTE1
NABAC01;18W-NABAC01-3--Y;NABAC01;NABALIA ENERGIA;0,2;Competitive suppliers;NABAL;NABAC01
NAC1;18WNAC1-12345-AP;NACIMIEN 1;NACIMIENTO 1;0,5;Hydro UGH;ENDG;GDLQ
NAC2;18WNAC2-12345-AF;NACIMIEN 2;NACIMIENTO 2;0,5;Hydro UGH;ENDG;GDLQ
NACIMIE;18WNACIMIE-123-7;NACIMIE;NACIMIENTO;23,8;Wonshore wind;IBGES;EHIBGES
NAECOR;18W000000000TSC6;NAECOR;NAECOR;1,0;Competitive suppliers;ENDCO;ENDER01
NAFSP;18W000000000GTXD;NAFSP;NAFSP;25,0;Solar PV;GNRA;UPFLOR
NAGAC01;18W-NAGAC01-1--T;NAGAC01;NAGAC01;500,0;Competitive suppliers;NATGA;NAGAC01
NAGIC01;18W000000000K6YR;NAGIC01;NAGIC01;1,0;Competitive suppliers;NAGIN;NAGIC01
NAJ1;18WNAJ1-12345-AM;NAJERILL 1;NAJERILLA 1;1,1;Hydro UGH;IBEG;EBRA
NAJ2;18WNAJ2-12345-AC;NAJERILL 2;NAJERILLA 2;1,1;Hydro UGH;IBEG;EBRA
NALSAMA;18WNALSAMA-123-N;NALSAMA;18WNALSAMA-123-N;3,9;Sundry waste;EGLE;RQUINA
NARDO;18W000000000M3CZ;NARDO;NARDO;2,0;Solar PV;GNRA;LAPEN
NASSN;18W000000000SBK8;NASSN;NASSN;3,4;Solar PV;GNRA;FVGNRA
NAV1;18W000000000GBEV;NAV1;PLANTA BIOGASTUR NAVIA;4,1;Biogas;LMER;GASRGAN
NAVA;18W000000000F29Z;SFV NAVA;SFV LA NAVA;46,2;Solar PV;GNCO;FGASNE2
NAVA1;18W000000000TDRL;NAVA1;NAVA1;38,0;Solar PV;CEG;FNAVA1
NAVA2;18W000000000TB8S;NAVA2;NAVA2;7,0;Solar PV;CEG;FNAVA2
NAVAC01;18W0000000002OY8;NAVAC01;PETRONAVARRA PEN;0,1;Competitive suppliers;NAVAR;NAVAC01
NAVALMO;18WNAVALMO-123-7;NAVALMO;UF NAVALMORALES;6,6;Solar PV;EBLCO;FNAVALM
NAVALVI;18W000000000F6FB;NAVALVILL;FV NAVALVILLAR;34,3;Solar PV;ECYR;FEGPEM
NAVAZO;18WNAVAZO-123-E1;NAVAZO;P.E. EL NAVAZO;38,5;Wonshore wind;IBGES;EHIBGES
NAVCART;18WNAVCART-12-EU;NAVCART;P.E. ALTOS DE CARTAGENA;21,1;Wonshore wind;ECYR;EREGPEM
NAVDS;18W000000000MK16;NAVDS;NAVDS;41,5;Wonshore wind;GNRA;PENAV
NAVELO;18WNAVELO-123-ED;NAVELO;P.E. NAVAZUELO;17,1;Wonshore wind;ECYR;EREGPEM
NAVELOS;18W000000000SRCD;NAVELOS;UF SOLAR NAVELOS;15,5;Solar PV;NEXU;FNVELOS
NAVIG1;18W000000000S2RL;NAVIG1;NAVIG1;1,0;Competitive suppliers;ENDCO;ENDER01
NAVQUES;18WNAVQUES-12-E6;NAVQUES;P.E. NAVAS DEL MARQUES;10,5;Wonshore wind;ECYR;EREGPEM
NAZEN;18W000000000QYNF;NAZEN;NAZEN;1,0;Hydro non UGH;GNRA;HFGNRA
NBALBOA;18W000000000H02A;NBALBOA;NUÑEZ BALBOA;391,0;Solar PV;IBGES;FIBGENB
NBSAA;18W000000000TPG7;NBSAA;NBSAA;42,0;Solar PV;GNRA;UPNIEB
NCA;18WNCA-1234567-U;NCA;ABELAN CATALANA;4,8;Natural Gas Cogeneration;AME;TNCA
NCAS;18WNCAS-12345-AC;NUEVOCASTI;NUEVO CASTILLO 1;4,2;Hydro UGH;ENDG;GDLQ
NCEC01;18W-NCEC01-67--E;NCEC01;NCEC01;0,1;Competitive suppliers;NCE;NCEC01
NCEGE;18W000000000H78E;VENTA FV;VENTA FV;0,0;Solar PV;NCE;NCEGE
NCHO;18WNCHO-12345-AC;NUEVOCHORR;NUEVO CHORRO;9,9;Hydro UGH;ENDG;GDLQ
NEASC01;18W000000000N3P5;SPECTRA;PROP TRADERS SPAIN;1.000,0;Competitive suppliers;NEAS;NEASC01
NEASCP3;18W-NEASCP3-5--D;NEASCP3;NEASCP3;350,0;Import France;NEAS;NEASCP3
NEASVP3;18W-NEASVP3-1--P;NEAS;NEAS;350,0;Export France;NEAS;NEASVP3
NEDAPE;18W000000000G1CS;NEDAPE;18W000000000G1CS;34,6;Wonshore wind;HISPE;EESTELO
NEGI;18WNEGI-123456-N;NEGI;UNIDAD FISICA NESTLE GIRONA;1,3;Natural Gas Cogeneration;AME;TNESGI
NEGR;18WNEGR-12345-A6;NEGRATIN;NEGRATIN;6,5;Hydro UGH;ENDG;GDLQ
NEGREDO;18WNEGREDO-123-F;NEGREDO;PARQUE EÓLICO EL NEGREDO;18,0;Wonshore wind;EBLCO;ENEGRED
NEME2;18W000000000O6L0;NEME2;NEME2;2,0;Solar PV;GNRA;FVGNRA
NEMOC01;18W-NEMOC01-5--5;NEMOC01;NEMOC01;0,1;Competitive suppliers;NEMON;NEMOC01
NEOEC01;18W-NEOEC01-6--Y;NEOELECTRA;NEOELECTRA ENERGIA;0,1;Competitive suppliers;NEOEN;NEOEC01
NEOSOL;18W000000000TEPM;NEOSOL;NEOSOL;9,0;Solar PV;CEG;FNEOSOL
NEREA;18WNEREA-1234-EK;NEREA;PE NEREA;39,7;Wonshore wind;GNCO;EGASNE0
NESPE;18WNESPE-12345-N;NESPE;UNIDAD FISICA NESTLE PENILLA;5,5;Natural Gas Cogeneration;AME;TNESEP
NETOC01;18W000000000PPHL;NETON;NETON ENERGY SERVICES SLU;1,0;Competitive suppliers;NETON;NETOC01
NETRC01;18W000000000TVZP;NETRA PENI;NETRA PENINSULA;1,0;Competitive suppliers;NETRA;NETRC01
NEUCCX1;18W000000000SKDW;PORGENC;PORT_GEN_CMPRA;9.999,0;Porfolio;NEURO;NEUCCX1
NEUCVX1;18W000000000SKA1;PORGENV;PORT_GEN_VNTA;9.999,0;Porfolio;NEURO;NEUCVX1
NEXAC01;18W000000000M823;NEXT COMPR;NEXT COMPRA;25,0;Competitive suppliers;NEXAM;NEXAC01
NEXOC01;18W000000000UGWZ;NEXORA;NEXORA ENERGIA;1,0;Competitive suppliers;NEXOR;NEXOC01
NEXTC01;18W000000000SS5O;NEXT;NEXT ENERGY PLUS SL;1,0;Competitive suppliers;NEXAP;NEXTC01
NEXUC01;18W-NEXUC01-2--1;NEXUC01;NEXUC01;0,0;Competitive suppliers;NEXU;NEXUC01
NFOEL;18W000000000O78N;NFOEL;NFOEL;3,4;Solar PV;GNRA;FVGNRA
NIDHCP3;18W000000000RO61;NIDHCP3;NIDHOG IMPORT RTE;100,0;Import France;NIDHO;NIDHCP3
NIDHVP3;18W000000000RO9W;NIDHVP3;NIDHOG EXP RTE;100,0;Export France;NIDHO;NIDHVP3
NIEVA1;18WNIEVA1-1234-A;NIEVA1;PE SANTA MARIA DE NIEVA F1;14,0;Wonshore wind;WMARK;EFWMARK
NIEVA2;18WNIEVA2-1234-2;NIEVA2;PE SANTA MARIA DE NIEVA F II;34,5;Wonshore wind;WMARK;EFWMARK
NIGUELA;18WNIGUELA-123-8;NIGUELA;UP NIGUELAS;2,9;Hydro non UGH;GNRA;HNIGUEL
NILIX;18W000000000TTV2;NILIX;NILIX;1,7;Solar PV;GNRA;UPSON3
NILLA;18W000000000G5FA;NILLA;NILLA;39,0;Solar PV;GNRA;LAFRV
NIVAC01;18W00000000029PY;NIVAC01;NIVAC01;0,4;Market direct consumption;NIVA;NIVAC01
NIVAJ;18W000000000NNSD;NIVAJ;NIVAJ;0,9;Oil products and coal;GNRA;COGAJ5
NIVELUR;18WNIVELUR-123-8;NIVELUR;UF NIVELUR F2;0,8;Oil products and coal;GNRA;COGAJ5
NOBEC01;18W-NOBEC01-1--0;NOBEC01;UNIDAD DE PROGRAMACIÓN DE NOBE;7,0;Competitive suppliers;NOBE;NOBEC01
NOBLCP3;18W-NOBLCP3-4--Y;CONS ACCT;CONSUMPTION ACCOUNT;100,0;Import France;NOBLE;NOBLCP3
NOBLEJA;18W000000000RA0I;NOBLEJA;UF SOLAR NOBLEJA;4,0;Solar PV;NEXU;FNOBLEJ
NOBLVP3;18W-NOBLVP3-8--E;PROD ACCT;PRODUCTION ACCOUNT;100,0;Export France;NOBLE;NOBLVP3
NOCAST;18W000000000AZVN;NOCAST;NOVO CASTRELO;6,3;Hydro non UGH;IGNIS;HXAL2
NOCTC01;18W000000000T23S;NOCTILUCA;NOCTILUCA ENERGIA SL;1,0;Competitive suppliers;NOCTI;NOCTC01
NOCTIS6;18W000000000S6YW;NOCTIS6;UF SOLAR SOLNOCTIS 6;1,6;Solar PV;NEXU;FNOCTI6
NOEL1;18WNOEL1-12345-T;NOEL1;18WNOEL1-12345-T;4,0;Natural Gas Cogeneration;NOEL;TNOEL
NOEL2;18WNOEL2-12345-K;NOEL2;18WNOEL2-12345-K;4,9;Natural Gas Cogeneration;NOEL;TNOEL
NOGUE;18WNOGUE-12345-M;NOGUE;NOGUE;2,5;Wonshore wind;IBGES;EHIBGES
NOPINDO;18WNOPINDO-12-AH;NOPINDO;NOVO PINDO;9,8;Hydro non UGH;IGNIS;HXAL1
NOR1;18WNOR1-12345-AP;NORIAS 1;LAS NORIAS 1;0,9;Hydro UGH;IBEG;EBRA
NOR2;18WNOR2-12345-AF;NORIAS 2;LAS NORIAS 2;1,0;Hydro UGH;IBEG;EBRA
NORDCON;18WNORDCON-12--B;NORDCON;U F NORDCON;3,2;Oil products and coal;GNRA;TVGNRA2
NOREC01;18W000000000AKBY;NOREC01;UNIDAD NORTELECTRICA;1,0;Competitive suppliers;NORE;NOREC01
NORTC01;18W-NORTC01-1--1;NORTC01;NORTC01;0,0;Competitive suppliers;NORT;NORTC01
NOSAC01;18W-NOSAC01-2--A;NOSAC01;NOSA ENERXIA SCP;0,1;Competitive suppliers;NOSA;NOSAC01
NOSTIAN;18WNOSTIAN-12--9;NOSTIAN;NOSTIAN;6,2;Biogas;CEG;RALBAD
NOVAFRI;18W000000000R7T6;NOVAFRI;NOVAFRI;5,0;Natural Gas Cogeneration;DETIC;COGNOVA
NOVELDA;18W000000000S1OU;NOVELDA;UF SOLAR NOVELDA;0,9;Solar PV;NEXU;FNOVELD
NOVO;18WNOVO-12345-E2;NOVO;P.E: NOVO;18,7;Wonshore wind;GNCO;EGASNE0
NOVVB;18W000000000S62M;NOVVB;NOVVB;1,5;Solar PV;GNRA;FVGNRA
NPCE2;18WNPCE2-12345-Q;NPCE2;NPCE2;6,8;Natural Gas Cogeneration;WMARK;TNPCE
NSA;18WNSA-1234567-N;NSA;ABELAN SAN ANDRES;6,7;Natural Gas Cogeneration;AME;TNSA
NSMER;18WNSMER-12345-P;NSMER;NSMER;2,3;Hydro non UGH;REPSB;HNSMER
NSTINEO;18WNSTINEO-123-1;NSTINEO;P.E. SIERRA DE TINEO;44,0;Wonshore wind;GNRA;PEVER
NUCERA;18W000000000OTM3;NUCERA;NUCERA;8,0;Market direct consumption;WMARK;EUCDR01
NUCERAM;18WNUCERAM-12-DD;NUCERAM;NUCERAM;6,8;Natural Gas Cogeneration;WMARK;TNPCE
NUEAT;18WNUEAT-1234-DR;NUEAT;18WNUEAT-1234-DR;4,8;Natural Gas Cogeneration;IGNIS;UPATOMI
NUFRB01;18W000000000S81I;NUFRB01;NUFRB01;0,0;Market direct consumption;ENUFR;NUFRR01
NUKIC01;18W000000000THB4;NUKIK COM;NUKIK COM;0,1;Competitive suppliers;NUKIK;NUKIC01
NULENSE;18WNULENSE-12-DA;NULENSE;CERAMICA NULENSE SAU;6,8;Natural Gas Cogeneration;DETIC;COGNULE
NUMAN;18W000000000T1X8;NUMAN;NUMAN;21,5;Solar PV;CEG;FNUMAN
NUREL;18W000000000S201;NUREL;NUREL;1,0;Competitive suppliers;SHELL;SESAR01
NVARRA;18W000000000B7MA;NVRRA;FOT_NAVARRA;1,0;Solar PV;GESTE;FNAVAR
NVLUC01;18W000000000GVJZ;NVLUC01;NOVALUUP;0,0;Competitive suppliers;NVLZE;NVLUC01
NWENC01;18W000000000SJEX;NWENC01;NWENC01;1,0;Competitive suppliers;NORDW;NWENC01
NYCLC01;18W000000000N196;NYCLC01;NATURGY CLIENTES COMPRA PE;2.000,0;Competitive suppliers;NYCLI;NYCLC01
OBAGOLS;18W000000000S7OC;OBAGOLS;UF SOLAR OBAGOLS;1,0;Solar PV;NEXU;FOBAGLS
OCUIX;18W000000000TV3F;OCUIX;OCUIX;6,0;Solar PV;GNRA;UPSON2
ODELC01;18W000000000UGXX;ODELL;ODELL ENERG COMPRA;5,0;Competitive suppliers;ODELL;ODELC01
ODFC01;18W-ODFC01-73--T;ODFC01;ODFC01;20,0;Competitive suppliers;ODF;ODFC01
ODOB2;18W000000000QIG3;ODOB2;ODN DE BUEY II;15,4;Wonshore wind;REPSB;EGALLE
ODOB3;18W000000000QO3B;ODOB3;ODOB3;11,8;Wonshore wind;REPSB;EGALLE
OESTC01;18W-OESTC01-8--O;RONDAOESTE;RONDA OESTE ENERGÍA, S.L.;1,2;Competitive suppliers;OESTE;OESTC01
OHMIC01;18W00000000065FD;UP OHMIO;UNIDAD BASE DE PROGRAMACIN OHM;1,0;Competitive suppliers;OHMIA;OHMIC01
OITURA;18W000000000SIGW;OITURA;UF SOLAR OITURA;5,0;Solar PV;NEXU;FOITURA
OIZ;18WOIZ-123456-EY;OIZ;P. E. OIZ;34,0;Wonshore wind;IBGES;EHIBGES
OIZ1;18WOIZ1-12345-AX;OIZ 1;OIZ 1;0,4;Hydro UGH;IBEG;EBRA
OIZ2;18WOIZ2-12345-AN;OIZ 2;OIZ 2;0,4;Hydro UGH;IBEG;EBRA
OJALBOS;18WOJALBOS-12-EZ;OJALBOS;P.E. OJOS DE ALBOS;14,5;Wonshore wind;HC G;HCGSCS3
OJER;18WOJER-12345-AT;OJER MARCO;OJER Y MARCOS;0,3;Hydro UGH;BARER;BEREBRO
OKENC01;18W000000000JX82;OKENE;OK ENERGIA;1,0;Competitive suppliers;OKENE;OKENC01
OLALDE1;18WOLALDE1-123-L;OLALDE1;OLALDE1;3,2;Hydro non UGH;EGED;HFEGED
OLALDE2;18WOLALDE2-123-E;OLALDE2;C.H. OLALDEA II;0,9;Hydro non UGH;EGED;HFEGED
OLCESA;18WOLCESA-1234-U;OLCESA;OLCESA;20,7;Oil products and coal;DETIC;TCOOSU2
OLEC01;18W-OLEC01-57--J;OLE;OLE;0,2;Competitive suppliers;OLE;OLEC01
OLEXTR;18W000000000O2VT;OLEXTR;UF OLEXTRA;16,6;Natural Gas Cogeneration;COGEN;TOLEXTR
OLI1;18WOLI1-12345--L;OLIANA 1;OLIANA 1;12,4;Hydro UGH;ENDG;EBRFEN
OLI2;18WOLI2-12345-AQ;OLIANA 2;OLIANA 2;12,4;Hydro UGH;ENDG;EBRFEN
OLI3;18WOLI3-12345-AG;OLIANA 3;OLIANA 3;12,4;Hydro UGH;ENDG;EBRFEN
OLIADO;18W000000000TQ2W;OLIADO;PE EL OLIADO;16,0;Wonshore wind;EGLE;EOLIADO
OLISE;18W000000000O6Z9;OLISE;OLISE;2,0;Solar PV;GNRA;FVGNRA
OLIVA;18W000000000SRDB;OLIVA;UF SOLAR OLIVA;50,0;Solar PV;NEXU;FOLIVA
OLIVC01;18W000000000ED0O;OLIVIA 01;OLIVIA C01;0,1;Competitive suppliers;OLIVC;OLIVC01
OLIVE23;18W000000000QA2I;OLIVENZA23;OLIVENZA SOLAR 23;5,0;Solar PV;ADXRE;OLIVE23
OLIVE24;18W000000000QA3G;OLIVENZA24;OLIVENZA CENTRAL 24;5,0;Solar PV;ADXRE;OLIVE24
OLIVENZ;18WOLIVENZ-12--7;OLIVENZ;OLIVENZA;50,0;Solar thermal;EGLE;SOLINZA
OLIVI;18WOLIVI-12345-E;OLIVI;PARQUE EÓLICO EL OLIVILLO;25,5;Wonshore wind;WMARK;EFWMARK
OLIVNZA;18W000000000JVYU;VNZ;OVNZA;4,7;Solar PV;GESTE;FVENZA
OLIVRE2;18W000000000QHEA;OLIVRE2;UF SOLAR OLIVARES2;1,8;Solar PV;NEXU;FOLIVR2
OLIVRE3;18W000000000QHG6;OLIVRE3;UF SOLAR OLIVARES3;1,8;Solar PV;NEXU;FOLIVR3
OLIVRE4;18W000000000QHI2;OLIVRE4;UF SOLAR OLIVARES4;1,8;Solar PV;NEXU;FOLIVR4
OLIVRES;18W000000000QFI8;OLIVRES;UF SOLAR OLIVARES1;1,8;Solar PV;NEXU;FOLIVRS
OLLEC01;18W000000000EYE7;OLLEC01;OLLEC01;1,5;Market direct consumption;OLLER;OLLEC01
OLLIX;18W000000000TV69;OLLIX;OLLIX;2,2;Solar PV;GNRA;FVGNRA
OLMALR;18W000000000P2KA;OLMALR;UF SOLAR OLMALR;4,5;Solar PV;NEXU;FOLMALC
OLMEDIL;18W000000000N1LJ;OLMEDIL;FV OLMEDILLA;70,7;0;IBGES;FBIOLHV
OLMEDO;18WOLMEDO-1234-H;OLMEDO;18WOLMEDO-1234-H;6,3;Natural Gas Cogeneration;EGLE;TACOR
OLTEJAR;18WOLTEJAR-123-B;OLTEJAR;18WOLTEJAR-123-B;4,7;Biomass;EGLE;ROLEIC
OLVE2;18W00000000005U7;OLVE2;CH PUENTE OLVEIRA II;6,3;Hydro non UGH;IGNIS;HXAL2
OLVEA;18W000000000S6R9;OLVEA;OLVEA;2,0;Solar PV;GNRA;FVGNRA
OLVEIRA;18WOLVEIRA-12-A8;OLVEIRA;OLVEIRA;2,7;Hydro non UGH;IGNIS;HXAL2
OLVEN22;18W000000000QA1K;OLIVENZA22;OLIVENZA SOLAR 22;5,0;Solar PV;ADXRE;OLVEN22
OLVENZA;18W000000000L9I9;OLVENZA;UF OLVENZA;5,3;Solar PV;NEXU;FOLVNZ
OLVNOII;18WOLVNOII-12-EK;OLVNOII;OLVEGA NOVIERCAS;13,8;Wonshore wind;ECYR;EREGPEM
OLVNZA1;18W000000000QKHW;OLVNZA1;UF SOLAR OLIVENZA 1;5,0;Solar PV;NEXU;FOLVNZ1
OLVNZA2;18W000000000QKJS;OLVNZA2;UF SOLAR OLIVENZA2;4,7;Solar PV;NEXU;FOLVNZ2
OMHEC01;18W000000000LMTM;OMHEY;OMHEY;1,0;Competitive suppliers;OHMEY;OMHEC01
ONCALA;18WONCALA-123-EK;ONCALA;P.E. ONCALA;24,7;Wonshore wind;EGLE;ETASA
OND1;18WOND1-12345-AU;ONDINAS 1;LAS ONDINAS 1;40,9;Hydro UGH;ENDG;SBEU
OND2;18WOND2-12345-AK;ONDINAS 2;LAS ONDINAS 2;41,5;Hydro UGH;ENDG;SBEU
ONDA;18WONDA-12345-AE;ONDA 1;ONDA 1;0,4;Hydro UGH;ASIE;ASIJUCA
ONDAGEN;18WONDAGEN-12-DP;ONDAGEN;COGENERACIÓN ONDAGEN;13,2;Natural Gas Cogeneration;EGLE;TTOVAG
ONDB;18WONDB-12345-A4;ONDA 2;ONDA 2;0,4;Hydro UGH;ASIE;ASIJUCA
ONDC01;18W000000000SWXU;ONDC01;ONDC01;0,8;Market direct consumption;ONDAR;ONDC01
ONDEC01;18W-ONDEC01-2--C;ONDEM;ONDEM;40,0;Competitive suppliers;ONDEM;ONDEC01
ONDU;18W000000000QCJF;ONDUCART;FV ONDUCART;1,3;Solar PV;EFG;FGEFG
ONEACH;18W-ONEACH-19--4;ONEACH;ONEACH;0,0;Import Morocco;ONE;ONEACH
ONEVEN;18W-ONEVEN-69--S;ONEVEN;ONEVEN;0,0;Export Morocco;ONE;ONEVEN
ONIFW;18W000000000O6TL;ONIFW;ONIFW;1,3;Solar PV;GNRA;FVGNRA
ONSEC01;18W000000000E0FX;ONSEC01;ONSEC01;1,6;Market direct consumption;ONS;ONSEC01
OOPPC01;18W000000000MMSK;OOPPC01;OOPPC01;0,3;Market direct consumption;OLIVA;OOPPC01
OPPIC01;18W-OPPIC01-8--W;OPPIDUM;OPPIDUM ENERGIA;2,5;Competitive suppliers;OPPI;OPPIC01
ORBANEJ;18W000000000LV1E;ORBANEJ;PE ORBANEJA;31,2;Wonshore wind;IBGES;EHIBGES
OREC;18WOREC-12345-A9;ORELLA CAN;ORELLANA CANAL;3,6;Hydro UGH;ENDG;GDNA
OREL;18WOREL-12345-AU;ORELLANA;ORELLANA;18,0;Hydro UGH;ENDG;GDNA
ORELLA;18W000000000TXLA;TSORELLA;TS ORELLANA;49,9;Solar thermal;WMARK;TSORELL
OREMBER;18WOREMBER-123-R;OREMBER;OREMBER;11,9;Oil products and coal;EGLE;TOREMB
ORENSAN;18W000000000R7S8;ORENSAN;ORENSAN;3,9;Natural Gas Cogeneration;DETIC;COGRENS
ORFA;18WORFA-12345-AI;ORFA;ORFA;0,3;Hydro UGH;ENDG;EBRFEN
ORGANO1;18WORGANO1-123-8;ORGANO1;UF ORGANOGAS F1;10,4;Biogas;SHELL;SESBIO4
ORIA;18WORIA-12345-DG;ORIA;18WORIA-12345-DG;5,4;Natural Gas Cogeneration;EGLE;TORIA
ORKO;18W000000000Q4DE;ORKOIEN;PE ORKOIEN;5,7;Wonshore wind;HISPE;EORKO
ORO1;18WORO1-12345-A9;ORONOZ 1;ORONOZ 1;0,4;Hydro UGH;IBEG;EBRA
ORO2;18WORO2-12345--L;ORONOZ 2;ORONOZ 2;0,4;Hydro UGH;IBEG;EBRA
ORTIZMA;18W000000000T0XB;ORTIZMA;ORTIZMAQUINARIA;2,9;Hydro non UGH;RSPRA;HHRSPRA
ORUJERA;18WORUJERA-123-H;ORUJERA;ORUJERA;10,0;Natural Gas Cogeneration;DETIC;COGORUJ
ORWEC01;18W000000000F0CZ;COMER;COMERCIALIZACION 1;0,1;Competitive suppliers;ORWEL;ORWEC01
OSOSP;18W000000000Q7V6;OSOSP;OSOSP;36,0;Solar PV;GNRA;PIZR
OSUNC01;18W-OSUNC01-7--J;OSUNC01;OSUNC01;0,4;Market direct consumption;OSUNA;OSUNC01
OTERO;18WOTERO-1234--3;OTERO;P.E. OTERO Y PEÑA LA CUESTA;4,8;Wonshore wind;EGLE;EOTERO
OURGC01;18W000000000UD0Y;OURGC01;OUR ENERGY;1,0;Competitive suppliers;OURGR;OURGC01
OUROL;18W000000000HTNT;OUROL;UF EOLICA OUROL;22,5;Wonshore wind;NEXU;EPOUROL
OVIEIRO;18WOVIEIRO-123-H;OVIEIRO;P.E. O VIEIRO;19,6;Wonshore wind;IBGES;EHIBGES
OX81BK;18W000000000OSTT;OX81BK;OX81BK;1,0;Competitive suppliers;FORTI;FORTR01
OXPEC01;18W000000000PRZG;OXPERTA ;OXPERTA ENERGA COMPRAS;5,0;Competitive suppliers;OXPER;OXPEC01
P2PICOS;18WP2PICOS-123-Q;P2PICOS;PE DOS PICOS;1,6;Wonshore wind;WMARK;EFWMARK
PA11;18WPA11-12345-A9;PASTER 1 1;PASTERAL I 1;6,3;Hydro UGH;ENDG;TERE
PA21;18WPA21-12345-AZ;PASTER 2 1;PASTERAL II 1;0,8;Hydro UGH;ENDG;TERE
PA22;18WPA22-12345-AP;PASTER 2 2;PASTERAL II 2;0,6;Hydro UGH;ENDG;TERE
PACESPA;18WPACESPA-123-D;PACESPA;18WPACESPA-123-D;1,0;Biogas;EGLE;RCESRE
PADORN3;18W000000000RXMG;PADORNELO3;PADORNELO3;20,0;Wonshore wind;WMARK;EACIBER
PADUL;18WPADUL-12345-N;PADUL;PARQUE EOLICO PADUL;18,0;Wonshore wind;ECYR;EEGPEM
PAGU;18W000000000P4SP;PAGU;PAGU;4,0;Wonshore wind;GNRA;EFGNRA
PAJARIT;18W000000000PVF7;PAJARIT;UF SOLAR PAJARITOS;2,4;Solar PV;NEXU;FPJRTOS
PALACIO;18WPALACIO-123-J;PALACIO;18WPALACIO-123-J;9,9;Natural Gas Cogeneration;EGLE;TPALAC
PALANAA;18W000000000046L;PALANAA;PALANAA;4,9;Hydro non UGH;RSPRA;HHRSPRA
PALBOP;18W000000000TSD4;PALBOP;PALBOP;1,0;Competitive suppliers;ENDCO;ENDER01
PALEMAN;18W000000000IRXB;PALEMAN;PSF EL PRIMO ALEMAN;39,8;Solar PV;EGLE;FNEFTI
PALGUL;18W000000000U9UN;PALGUL;PALGUL;24,9;Solar PV;SOLRC;FPALGUL
PALMAHI;18W000000000T3D5;PALMAHI;FV PALMA HIVE;19,6;Solar PV;METEN;METEV04
PALMAR;18W000000000UEMO;PALMAR;UF SOLAR EL PALMAR;0,9;Solar PV;NEXU;FPALMAR
PALO;18W000000000SVYV;PALO;PALO;10,0;Solar PV;CEG;FPALO
PALOM;18WPALOM-1234-AJ;PALOM;PALOM;1,9;Hydro non UGH;IBGES;HFIBFZ
PALOMRA;18W000000000TNZC;PALOMRA;UF SOLAR PALOMERA;3,0;Solar PV;NEXU;FPALMRA
PALOS1;18WPALOS1-123-CB;PALOS1;PALOS G1;386,7;Combined Cycle GT;GNCC;PALOS1
PALOS2;18WPALOS2-123-C3;PALOS 2;PALOS G2;389,1;Combined Cycle GT;GNCC;PALOS2
PALOS3;18WPALOS3-123-CW;PALOS 3;PALOS G3;391,0;Combined Cycle GT;GNCC;PALOS3
PALS1;18W000000000O710;PALS1;PALS1;1,5;Solar PV;GNRA;FVGNRA
PALS2;18W000000000O72Z;PALS2;PALS2;1,2;Solar PV;GNRA;FVGNRA
PALTO;18WPALTO-1234-EH;PALTO;P. E. PIEDRAS ALTO;34,0;Wonshore wind;EGED;EGREEN
PAMESA;18WPAMESA-1234-2;PAMESA;18WPAMESA-1234-2;9,1;Natural Gas Cogeneration;EGLE;TPAMEC
PAMP;18WPAMP-12345-AJ;PAMPANEIRA;PAMPANEIRA 1;12,6;Hydro UGH;ENDG;GDLQ
PAMPMO;18W000000000FW00;PAMPMO;PE AMPLIACION MONTEJO;6,6;Wonshore wind;GNCO;EGASNE1
PAMSA;18WPAMSA-12345-6;PAMSA;PAMSA;2,0;Hydro non UGH;CEG;HYPAMSA
PAN1;18WPAN1-12345-AQ;PANZARES 1;PANZARES 1;1,2;Hydro UGH;IBEG;EBRA
PAN2;18WPAN2-12345-AG;PANZARES 2;PANZARES 2;1,1;Hydro UGH;IBEG;EBRA
PANDC01;18W000000000UFKP;PANDC01;PANDOC01;0,0;Competitive suppliers;PANDO;PANDC01
PANDERO;18WPEELPANDERO-O;PANDERO;PANDERO;20,0;Wonshore wind;EGED;EGREEN
PANONDR;18W000000000K46F;PANONDR;PANONDRES;21,0;Wonshore wind;IBGES;EHIBGES
PANRICO;18WPANRICO-123-6;RE-000444;HALAGO ALIMENTARIA, S.A;1,4;Natural Gas Cogeneration;NEXU;TFNEXU
PANTANE;18WPANTANE-123-3;PANTANET;COG. BONNYSA PANTANET;5,0;Natural Gas Cogeneration;CEG;TPANTA
PANUS;18W000000000O3CR;PANUS;PAÑUELO SOLAR;1,9;Solar PV;GAC;FAGAC
PAPEBR;18W000000000TSE2;PAPEBR;PAPEBR;1,0;Competitive suppliers;ENDCO;ENDER01
PAPERT;18WPAPERT-1234-B;PAPERT;PAPERTECH ENERGIA;8,4;Natural Gas Cogeneration;COGEN;TAE6COG
PAPGUIZ;18WPAPGUIZ-123-9;PAPGUIZ;PAPELERA GUIPUZCOANA;20,0;Sundry waste;EGLE;RPGUIZ
PAQUITO;18WPAQUITO-123-T;PAQUITO;18WPAQUITO-123-T;3,6;Oil products and coal;EGLE;TCOPAQ
PAR1;18WPAR1-12345-AJ;PAREDON 1;PAREDONES 1;1,5;Hydro UGH;ENDG;GDLQ
PAR2;18WPAR2-12345-A9;PAREDON 2;PAREDONES 2;1,5;Hydro UGH;ENDG;GDLQ
PARADAS;18W000000000PXF1;PARADAS;PARQUE FV PARADAS;3,0;Solar PV;EBLCO;FPARADA
PARADEL;18W000000000F5OX;PARADELA;PE PARADELA;12,0;Wonshore wind;ECYR;EREGPES
PARAMO;18WPARAMO-1234-3;PARAMO;PE. PARAMO DE LOS ANGOSTILLOS;26,0;Wonshore wind;EGED;EGREEN
PARCAS;18W000000000GEXL;PARCAS;FV PARCAS;33,1;Solar PV;NEXU;FPARCAS
PARDINA;18WPARDINA-123-1;PARDINA;18WPARDINA-123-1;5,0;Hydro non UGH;EGLE;HBARDE
PARDINE;18W000000000T9RX;PARDINE;PARDINE;1,2;Hydro non UGH;DETIC;HYPARDI
PARED3;18W000000000SYXO;PARED3;UF SOLAR PARED 3;42,0;Solar PV;NEXU;FPARED3
PARED4;18W000000000SYWQ;PARED4;UF SOLAR PARED 4;42,0;Solar PV;NEXU;FPARED4
PARED5;18W000000000SYZK;PARED5;UF SOLAR PARED 5;42,0;Solar PV;NEXU;FPARED5
PARED6;18W000000000SYVS;PARED6;UF SOLAR PARED 6;42,0;Solar PV;NEXU;FPARED6
PARED7;18W000000000SYYM;PARED7;UF SOLAR PARED 7;42,0;Solar PV;NEXU;FPARED7
PAREJ;18W000000000NVHB;PAREJ;PAREJ;2,5;Solar PV;GNRA;FVGNRA
PARIDE;18W000000000IAJG;PARIDE;PARIDE;23,1;Wonshore wind;EBLCO;EPARIDE
PARIZ;18WPARIZ-1234--T;PARIZ;PARIZ;19,2;Wonshore wind;EGED;EGREEN
PARMADA;18WPARMADA-12-E8;PARMADA;P. E. PEÑA ARMADA;20,7;Wonshore wind;ECYR;EREGPEM
PARMOF;18W000000000M0MO;PARMOF;PARMOF;2,0;Solar PV;GNRA;PARMOC
PARQUE1;18W000000000TAXI;PARQUE1;UF SOLAR PARQUE1;9,0;Solar PV;NEXU;FPRQUE1
PARQUE2;18W000000000SW86;PARQUE2;UF SOLAR PARQUE2;8,0;Solar PV;NEXU;FPRQUE2
PASAJES;18W000000000K0VE;PASAJES;UF FOTOVOLTAICA PASAJESOL;10,0;Solar PV;NEXU;FPSJESO
PASCUAL;18WPASCUAL-123-U;PASCUAL;18WPASCUAL-123-U;9,7;Natural Gas Cogeneration;NEOSC;TNEOSC
PASERT;18W0000000005SM8;PASERTEX;PASERTEX;5,3;Natural Gas Cogeneration;COGEN;AE12COG
PASTOR;18W000000000GB2I;PASTOR;P E PASTORIZA RODEIRO;48,5;Wonshore wind;GNCO;EGASN2U
PATAMUL;18WPATAMUL-12-D9;PATAMUL;CEPM;17,2;Natural Gas Cogeneration;GNRA;TCEPMSI
PATRON;18W000000000SWOB;ES-PATRON;PARQUE EOLICO EL PATRON;24,0;Wonshore wind;EBLCO;EPATRON
PAUL;18W000000000SELY;PAUL;PAUL;46,8;Wonshore wind;REPSB;ESRQE
PAVISO;18W000000000S2SJ;PAVISO;PAVISO;1,0;Competitive suppliers;ENDCO;ENDER01
PAXAMON;18WPAXAMON-12-EY;PAXAMON;P.E. PAXAREIRAS-MONTEVOS;39,6;Wonshore wind;EGLE;EEPLLG
PAXAR2;18WPAXAR2-123-EG;PAXAR2;P.E. DE PAXAREIRAS II D Y E;34,8;Wonshore wind;EGED;EPEAFG
PBAR;18W000000000SEI3;PBAR;PBAR;36,4;Wonshore wind;REPSB;ECERRAG
PBCN1;18WPBCN1-1234-PG;PBCN1;PUERTO BARCELONA GRUPO 1;434,8;Combined Cycle GT;GNCC;PBCN1
PBCN2;18WPBCN2-1234-P7;PBCN2;PUERTO BARCELONA GRUPO 2;431,4;Combined Cycle GT;GNCC;PBCN2
PBILBAO;18WPBILBAO-12-EM;PBILBAO;PAR.EN. REN. PUERTO DE BILBAO;10,0;Wonshore wind;EGED;EGREEN
PBLAN;18WPBLAN-1234-EJ;PBLAN;PBLAN;14,5;Wonshore wind;EGED;EGREEN
PBLANCA;18WPBLANCA-12--T;PBLANCA;PBLANCA;36,4;Wonshore wind;EGED;EGREEN
PCANADA;18WPCANADA-12-ED;PCANADA;POZO DE CAÑADA;24,4;Wonshore wind;IBGES;EHIBGES
PCD1;18WPCD1-12345-A1;PICADAS 1;LAS PICADAS 1;12,1;Hydro UGH;GNFG;UFTA
PCD2;18WPCD2-12345-AS;PICADAS 2;LAS PICADAS 2;12,2;Hydro UGH;GNFG;UFTA
PCOG;18WPCOG-12345-DK;PCOG;P. COGENERACION SOGAMA;21,2;Natural Gas Cogeneration;WMARK;TSOGAM
PCOGEN;18WPCOGEN-123-DJ;PCOGEN;PENINSULAR COGENERACIÓN;7,3;Natural Gas Cogeneration;EGLE;TPCOGEN
PCON;18WPCON-12345-AU;PCONGOSTO;PUENTE CONGOSTO;0,8;Hydro UGH;ASIE;ASIDUE
PCRUZ;18WPCRUZ-1234-E3;PCRUZ;P.E PENA DA CRUZ Y AMPLIACIÓN;22,9;Wonshore wind;IBGES;EHIBGES
PCUERVO;18WPCUERVO-123-O;PCUERVO;PARQUE EOLICO PEÑA DEL CUERVO;16,0;Wonshore wind;WMARK;PEPCUER
PDIOS;18WPDIOS-12345-3;PDIOS;PARQUE EÓLICO PEÑAS DE DIOS I;39,0;Wonshore wind;EGED;EMEDI1
PDIOS2;18WPDIOS2-1234-B;PDIOS2;PARQUE EÓLICO PEÑAS DE DIOS II;28,5;Wonshore wind;EGED;EMEDI1
PDM1;18WPDM1-12345-A1;PDEMOUR 1;PORTODEMOUROS 1;44,0;Hydro UGH;GNFG;UFGC
PDM2;18WPDM2-12345-AS;PDEMOUR 2;PORTODEMOUROS 2;44,1;Hydro UGH;GNFG;UFGC
PDRNOSO;18W000000000SQEC;PDRNOSO;UF SOLAR EL PEDERNOSO;2,0;Solar PV;NEXU;FERNOSO
PE1;18WPE1-123456-A7;PORTO;PORTO;17,3;Hydro UGH;ENDG;SBEU
PEA1;18WPEA1-12345-AA;PEARES 1;LOS PEARES 1;59,9;Hydro UGH;GNFG;UFMI
PEA2;18WPEA2-12345-A0;PEARES 2;LOS PEARES 2;60,3;Hydro UGH;GNFG;UFMI
PEA3;18WPEA3-12345-AR;PEARES 3;LOS PEARES 3;60,6;Hydro UGH;GNFG;UFMI
PEABIL;18W000000000IGVB;PEABIL;PE ABLITAS;40,0;Wonshore wind;CEG;EABILI
PEACSER;18WPEACSER-123-D;PEACSER;PARQUE EÓLICO AMPLIACIÓN COVA;25,2;Wonshore wind;GNCO;EGASNE0
PEALMAT;18W-PEALMAT-5--W;ALMATRET;P.E. ALMATRET;49,5;Wonshore wind;WMARK;EFWMARK
PEANOIA;18WPEANOIA-123-Q;PEANOIA;PARQUE EOLICO ALTA ANOIA;28,0;Wonshore wind;EGLE;EALTAN
PEAPAS;18W000000000GC75;PEAPAS;18W000000000GC75;36,0;Wonshore wind;HISPE;EESTELO
PEARBO;18WPEARBO-1234-Y;PEARBO;18WPEARBO-1234-Y;2,7;Wonshore wind;EGLE;EFERSA
PEARCAS;18W-PEARCAS-2--2;PEARCAS;P.E. SIERRA DE ARCAS;22,0;Wonshore wind;HISPE;ESIERAR
PEAREII;18WPEAREII-123-K;PEAREII;PEAREII;18,1;Hydro non UGH;GNCO;HFGASN
PEBARA;18W000000000GTYB;PEBARA;P E BARASOAIN;36,3;Wonshore wind;GNCO;EGASNE1
PEBARCH;18WPEBARCH-123-6;PEBARCH;PARQUE EOLICO BARCHIN;28,0;Wonshore wind;WMARK;EFWMARK
PEBECE;18W000000000NPV1;PEBECERRIL;PARQUE EOLICO BECERRIL II-B;31,0;Wonshore wind;CEG;EPEBECE
PECAMON;18WPECAMON-123-D;PECAMON;P.E. CARRASCALEJO-MONTE ALTO;15,0;Wonshore wind;EBLCO;EECARAM
PECANRE;18WPECANRE-GU019;PECANREDON;P.E. CANREDONDO;28,0;Wonshore wind;GNCO;EGASNE1
PECARAM;18WPECARAM-123-D;PECARAM;P.E. CARAMONTE;49,9;Wonshore wind;EBLCO;EECARAM
PECHAN;18WPECHAN-123-E3;PECHAN;P.E. PEDRA CHANTADA;21,7;Wonshore wind;EGED;EFEGEL2
PECHU;18W000000000D4JH;PE CHU;PE CHMILLAS;50,0;Wonshore wind;GNRA;EOTMR
PECON;18WPECON-12345-S;PECON;UF  PARQUE EÓLICO LOS CONCEJIL;11,6;Wonshore wind;FEN;EMFEN
PECORII;18WPECORII-123-M;PECORII;P.E.CORTIJO DE GUERRA II;28,0;Wonshore wind;HISPE;ECORTG
PECORTI;18WPECORTI-123-8;PECORTI;P.E.CORTIJO GUERRA I(FASE 1);42,0;Wonshore wind;EGLE;EPEPUR
PECOTER;18WPECOTER-123-A;PECOTER;P.E.EL COTEREJON;18,0;Wonshore wind;CEG;EPECOTE
PECOUCE;18WPECOUCE-12-EG;PECOUCE;P. E. COUCEPENIDO;33,0;Wonshore wind;ECYR;EREGPEM
PECOUTE;18WPECOUTE-123-9;PECOUTE;18WPECOUTE-123-9;7,8;Wonshore wind;EGLE;EEOMAR
PECUEVA;18W000000000N3UW;PECUEVA;18W000000000N3UW;100,0;Wonshore wind;EGLE;EBOREA
PED1;18WPED1-12345-AE;PEDRALBA 1;PEDRALBA 1;0,6;Hydro UGH;ASIE;ASIJUCA
PED2;18WPED2-12345-A4;PEDRALBA 2;PEDRALBA 2;0,3;Hydro UGH;ASIE;ASIJUCA
PEDHIVE;18W000000000SS4Q;PEDHIVE;PEDREGAL HIVE;6,7;Solar PV;METEN;METEV05
PEDIX;18W000000000TV1J;PEDIX;PEDIX;3,7;Solar PV;GNRA;UPSON4
PEDMA;18W000000000JJ5D;PEDMA;PEDMA;1,0;Solar PV;GNRA;FVGNRA
PEDRAJA;18W000000000RD6Y;PEDRAJA;LA PEDRAJA I;3,2;Solar PV;WMARK;FVPEDRA
PEDREG;18W000000000NUZF;PEDREGALES;PE PEDREGALES;18,0;Wonshore wind;EGED;EGREEN1
PEDREGA;18WPEDREGA-12--Y;PEDREGA;P.E. PEDREGOSO A;15,0;Wonshore wind;ADXRE;WAUDAX
PEDREGB;18WPEDREGB-12--R;PEDREGB;P.E. PEDREGOSO B;15,0;Wonshore wind;ADXRE;WAUDAX
PEDREGD;18WPEDREGD-12--D;PEDREGD;P.E. PEDREGOSO D;15,0;Wonshore wind;ADXRE;WAUDAX
PEDREJ;18W000000000T5QA;PEDREJONES;PE PEDREJONES;44,0;Wonshore wind;SHEEN;SHEPV33
PEDRERO;18WPEDRERO-12-E3;PEDRERO;PE PEDRERO;49,9;Wonshore wind;GNCO;EGASNE0
PEDROL;18W000000000MHLC;PEDROL;PEDROL;30,6;0;NEXU;EHIBPED
PEDRON;18WPEDRON-1234-3;PEDRON;P.E. EL PEDRON;43,2;Wonshore wind;HC G;HCGSCSA
PEDUENA;18WPEDUENA-12--M;PEDUENA;PEDUENA;3,4;Wonshore wind;IBGES;EHIBGES
PEEEE;18WPEEEE-12345-2;PEEEE;PEEEE;32,0;Wonshore wind;ECYR;EREGPEM
PEESA;18WPEESA-1234-EY;PEESA;PLANTA EOLICA EUROPEA;6,0;Wonshore wind;ECYR;EREGPEM
PEFLOR;18W000000000TCWE;PEFLOR;FOTOVOLTAICA PEÑAFLOR;100,0;Solar PV;METEN;METEV08
PEGALLE;18WPEGALLE-12-EA;PEGALLE;P. E. EL GALLEGO;24,0;Wonshore wind;EGED;EGREEN
PEGNA01;18WPEGNA01-123-Y;P.E.PEÑA ;P.E. PEÑA I;16,0;Wonshore wind;GNCO;EGASNE1
PEGNA02;18WPEGNA02-123-R;PEGNA02;P.E. PEÑA II;18,0;Wonshore wind;ECYR;EEGPEM
PEIRIXO;18WPEIRIXO-123-U;PEIRIXO;PE.E IRIXO FASE I;19,8;Wonshore wind;EGLE;EIRIXO
PEJAULI;18WPEJAULI-123-Y;PEJAULI;PE ID JAULIN;4,5;Wonshore wind;WMARK;EFWMARK
PEJEREZ;18WPEJEREZ-123-W;PEJEREZ;P.E. JEREZ;42,5;Wonshore wind;EBLCO;EEJEREZ
PEL1;18WPEL1-12345-A0;PELGO 1;EL PELGO 1;0,1;Hydro UGH;GNRA;HMSRO
PEL2;18WPEL2-12345-AR;PELGO 2;EL PELGO 2;0,3;Hydro UGH;GNRA;HMSRO
PELACAM;18WPELACAM-123-C;PELACAM;PE LA CAMARA;18,0;Wonshore wind;WMARK;EFWMARK
PELALIN;18WPELALIN-123-8;PELALIN;18WPELALIN-123-8;3,0;Wonshore wind;EGLE;EDEPON
PELBAR;18W000000000P1IH;PELBAR;PE LES BARRANCS;22,9;Wonshore wind;GNCO;EGASNE1
PELOMAS;18WPELOMAS-12--B;PELOMAS;18WPELOMAS-12--B;2,0;Wonshore wind;EBLCO;ERIANSA
PEMAMUT;18W000000000GDCT;PEMAMUT;18W000000000GDCT;2,4;Wonshore wind;EGLE;EMAMUT
PEMIJAN;18WPEMIJAN-12--B;PEMIJAN;PE PENA MIJAN;6,0;Wonshore wind;WMARK;EFWMARK
PEMNTJO;18WPEMNTJO-BU02S;PEMNTJO;P.E. MONTEJO DE BRICIA;13,6;Wonshore wind;GNCO;EGASNE1
PEMUEL;18WPEMUEL-123-E2;PEMUEL;PEMUEL;16,2;Wonshore wind;HISPE;RWESZN
PEMULTI;18W000000000NSP4;PEMULTI;PE MULTITECNOLOGIA;36,0;Wonshore wind;CEG;EPMULTI
PEMUR;18W000000000D4KF;PE MURCIA;PE MURCIA;37,6;Wonshore wind;GNRA;EOTMR
PEN1;18WPEN1-12345-AF;PEÑADRAD 1;PEÑADRADA 1;18,4;Hydro UGH;ENDG;SBEU
PEN2;18WPEN2-12345-A5;PEÑADRAD 2;PEÑADRADA 2;19,7;Hydro UGH;ENDG;SBEU
PENA;18WPENA-12345--L;PENADEGUI;PENADEGUI;0,1;Hydro UGH;IBEG;EBRA
PENAS3;18W000000000SXGO;FYIBCUR;IB CUR  ( TARIFA, FOTOVOLTAICA;0,9;Solar PV;ISMSL;PENAS3
PENAVA;18W000000000GB78;LA NAVA;PE LA NAVA;17,1;Wonshore wind;NEXU;ENAVA
PENAZA;18W000000000RPJ9;PENAZA;UF SOLAR LA PEÑAZA;10,0;Solar PV;NEXU;FPENAZA
PEND1S;18W000000000GP65;PENDIS;CH PENDIS;1,2;Hydro non UGH;NEXU;HFNEXU
PENEDA;18WPENEDA-123-AY;PENEDA;C. H. PENEDA;10,0;Hydro non UGH;EGLE;HGIES
PENINLA;18W000000000TZYF;PENINLA;PENINLA;1,0;Competitive suppliers;EDPCL;EDPCR01
PENOUTA;18WPENOUTA-12-E9;PENOUTA;ELECTRA NORTE PENOUTA;5,9;Wonshore wind;NEXU;ENOUTA
PENTA;18W000000000RH7K;PENTA;PENTA;1,1;Solar PV;GNRA;FVGNRA
PENUCA;18WPENUCA-123-EN;PEÑUCA;P. E LA PEÑUCA;33,0;Wonshore wind;CEG;EPENUCA
PEOCHAO;18WPEOCHAO-123-B;PEOCHAO;18WPEOCHAO-123-B;8,0;Wonshore wind;EGLE;EARNO
PEOUROL;18WPEOUROL-123-K;PEOUROL;P.E.OUROL;18,0;Wonshore wind;EGLE;EOUROL
PEPALOM;18WPEPALOM-123-Y;PEPALOM;P.E. PALOMAREJO;30,0;Wonshore wind;WMARK;EPALOM
PEPRED;18W000000000P1JF;PEPRED;PE PUNTA REDONA;26,8;Wonshore wind;GNCO;EGASNE1
PEQUINT;18WPEQUINT-123-V;PEQUINT;P.E. QUINTANILLA;20,0;Wonshore wind;HC G;HCGSCSA
PER-CG;18W000000000U0E8;PER-CG;PER-CG;1,0;Competitive suppliers;TGYE;TGYER01
PER-TS;18W000000000TV85;PER-TS;PER-TS;1,0;Competitive suppliers;TGYE;TGYER01
PERAJ;18WPERAJ-12345-2;PERAJ;PARQUE EÓLICO PERALEJO FASE 1;42,5;0;EGED;EGREEN2
PERDIGU;18W000000000MJ43;PERDIGU;PERDIGUERA;22,0;Wonshore wind;HC G;HCGSCSA
PERDON;18WPERDON-123-EB;PERDON;P. E. EL PERDÓN;20,0;Wonshore wind;EGED;EGREEN
PERERU;18WPERERU-123-A0;PERERU;PERERU;3,3;Hydro non UGH;IBGES;HFIBGES
PERIB;18W0000000006R2A;PERIB;PE RIBEIRO;7,2;Wonshore wind;FEN;EGFEN
PERIX2;18W000000000TTZV;PERIX2;PERIX2;2,0;Solar PV;GNRA;UPSON1
PERODEN;18W000000000P1HJ;PERODEN;PE RODEN;7,2;Wonshore wind;EGLE;EEOLEX
PERUCHO;18WPERUCHO-123-9;PERUCHO;18WPERUCHO-123-9;1,3;Hydro non UGH;EGLE;HPERUC
PERUELA;18W000000000T74B;PERUELA;UF SOLAR PALLERUELA;9,0;Solar PV;NEXU;FPRUELA
PERUL;18WPERUL-1234-EV;PERUL;P. E. EL PERUL S.L.;49,6;Wonshore wind;EGLE;ELBOGA
PES1;18WPES1-12345-AY;PESQUER 1;PESQUERUELA 1;0,7;Hydro UGH;ASIE;ASIDUE
PES2;18WPES2-12345-AO;PESQUER 2;PESQUERUELA 2;0,7;Hydro UGH;ASIE;ASIDUE
PESCAC;18W000000000TSGZ;PESCAC;PESCAC;1,0;Competitive suppliers;ENDCO;ENDER01
PESCAP;18W000000000TSHX;PESCAP;PESCAP;1,0;Competitive suppliers;ENDCO;ENDER01
PESCAX;18W000000000TSF0;PESCAX;PESCAX;1,0;Competitive suppliers;ENDCO;ENDER01
PESIL;18WPESIL-1234-ET;PESIL;P.E. SIL;49,2;Wonshore wind;IBGES;EHIBGES
PESLOA;18WPESLOA-1234-2;PESLOA;PARQUE EÓLICO SAN LORENZO A;48,7;Wonshore wind;EGLE;EEPESLO
PESLOB;18WPESLOB-1234-V;PESLOB;PARQUE EÓLICO SAN LORENZO B;39,3;Wonshore wind;EGLE;EEPESLO
PESTRIZ;18W000000000N3WS;PESTRIZ;18W000000000N3WS;49,9;Wonshore wind;EGLE;EPTRIZ
PESURI;18WPESURI-1234-6;PESURI;P.E.PESUR I;42,0;Wonshore wind;ECYR;EREGPES
PETAE;18W000000000D4LD;PE TARAZON;PE TARAZONA;9,6;Wonshore wind;GNRA;LECDE
PETAHUN;18W000000000KZYE;PE TAHUNA;PE TAHUNA;20,0;Wonshore wind;EBLCO;EETAHUN
PETELLA;18WPETELLA-123-L;PETELLA;PARQUE EÓLICO LA TELLA;50,0;Wonshore wind;PEALT;EALTIPL
PETORSA;18WPETORSA-12--8;PETORSA;PETORSA;29,9;Wonshore wind;EGED;EGREEN
PETRC01;18W-PETRC01-6--S;PETRC01;PETRC01;2,5;Competitive suppliers;PESL;PETRC01
PEUADIX;18W000000000NXF9;PEUADIX;18W000000000NXF9;3,4;Wonshore wind;EGLE;EACCIT
PEUNTAL;18WPEUNTAL-123-7;PEUNTAL;P.E. EL PUNTAL;26,0;Wonshore wind;EGLE;EUNTAL
PEVALI;18W0000000008A3E;PEVALI;PE VALIENTE;20,0;Wonshore wind;CEG;E1CEG
PEVALV;18W000000000SENU;PEVALV;PEVALV;49,5;Wonshore wind;GNCO;EGASN0U
PEVIL1;18W000000000S8IL;PEVIL1;PEVIL1;48,3;Wonshore wind;GNRA;EFGNRA
PEVIL2;18W000000000S8JJ;PEVIL2;PEVIL2;18,4;Wonshore wind;GNRA;EFGNRA
PEZARZU;18WPEZARZU-123-M;PEZARZU;18WPEZARZU-123-M;41,8;Wonshore wind;EGLE;ECYLEO
PEZORRE;18W000000000KZZC;PEZORRERAS;PE ZORRERAS;20,0;Wonshore wind;EBLCO;EEZORRE
PFACINA;18WPUERTOFACINAL;PFACINA;P.E. PUERTO FACINAS;12,0;Wonshore wind;NEXU;EFACINA
PFLOR3;18WPFLOR3-1234-T;PFLOR3;PE PEÑAFLOR 3;48,9;Wonshore wind;IBGES;EHIBGES
PFLOR4;18WPFLOR4-1234-L;PFLOR4;PE PEÑAFLOR 4;48,9;Wonshore wind;IBGES;EHIBGES
PFORCA;18W000000000GA2L;PFORCA;P E PEÑA FORCADA;7,2;Wonshore wind;GNCO;EGASNE2
PGALLO;18WPGALLO-123-E2;PGALLO;PGALLO;24,4;Wonshore wind;GNRA;EFGNRA
PGATO;18WPGATO-12345-4;PGATO;P.E. PEÑA DEL GATO;50,0;Wonshore wind;ECYR;EEGPES
PGIDR1;18W000000000TSIV;PGIDR1;PGIDR1;1,0;Competitive suppliers;ENDCO;ENDER01
PGIDR2;18W000000000TSJT;PGIDR2;PGIDR2;1,0;Competitive suppliers;ENDCO;ENDER01
PGOM;18WPGOM-12345-AT;PIAGOMARTU;PIAGO DE MARTUL;0,3;Hydro UGH;WMARK;PGOM
PGORDO;18W000000000GEZH;PEROGORDO;FV PEROGORDO;38,7;Solar PV;NEXU;FPEROGO
PGR5TG1;18WPGR5TG1-123-T;PGR5TG1;CC AS PONTES G.RODRI.G5 T.GAS1;276,6;Combined Cycle GT;ENDG;PGR5
PGR5TG2;18WPGR5TG2-123-M;PGR5TG2;CC AS PONTES G.RODRI.G5 T.GAS2;276,3;Combined Cycle GT;ENDG;PGR5
PGR5TV;18WPGR5TV-1234-A;PGR5TV;CC AS PONTES G.RODRI.G5 T.VAP.;302,7;Combined Cycle GT;ENDG;PGR5
PGRANDE;18WPGRANDE-12-EM;PGRANDE;PEÑAS GRANDES;14,4;Wonshore wind;IGNIS;EGVENTO
PIC1;18WPIC1-12345-AE;PICOAGA 1;PICOAGA 1;0,2;Hydro UGH;IBEG;EBRA
PIC2;18WPIC2-12345-A4;PICOAGA 2;PICOAGA 2;0,2;Hydro UGH;IBEG;EBRA
PICAL;18WPICAL-1234-EF;PICAL;PICAL;19,8;Wonshore wind;EGED;EGREEN
PICAZO;18WPICAZO-1234-T;PICAZO;P.E. PICAZO;14,0;Wonshore wind;ECYR;EEGPEM
PICOCOL;18WPICOCOLLALBA0;PICOCOL;P.E. PICO COLLALBAS;30,0;Wonshore wind;IBGES;EHIBGES
PICON2;18W000000000FW5R;PICON2;ISFV PICON II;46,0;Solar PV;GNCO;FGASNE2
PICON3;18W000000000FW4T;PICON3;ISFV PICON III;46,0;Solar PV;GNCO;FGASNE2
PICONI;18W000000000FW1Z;PICONI;ISFV PICON I;46,0;Solar PV;GNCO;FGASNE2
PIEDRA;18W000000000NQU0;PIEDRA;PE PIEDRAHITA;19,8;Wonshore wind;HC G;HCGSIHA
PIEDRA2;18W000000000RB9Y;PIEDRA2;BECOSA FUENTE DE PIEDRA 2;8,0;Biomass;EGLE;RFUENP
PIEDRAL;18WPIEDRAL-123-V;PIEDRAL;UF C.H. SALTO PIEDRALAVES;1,0;Hydro non UGH;INTRA;HHTTRIN
PIEITOI;18WPIEITOI-123-K;PIEITOI;CENTRAL DE PIE DE PRESA DE ITO;28,6;Hydro non UGH;CEG;HHITOIZ
PIEROL;18WPIEROL-1234-Y;PIEROL;CERAM PIEROLA;4,4;Oil products and coal;CEG;TPIERO
PIEROLA;18W000000000TF6K;PIEROLA;VERTEDERO DE CAN MATA;1,0;Biogas;EGLE;RCESRE
PILAR;18WPILAR-1234-EA;PILAR;P. E. EL PILAR;15,0;Wonshore wind;GNCO;EFPART
PILIX;18W000000000TUT3;PILIX;PILIX;2,5;Solar PV;GNRA;UPSON2
PIN1;18WPIN1-12345-A4;PINTADO 1;PINTADO 1;12,2;Hydro UGH;ENDG;GDLQ
PIN2;18WPIN2-12345-AV;PINTADO 2;PINTADO 2;6,3;Hydro UGH;ENDG;GDLQ
PIN3;18WPIN3-12345-AL;PINTADO 3;PINTADO 3;14,1;Hydro UGH;ENDG;GDLQ
PIN3B;18WPINTADOBOMBAB;PIN3B;CH PINTADO GRUPO 3 - BOMBEO;14,4;Pump consumption;ENDG;GDLQB
PINASBI;18W000000000UB8O;PINASBI;PINASA BIOMASA;4,0;Biomass;EGLE;RPINA
PINCI;18W000000000T0CG;PINCI;PINCI;2,3;Hydro non UGH;GNRA;HFGNRA
PINDC01;18W000000000R24Y;UP PINDO;UP PINDO PENINSULA;10,0;Competitive suppliers;PINDO;PINDC01
PINGUIN;18W000000000R1RS;PINGUIN;PE PINTA Y GUINDALERA;100,0;Wonshore wind;EGLE;EPRADA2
PINILLA;18WPINILLA-12-EI;PINILLA;PINILLA;22,9;Wonshore wind;IBGES;EHIBGES
PINOSOF;18W000000000T5S6;PINOSO UF;PINOSO UF;4,5;Solar PV;ISMSL;PINOSO
PINTA;18W000000000UEIW;PINTA;UF SOLAR LA PINTA;1,3;Solar PV;NEXU;FPINTA
PINUS;18W000000000QAWW;PINUS;UF SOLAR PINUS;2,0;Solar PV;NEXU;FABLITA
PIOCB;18W000000000RH9G;PIOCB;PIOCB;8,5;Solar PV;GNRA;FVGNRA
PIPSC;18W000000000QZ85;PIPSC;PIPSC;1,1;Solar PV;GNRA;FVGNRA
PIRACES;18W000000000T9AU;PIRACES;CH PIRACES;1,3;Hydro non UGH;EGLE;HRIEAG
PISUC01;18W000000000SK69;PISUC01;PISUE UP;1,0;Competitive suppliers;PISUE;PISUC01
PITIEGU;18W000000000R9ZP;PITIEGU;UF SOLAR PITIEGU;3,8;Solar PV;NEXU;FPITIEG
PIZARR2;18W000000000SC8T;PIZARR2;PSF LA PIZARRA II;4,9;Solar PV;WMARK;FPIZAII
PIZARRO;18W000000000N9F7;PIZARRO;FV FRANCISCO PIZARRO;430,0;Solar PV;IBGES;FIBGEPI
PLA1;18WPLA1-12345-A0;PUENTELA 1;PUENTELARRA 1;1,1;Hydro UGH;IBEG;EBRA
PLA2;18WPLA2-12345-AR;PUENTELA 2;PUENTELARRA 2;1,1;Hydro UGH;IBEG;EBRA
PLA3;18WPLA3-12345-AH;PUENTELA 3;PUENTELARRA 3;1,2;Hydro UGH;IBEG;EBRA
PLABALS;18WPLABALS-12-EK;PLABALS;P.E. PLANA DE LA BALSA;24,0;Wonshore wind;HISPE;RWESZN
PLAEM;18WPLAEM-12345-1;PLAEM;P.E. PLA DEMBALAGUE;37,5;Wonshore wind;MEDI;EMEDI
PLANA;18WPLANA-1234-AF;PLANA;PLANA;5,0;Hydro non UGH;DETIC;HFPLANA
PLANA1;18WPLANA1-123-EK;PLANA1;PLANA1;4,1;Wonshore wind;WMARK;EFWMARK
PLANA2;18WPLANA2-123-EC;PLANA2;P.E. LA PLANA II;16,5;Wonshore wind;IBGES;EHIBGES
PLANA3;18WPLANA3-123-E4;PLANA3;P.E. LA PLANA III;21,0;Wonshore wind;IBGES;EHIBGES
PLANAMA;18WPLANAMA-12-EI;PLANAMA;P.E. PLANA DE MARIA;24,0;Wonshore wind;HISPE;RWESZN
PLASC01;18W-PLASC01-7--H;PLASPISA;INDUSTRIAS PLASTICAS DEL PISUE;0,9;Market direct consumption;PLAS;PLASC01
PLASE1;18W000000000MHN8;PLASE1;PLASE1;4,0;Solar PV;NEXU;FPLASE
PLASE2;18W000000000MHO6;PLASE2;PLASE2;6,0;Solar PV;NEXU;FPLASE
PLASEN;18W000000000U2E2;PLASEN;PLASEN;9,9;Wonshore wind;CEG;EPLASEN
PLASFO;18W000000000RCEL;PLASFO;UF SOLAR JUNEDA PLASOLFO;1,7;Solar PV;NEXU;FJUNEDA
PLAST;18WPLAST-12345-K;PLAST;UNIDAD FISICA PLASTIVERD;7,3;Natural Gas Cogeneration;AME;TPLAST
PLATBIO;18WPLATBIO-123-C;PLATBIO;PLATBIO;6,0;Biomass;CEG;RCMOVA
PLATC01;18W0000000006C3G;PLATC01;PLATC01;0,6;Market direct consumption;PLATA;PLATC01
PLAZ2FV;18W000000000THHT;FV PLAZA2;FOTOVOLTAICA PLAZA2;15,0;Solar PV;ELEIA;PLAZA2
PLAZARA;18WPLAZARA-12-E6;PLAZARA;P.E. PLANA ZARAGOZA;24,0;Wonshore wind;HISPE;RWESZN
PLCFW;18W000000000RUE4;PLCFW;PLCFW;1,8;Solar PV;GNRA;FVGNRA
PLEN1;18W000000000QT8N;PLEN1;PLEN1;48,1;Wonshore wind;HISPE;EPLEN1
PLEZUZA;18WPLEZUZA-123-W;PLEZUZA;P.E. LEZUZA;25,0;Wonshore wind;CEG;EELEZU
PLIAC01;18W000000000SRX8;UP SIMPLIA;UP SIMPLIA;0,1;Competitive suppliers;SIMP;PLIAC01
PLLANO;18W000000000N1NF;PLLANO;HB PUERTOLLANO II;80,0;0;IBGES;FBHIBHV
PLODOSO;18WPLODOSO-123-6;PLODOSO;PARQUE EÓLICO LODOSO;49,5;Wonshore wind;EGLE;ELBOGA
PLZ1;18WPLZ1-12345-AL;PLAZACOLA;PLAZACOLA;0,2;Hydro UGH;BARER;BEREBRO
PMA1;18WPMA1-12345-AP;PEDROMAR 1;PEDRO MARIN 1;5,1;Hydro UGH;ENDG;GDLQ
PMA2;18WPMA2-12345-AF;PEDROMAR 2;PEDRO MARIN 2;7,8;Hydro UGH;ENDG;GDLQ
PMALAGA;18WPMALAGA-123-I;PMÁLAGA;PARQUE EÓLICO PUERTO DE MÁLAGA;12,0;Wonshore wind;IBGES;EHIBGES
PMERE2;18W000000000QJTB;PMERE2;PE MERENGUE II;49,5;Wonshore wind;GNCO;EGASN2U
PMEREN;18W000000000EZAC;MERENGUE;PARQUE EOLICO MERENGUE;39,3;Wonshore wind;GNCO;EGASNE2
PMN1;18WPMN1-12345-AU;MONTAÑAN 1;PUENTE MONTAÑANA 1;22,0;Hydro UGH;ENDG;EBRFEN
PMN2;18WPMN2-12345-AK;MONTAÑAN 2;PUENTE MONTAÑANA 2;22,0;Hydro UGH;ENDG;EBRFEN
PMSU;18W000000000SWT1;PMSU;PMSU;14,9;Wonshore wind;REPSB;ECERRAT
PNDERAS;18W000000000QQAS;PNDERAS;PANADERAS;45,0;Wonshore wind;GESTE;EPDERAS
PNO1;18WPNO1-12345-A7;P.NOVO 1;PONTE NOVO 1;12,7;Hydro UGH;IBEG;SIL
PNO2;18WPNO2-12345-AY;P.NOVO 2;PONTE NOVO 2;13,0;Hydro UGH;IBEG;SIL
PNO3;18WPNO3-12345-AO;P.NOVO 3;PONTE NOVO 3;6,0;Hydro UGH;IBEG;SIL
PNO4;18WPNO4-12345-AE;P.NOVO 4;PONTE NOVO 4;6,2;Hydro UGH;IBEG;SIL
POB1;18WPOB1-12345-AR;POBLASEG 1;LA POBLA DE SEGUR GR. 1;6,5;Hydro UGH;NEXU;HPOBLA1
POB2;18WPOB2-12345-AH;POBLASEG 2;LA POBLA DE SEGUR GR. 2;6,5;Hydro UGH;NEXU;HPOBLA1
POBRADO;18WPOBRADO-123-Y;POBRADO;18WPOBRADO-123-Y;3,0;Wonshore wind;CEG;E1CEG
POCICO;18W000000000M00V;POCICO;UF SOLAR POCICO SALAO;4,4;Solar PV;NEXU;FPOCICO
POCILLO;18WPOCILLO-123-O;ALTPOCILLO;ALTO POCILLO;4,0;Wonshore wind;MIRAS;EMIRASI
POINF;18W000000000D4MB;PONTE INFE;PONTE INFERNO;4,2;Hydro non UGH;GNRA;HFGNRA
POLAC01;18W000000000S15V;UP POLAR;UP PEN POLAR;0,1;Competitive suppliers;POLAR;POLAC01
POLLOS;18W000000000RTBD;POLLOS;UF SOLAR POLLOS;8,1;Solar PV;NEXU;FPOLLOS
POLUX;18W000000000PSDK;POLUX;POLUX;7,5;Wonshore wind;REPSB;EVIENG
POLYGE;18W000000000TSKR;POLYGE;POLYGE;1,0;Competitive suppliers;ENDCO;ENDER01
POLYTY;18W000000000TSLP;POLYTY;POLYTY;1,0;Competitive suppliers;ENDCO;ENDER01
PONCC01;18W0000000006S7Y;PONTS COM;PONTS COMERCIALITZADORA MUNICI;0,7;Competitive suppliers;PONTC;PONCC01
PONIX;18W000000000P3GF;PONIX;PONIX;12,5;Solar PV;GNRA;FVPON
PONT;18W000000000GPCU;PONT;CH PONT;1,1;Hydro non UGH;NEXU;HFNEXU
PONXC01;18W-PONXC01-8--R;PONXC01;CONSUMO PONTEVEDRA;30,0;Market direct consumption;ENCEG;PONXC01
POQ1;18WPOQ1-12345-AA;POQUEIRA 1;POQUEIRA 1;5,1;Hydro UGH;ENDG;GDLQ
POQ2;18WPOQ2-12345-A0;POQUEIRA 2;POQUEIRA 2;5,1;Hydro UGH;ENDG;GDLQ
POR1;18WPOR1-12345--L;PORTLUX 1;PORTLUX 1;0,5;Hydro UGH;ASIE;ASIJUCA
POR2;18WPOR2-12345-AQ;PORTLUX 2;PORTLUX 2;0,5;Hydro UGH;ASIE;ASIJUCA
PORCEL1;18W000000000TP8N;PORCEL1;PORCEL1;3,8;Natural Gas Cogeneration;DETIC;COGPOR1
PORCEL2;18W000000000TP9L;PORCEL2;PORCEL2;2,5;Natural Gas Cogeneration;DETIC;COGPOR2
PORTAC;18WPORTAC-123-EJ;PORTAC;P. E. EL PORTACHUELO;45,0;Wonshore wind;HC G;HCGSIHA
PORTEL;18WPORTEL-1234-0;PORTEL;PORTEL;4,9;Wonshore wind;IBGES;EHIBGES
PORTOLI;18WPORTOLI-123-N;PORTOLI;PORTOLIN;1,5;Hydro non UGH;DETIC;HFDETIC
PORTOMO;18WPORTOMO-123-A;PORTOMO;PORTODEMOUROS;9,7;Hydro non UGH;GNCO;HFGASN
POSOC01;18W000000000RAO7;ES-POWERSO;POWER SOLAR TRADE SL;0,6;Competitive suppliers;POWED;POSOC01
POTEC01;18W0000000003PMP;POTENZIA ;POTENZIA COMERCIALZADORA SL;0,5;Competitive suppliers;POTEN;POTEC01
POTRA;18WPOTRA-1234--B;POTRA;18WPOTRA-1234--B;2,6;Wonshore wind;EGLE;EESBGG
POUSADO;18WPOUSADO-123-0;POUSADO;P.E. POUSADOIRO-FONSECA FASE I;23,5;Wonshore wind;ECYR;EEGPEM
POVIX;18W000000000TGD3;POVIX;POVIX;1,0;Solar PV;GNRA;FVGNRA
POWCP3;18W0000000000PBM;PM EXPORT;POWERMART EXPORT;300,0;Import France;POWER;POWCP3
POWEC01;18W000000000H4Y8;PM RET BUY;POWERMART RETAIL BUY;100,0;Competitive suppliers;POWER;POWEC01
POWNC01;18W000000000R4NR;POWNC01;POWNC01;0,0;Competitive suppliers;POWEN;POWNC01
POWRC01;18W000000000T51N;POWEC01;POWEC01;10,0;Competitive suppliers;POWEE;POWRC01
POWSJ2;18W000000000O77P;POWSJ2;POWSJ2;1,1;Solar PV;GNRA;FVGNRA
POWVP3;18W0000000000PCK;POWERMART;POWERMART APS;300,0;Export France;POWER;POWVP3
POZALMU;18WPOZALMU-123-N;POZALMU;18WPOZALMU-123-N;1,5;Wonshore wind;EGLE;EPOZAL
POZCB;18W000000000RWXY;POZCB;POZCB;2,9;Solar PV;GNRA;FVGNRA
POZIX;18W000000000TVQ6;POZIX;POZIX;3,0;Solar PV;GNRA;UPSON2
POZOC01;18W-POZOC01-7--T;POZO;POZO;1,5;Competitive suppliers;POZO;POZOC01
PPE1;18WPPE1-12345-AJ;P.PEÑA 1;PUERTO PEÑA 1;18,2;Hydro UGH;ENDG;GDNA
PPE2;18WPPE2-12345-A9;P.PEÑA 2;PUERTO PEÑA 2;18,2;Hydro UGH;ENDG;GDNA
PPE3;18WPPE3-12345--L;P.PEÑA 3;PUERTO PEÑA 3;18,2;Hydro UGH;ENDG;GDNA
PPIEDRA;18W000000000M815;PPIEDRA;UF SOLAR PUENTE DE PIEDRA;2,2;Solar PV;NEXU;FPPIEDR
PPOLA;18WPPOLA-1234-EA;PPOLA;P. E. PLANAS DE POLA;35,6;Wonshore wind;HC G;HCGSIH2
PPOZA1;18WPPOZA1-123-EV;PPOZA I;P. E. PARAMO DE POZA I;48,9;Wonshore wind;IGNIS;EPPOZA
PPOZA2;18WPPOZA2-123-EN;PPOZA II;P. E. PARAMO DE POZA II;48,7;Wonshore wind;IGNIS;EPPOZA
PQ1;18W000000000U2V5;PQ1;UF SOLAR PQ1;12,0;Solar PV;NEXU;FSOLPQ1
PQSOLAR;18W000000000T6KJ;PQSOLAR;PSF PARQUESOLAR;2,4;Solar PV;SOMEN;SENFV1
PRADC01;18W0000000002HQ8;PRADC01;PRADC01;1,7;Market direct consumption;PRADO;PRADC01
PRADILL;18W000000000H80R;PRADILLO;PRADILLO;22,5;Wonshore wind;IBGES;EHIBGES
PRADOS;18WPRADOS-1234-H;PRADOS;LOS PRADOS;1,2;Solar PV;WMARK;FFWMARK
PRAEC01;18W000000000TFQH;PRAETIUM;PRAETIUM ENERGY;0,1;Competitive suppliers;PRAET;PRAEC01
PRD1;18WPRD1-12345-A6;PRADA 1;PRADA 1;35,5;Hydro UGH;ENDG;SBEU
PRD2;18WPRD2-12345-AX;PRADA 2;PRADA 2;35,2;Hydro UGH;ENDG;SBEU
PRDLUN1;18W000000000OM9D;PRDO LUNA1;PRADO LUNA 1 SOLANA ENERGY SL;4,6;Solar PV;CEG;FPLUNA1
PRDLUN2;18W000000000OMAB;PRDO LUNA2;PRADO LUNA2 STAR POWER ENERGY;4,6;Solar PV;CEG;FPLUNA2
PRDLUN3;18W000000000OMB9;PRDO LUNA3;PRADO LUNA3 SUNNA POWER SL;4,6;Solar PV;CEG;FPLUNA3
PRE1;18WPRE1-12345-AW;PONTREI 1;PONT DE REI GR.1 (ARTIES);22,8;Hydro UGH;ENDG;EBRFEN
PRE2;18WPRE2-12345-AM;PONTREI 2;PONT DE REI GR.2 (ARTIES);22,8;Hydro UGH;ENDG;EBRFEN
PREMB;18WPREMB-1234-D5;RE-97D-359;MB PAPELES ESPECIALES;3,4;Natural Gas Cogeneration;NEXU;TMBPE
PRENCI;18WPRENCI-123-E9;PRENCI;P. E. PREJANO-ENCISO;29,7;Wonshore wind;IBGES;EMRIBGE
PREVOLT;18WPREVOLT-123-X;PREVOLT;P.E. PEÑA REVOLTA;14,0;Wonshore wind;ECYR;EEGPEM
PRI1;18WPRI1-12345-AP;PRIAÑES 1;PRIAÑES 1;4,1;Hydro UGH;HC G;HCHI
PRI2;18WPRI2-12345-AF;PRIAÑES 2;PRIAÑES 2;4,1;Hydro UGH;HC G;HCHI
PRI3;18WPRI3-12345-A5;PRIAÑES 3;PRIAÑES 3;9,8;Hydro UGH;HC G;HCHI
PRIMORL;18W000000000F66T;PRIMORL;PRIMORAL;34,6;Wonshore wind;ECYR;EEGPES
PRIOH;18W000000000QVKU;PRIOH;PRIOH;42,0;Solar PV;GNRA;UPPRIOH
PROSC01;18W000000000M41H;PROSOL COM;PROSOL COMPRA;25,0;Competitive suppliers;PROSA;PROSC01
PROTC01;18W-PROTC01-7--O;PROT;PROT ENERGIA COMERCIALIZACION;0,8;Competitive suppliers;PROTC;PROTC01
PROVE;18W000000000M0RE;PROVE;PROVE;1,8;Solar PV;GNRA;LAPEN
PRTIDOR;18W000000000N68U;PRTIDOR;CH PARTIDOR;0,5;Hydro non UGH;HC G;HCHI2
PRTREAL;18W000000000OOYV;PRTREAL;FV PUERTO REAL 2;44,0;Solar PV;CEG;FPTREAL
PRY1;18WPRY1-12345-AY;PARAYA 1;LA PARAYA 1;1,4;Hydro UGH;REPSB;VIES
PRY2;18WPRY2-12345-AO;PARAYA 2;LA PARAYA 2;1,1;Hydro UGH;REPSB;VIES
PRZ1;18WPRZ1-12345-AN;PROAZA 1;PROAZA 1;24,7;Hydro UGH;HC G;HCHI
PRZ2;18WPRZ2-12345-AD;PROAZA 2;PROAZA 2;24,7;Hydro UGH;HC G;HCHI
PSAR;18W000000000S70N;PSAR;PSAR;49,9;Wonshore wind;REPSB;ECERRAT
PSBUIX2;18W000000000U10X;PSBUIX2;PS SANT FELIU BUIXALLEU II;3,5;Solar PV;INTRA;INTRE02
PSE1;18WPSE1-12345-AK;P.SEGURO 1;PUERTO SEGURO 1;0,2;Hydro UGH;IBEG;DUER
PSE2;18WPSE2-12345-AA;P.SEGURO 2;PUERTO SEGURO 2;0,3;Hydro UGH;IBEG;DUER
PSFAGA1;18W000000000SC40;PSFAGA1;PSF AGATHA;40,8;Solar PV;WMARK;FPSFAGA
PSFART1;18W000000000SC5Z;PSFART1;PSF ARTEMISA;40,8;Solar PV;WMARK;FPSFART
PSFBARG;18W000000000SXQ4;PSFBARG;PSF BARGAS;38,4;Solar PV;EGLE;FGFBAR
PSFESM1;18W000000000SC6X;PSFESM1;PSF ESMERALDA;40,8;Solar PV;WMARK;FPSFESM
PSFGES1;18W000000000SC16;PSFGES1;PSF GESTENIA;40,8;Solar PV;WMARK;FPSFGES
PSFHER1;18W000000000SC7V;PSFHER1;PSF HERACLES;40,8;Solar PV;WMARK;FPSFHER
PSFJAD1;18W000000000SC32;PSFJAD1;PSF JADE;40,8;Solar PV;WMARK;FPSFJAD
PSFMONT;18W000000000SI7D;PSFMONT;FV MONTESUSIN;0,9;Solar PV;WMARK;FFWMARK
PSFSES1;18W000000000SC24;PSFSES1;PSF SENEN;40,8;Solar PV;WMARK;FPSFSES
PSMORON;18WPSMORON-123-V;PSMORON;PST MORON;49,9;Solar thermal;EGLE;SGTSMOR
PSOFSAX;18W000000000RKPC;SAX;PARQUESAX;3,0;Solar PV;GESTE;FPSFSAX
PSOL;18W000000000PYQD;PSOL;FV PUERTA DEL SOL;44,0;Solar PV;HISPE;FPSOL
PSOLAR3;18WPSOLAR3-123-C;STGEMASOLA;TERMOSOLAR GEMASOLAR;17,0;Solar thermal;GNRA;TSGNR3
PSR1;18WPSR1-12345-AP;P.SUERT 1;PONT DE SUERT 1;7,7;Hydro UGH;ENDG;EBRFEN
PSR2;18WPSR2-12345-AF;P.SUERT 2;PONT DE SUERT 2;7,7;Hydro UGH;ENDG;EBRFEN
PTEJADA;18WPTEJADA-12-ER;PTEJADA;18WPTEJADA-12-ER;9,6;Wonshore wind;IGNIS;EGASUR
PTENC01;18W000000000O9RG;UP PTEN;UP PARATIENERGIA;0,1;Competitive suppliers;PTENG;PTENC01
PTRESTE;18W000000000RFZ7;PTRESTE;PE TREST;30,0;Wonshore wind;GNCO;EGASNE2
PTROC01;18W000000000I16W;PETROLIS;SOLUCIONES PREMMIA ENERGIA;0,1;Competitive suppliers;PTROL;PTROC01
PUBIX1;18W000000000TV77;PUBIX1;PUBIX1;1,3;Solar PV;GNRA;FVGNRA
PUBPT;18W000000000SFJZ;PUBPT;PUBPT;3,5;Solar PV;GNRA;FVGNRA
PUCHERU;18WPEPUCHERUELO6;PUCHERU;PE PUCHERUELO FASE 2;22,9;Wonshore wind;ECYR;EEGPEM
PUEBLA;18W000000000S7S4;PUEBLA;PUEBLA;1,7;Solar PV;GAC;FPGAC
PUEBLAC;18W000000000RT9H;PUEBLAC;UF SOLAR PUEBLA DE CASTRO;1,2;Solar PV;NEXU;FPCSTRO
PUENTEN;18WPUENTEN-123-J;PUENTEN;18WPUENTEN-123-J;2,7;Hydro non UGH;EGLE;HMICAN
PUERTO;18WPUERTO-123-ES;PUERTO;PUERTO;25,0;Wonshore wind;ECYR;EREGPEM
PUERTOB;18W000000000OKQM;TYLMER;CERÁMICA DOBON;0,8;Oil products and coal;LMER;PUERTOB
PUERTOR;18W000000000KBH9;PV PUERTOR;PV PUERTOREAL;110,0;Solar PV;ADXRE;PREAL1
PUIC01;18W000000000MNDA;PUIC01;PUIC01;0,7;Market direct consumption;TEXTB;PUIC01
PUIGPOR;18W000000000RSZ5;PUIGPOR;PUIGPORC;2,1;Solar PV;RSPRA;FFRSPRA
PUJALT;18WPUJALT-1234-5;PUJALT;P.E PUJALT;42,0;Wonshore wind;GNCO;EGASNE0
PULPAL;18WPULPAL-123-EI;PULPAL;PULPAL;17,2;Wonshore wind;EGED;EGREEN
PULSC01;18W-PULSC01-9--M;PULSAR;PULSAR SERVICIOS ENERGETICOS;0,1;Competitive suppliers;PULSA;PULSC01
PUMAR;18WPUMAR-12345-F;PUMAR;P.E. BAOS Y PUMAR;39,9;Wonshore wind;HC G;HCGSCSA
PUN1;18WPUN1-12345-A8;PUENTEN H1;PUENTE NUEVO 1 HIDRAUL.;6,5;Hydro UGH;GNFG;UFTA
PUN2;18WPUN2-12345-AZ;PUENTEN H2;PUENTE NUEVO 1 HIDRAUL.;6,7;Hydro UGH;GNFG;UFTA
PUN3;18WPUN3-12345-AP;PUENTEN H3;PUENTE NUEVO 1 HIDRAUL.;6,7;Hydro UGH;GNFG;UFTA
PUNAGO;18WPUNAGO-123-EV;PUNAGO;P.E. PUNAGO;30,3;Wonshore wind;EGED;EGREEN
PUNCB;18W000000000RH5O;PUNCB;PUNCB;3,0;Solar PV;GNRA;FVGNRA
PUNIFA;18W000000000HK3M;PUNIFA;PUNIFA;1,6;Solar PV;RSPRA;FFRSPRA
PUNPI;18W000000000NWMZ;PUNPI;PUNPI;4,8;Solar PV;GNRA;FVGNRA
PUNTAL;18W000000000N1KL;PUNTAL;EL PUNTAL;15,0;Wonshore wind;IBGES;EHIBGES
PURR;18WPURR-12345-A0;PURROY ;PURROY;0,5;Hydro UGH;ENDG;EBRACC1
PURSC;18W000000000O6MZ;PURSC;PURSC;2,9;Solar PV;GNRA;FVGNRA
PUYLOBO;18W000000000JUQC;PUYLOBO;PUYLOBO;48,5;Wonshore wind;IBGES;EIBGENO
PVEGA;18WPVEGA-1234--H;PVEGA;P.E. PARAMO VEGA;18,0;Wonshore wind;IBGES;EHIBGES
PVENT1;18WPVENT1-1234-X;PVENT1;PLANA DEL VENT1;420,1;Combined Cycle GT;GNCC;PVENT1
PVENT2;18WPVENT2-1234-P;PVENT2;PLANA DEL VENT2;414,0;Combined Cycle GT;HISPE;PVENT2
PVENT2X;18W-PVENT2X-5--M;PVENT2X;PVENT2X;15,0;Aux. Svcs. Consumption;HISPE;PVENT2X
PVESAIC;18WPVESAIC-123-P;PVESAIC;PLANTA DE VALORACIÓN ENERGET;49,9;Sundry waste;EGLE;RSAICA
PVPEDRE;18W000000000RMQ4;PVPEDRE;PVPEDRE;4,5;Solar PV;EFG;UPGR031
PVVIDAL;18W000000000PHAM;PVVIDALUF;PVVIDALUF;2,4;Solar PV;TSRDE;PVVIDAL
PWERSOL;18W000000000U1E5;PWERSOL;UF SOLAR POWERSOL;2,0;Solar PV;NEXU;FWERSOL
PX31AV;18W000000000OSWN;PX31AV;PX31AV;1,0;Competitive suppliers;FORTI;FORTR01
PX81BE;18W000000000SSG2;PX81BE;PX81BE;1,0;Competitive suppliers;FORTI;FORTR01
PX81CB;18W000000000OSUR;PX81CB;PX81CB;1,0;Competitive suppliers;FORTI;FORTR01
PX81PI;18W000000000OSVP;PX81PI;PX81PI;1,0;Competitive suppliers;FORTI;FORTR01
PYCEUR;18WPYCEUR-123-DR;PYCEUR;18WPYCEUR-123-DR;5,0;Natural Gas Cogeneration;EGLE;TPYCE
PYCEUR2;18W0000000000QED;PYCEUR2;18W0000000000QED;4,9;Natural Gas Cogeneration;EGLE;TPYCE
PYRSA1;18W000000000S2TH;PYRSA1;PYRSA1;1,0;Competitive suppliers;ENDCO;ENDER01
PZACB;18W000000000RHBC;PZACB;PZACB;1,1;Solar PV;GNRA;FVGNRA
PZBCB;18W000000000RM2F;PZBCB;PZBCB;1,2;Solar PV;GNRA;FVGNRA
PZCP;18WPZCP-12345-AE;POZOCAPITA;POZO CAPITAN;0,1;Hydro UGH;VIEG;PZCP
PZHCB;18W000000000RKV0;PZHCB;PZHCB;3,5;Solar PV;GNRA;FVGNRA
PZICUNA;18WPZICUNA-123-Z;PZICUNA;PAPELERA GUIPUZCOANA ZICUÑAGA;48,6;Natural Gas Cogeneration;EGLE;TPGUIZ
QALME;18W000000000HBHL;QALME;QALME;1,4;Solar PV;GNRA;FVGNRA
QAMAZ;18W000000000JJDY;QAMAZ;QAMAZ;3,0;Solar PV;GNRA;FVGNRA
QENEC01;18W0000000008L6C;QUASAR;QUASAR ENERGIA;0,1;Competitive suppliers;QENER;QENEC01
QIJOTE;18W000000000LFFY;QIJOTE;UF QUIJOTE;10,0;Solar PV;NEXU;FQIJOTE
QLLKZ;18W000000000R1I9;QLLKZ;QLLKZ;50,0;Solar PV;GNRA;UPQLL
QRN1;18WQRN1-12345-AV;QUEREÑO 1;QUEREÑO GR. 1;18,2;Hydro UGH;ENDG;SBEU
QRN2;18WQRN2-12345-AL;QUEREÑO 2;QUEREÑO GR. 2;18,2;Hydro UGH;ENDG;SBEU
QTNCB;18W000000000RHE6;QTNCB;QTNCB;1,5;Solar PV;GNRA;FVGNRA
QTONV;18W000000000TMFI;QTONV;QTONV;4,0;Solar PV;GNRA;FVGNRA
QUALC01;18W000000000P4VJ;QUALC01;QUANTUM COMERCIALIZADORA PENIN;1,0;Competitive suppliers;QUANA;QUALC01
QUALIC;18W0000000001HNI;QUALIC;QUALICAPS;2,0;Natural Gas Cogeneration;WMARK;TQUALI
QUATC01;18W000000000OYIX;QUANTC01;QUANTICA COMERCIALIZADORA;1,0;Competitive suppliers;QUANT;QUATC01
QUE1;18WQUE1-12345-AK;QUEILES 1;QUEILES I 1;0,2;Hydro UGH;ASIE;ASIEBR2
QUE2;18WQUE2-12345-AA;QUEILES 2;QUEILES I 2;1,0;Hydro UGH;ASIE;ASIEBR2
QUE3;18WQUE3-12345-A0;QUEILES 3;QUEILES II 1;0,4;Hydro UGH;IBEG;EBRA
QUE4;18WQUE4-12345-AR;QUEILES 4;QUEILES II 2;0,4;Hydro UGH;IBEG;EBRA
QUE5;18WQUE5-12345-AH;QUEILES 5;QUEILES II 3;0,4;Hydro UGH;IBEG;EBRA
QUEBRAD;18WQUEBRAD-12-AE;QUEBRAD;18WQUEBRAD-12-AE;2,3;Hydro non UGH;EGLE;HBARLO
QUEMAD2;18W000000000R86C;QUEMAD2;LAS QUEMADAS;10,0;Solar PV;WMARK;FQUEMA2
QUI1;18WQUI1-12345-AD;QUINTAN 1;QUINTANILLA ESCALADA 1;0,3;Hydro UGH;IBEG;EBRA
QUI2;18WQUI2-12345-A3;QUINTAN 2;QUINTANILLA ESCALADA 2;0,3;Hydro UGH;IBEG;EBRA
QUIJOT3;18W000000000R5W6;QUIJOT3;UF SOLAR EL QUIJOTE 3;5,0;Solar PV;NEXU;FQIJOT3
QUIJOTE;18W000000000F6BJ;QUIJOTE;FV QUIJOTE;34,3;Solar PV;ECYR;FREGPEM
QUIMICC;18W000000000S1YA;QUIMICC;QUIMICC;21,9;Competitive suppliers;EBLCO;EBLCR01
QUINI;18W000000000LS97;QUINI SPV;LAS QUINIENTAS SPV;90,7;Solar PV;SHEEN;SHEPV07
QUINTA2;18W000000000JGU9;QUINTA2;PE QUNITANILLA 2;10,0;Wonshore wind;HC G;HCGSCSA
QUNT;18WQUNT-12345-AB;QUINTANA;QUINTANA;7,6;Hydro UGH;IBEG;EBRA
R000079;18WR000079-123-5;RE-000079;AGUAS DE VALLADOLID;2,7;Natural Gas Cogeneration;NEXU;TFNEXU
R000249;18WR000249-123-B;RE-000249;TARRIO;4,6;Hydro non UGH;ECYR;HEGPE
R000251;18WR000251-123-M;RE-000251;LA CASTELLANA;1,3;Hydro non UGH;NEXU;HFNEXU
R000287;18WR000287-123-U;RE-000287;HIDRENER;1,8;Hydro non UGH;NEXU;HFNEXU
R000667;18WR000667-123-A;RE-000667;HIJOS DE JOSE BASSOLS;1,4;Hydro non UGH;BECO;BECVH01
R000835;18WR000835-123-U;RE-000835;SALTO DEL MOLINO;2,5;Hydro non UGH;NEXU;HFNEXU
R000837;18WR000837-123-G;RE-000837;SAN RAFAEL DE NAVALLANA;4,2;Hydro non UGH;NEXU;HFNEXU
R000849;18W000000000IQFD;R000849;EOLICA SERRA DO CANDO;29,2;Wonshore wind;NEXU;ESDCAND
R000850;18W000000000IQEF;R000850;EOLICA MONTE SEIXO;34,9;Wonshore wind;NEXU;ESEIXO
R000855;18WR000855-123-E;R000855;R000855;2,3;Hydro non UGH;EBLCO;HGDF01
R000856;18WR000856-123-7;R000856;R000856;3,0;Hydro non UGH;EBLCO;HGDF01
R001000;18WR001000-123-3;R001000;R001000;3,2;Hydro non UGH;EBLCO;HGDF01
R001001;18WR001001-123-X;R001001;R001001;2,8;Hydro non UGH;EBLCO;HGDF01
R001002;18WR001002-123-Q;R001002;R001002;3,6;Hydro non UGH;EBLCO;HGDF01
R001003;18WR001003-123-J;R001003;R001003;4,8;Hydro non UGH;EBLCO;HGDF01
R001004;18WR001004-123-C;R001004;R001004;1,4;Hydro non UGH;EBLCO;HGDF01
R001005;18WR001005-123-5;R001005;R001005;1,4;Hydro non UGH;EBLCO;HGDF01
R001006;18WR001006-123-Z;R001006;R001006;1,4;Hydro non UGH;EBLCO;HGDF01
R001008;18WR001008-123-L;R001008;R001008;1,6;Hydro non UGH;EBLCO;HGDF01
R001009;18WR001009-123-E;R001009;R001009;1,2;Hydro non UGH;EBLCO;HGDF01
R001010;18WR001010-123-W;R001010;R001010;4,0;Hydro non UGH;EBLCO;HGDF01
R001011;18WR001011-123-P;R001011;R001011;4,8;Hydro non UGH;EBLCO;HGDF01
R001012;18WR001012-123-I;R001012;R001012;2,2;Hydro non UGH;EBLCO;HGDF01
R002032;18W000000000IQAN;R002032;EOLICA LA PLATA;21,2;Wonshore wind;NEXU;EPLATA
R002395;18W000000000IQ8R;R002935;EOLICA SIERRA DE TRIGO;15,1;Wonshore wind;NEXU;ETRIGO
R002635;18WR002635-123-S;EDAR RUBI;UTE PLANTA D ASSECATGE DE RUBI;6,1;Natural Gas Cogeneration;NEXU;TEDARUB
R003981;18W000000000IQ9P;R003981;EOLICA LA MUELA NORTE;29,7;Wonshore wind;NEXU;EMUELA
R004036;18W000000000SD9O;R004036;UF EOLICA COMIOLICA;36,0;Wonshore wind;NEXU;ECOMLIC
R00418;18W000000000OY4O;R00418;UF HIDRO LA PLANA;1,1;Hydro non UGH;NEXU;HFNEXU
R004851;18WR004851-123-2;RE-004851;CH PEÑA DEL AGUILA;1,6;Hydro non UGH;IGNIS;HAGUI
R006314;18W000000000IQCJ;R006314;EOLICA SERRA DA LOBA;36,0;Wonshore wind;NEXU;EDALOBA
R007535;18W000000000IQDH;R007535;EOLICA EL SARDON;25,5;Wonshore wind;NEXU;ESARDON
R009965;18W000000000IQGB;R009965;EOLICA EL CONJURO;17,0;Wonshore wind;NEXU;ECONJUR
R011441;18W000000000IQH9;R011441;EOLICA VALDECONEJOS;32,3;Wonshore wind;NEXU;EVDCONE
R023922;18W000000000IQL1;R023922;EOLICA LA CERRADILLA 2;22,0;Wonshore wind;NEXU;ECERAD2
R023923;18W000000000IQJ5;R023923;EOLICA EL CARRASCAL 2;28,0;Wonshore wind;NEXU;ECARRA2
R023925;18W000000000IQI7;R023925;EOLICA EL CARRASCAL;49,5;Wonshore wind;NEXU;ECARRAI
R023926;18W000000000IQK3;R023926;EOLICA LA CERRADILLA;49,5;Wonshore wind;NEXU;ECERADI
R057547;18WR057547-123-L;RE-057547;INVESIONES RECURSOS SOLARES;3,7;Solar PV;NEXU;FFNEXU
R057548;18WR057548-123-E;RE-057548;INVERSIONES RECURSOS SOLARES;1,1;Solar PV;NEXU;FFNEXU
R057852;18WR057852-123-L;RE-057852;RIOS ENERGOS;1,5;Solar PV;NEXU;FFNEXU
R060380;18WR060380-123-4;R060380;CALASPARRA RENOVABLES SL;6,0;Solar PV;GNRA;FSPARRA
R060381;18WR060381-123-Y;RE-060381;CALASPARRA RENOVABLES SL;6,0;Solar PV;GNRA;FSPARRA
R061001;18WR061001-123-4;RE-061001;PROYECTOS CASTELLANOS;1,3;Solar PV;NEXU;FFNEXU
R061778;18WR061778-123-L;RE-061778;SAN CLEMENTE SOLAR;5,0;Solar PV;NEXU;FSANCTE
R061779;18WR061779-123-E;RE-061779;SAN CLEMENTE SOLAR;5,0;Solar PV;NEXU;FFNEXU
R064483;18WR064483-123-8;R064483;FOT MEJORADA;1,5;Solar PV;NEXU;FGAMNSA
R065394;18WR065394-123-T;RE-065394;RURAL SERV. Y TRAMITACIONES;3,8;Solar PV;NEXU;FFNEXU
R066502;18WR066502-123-D;R066502;INFRACLASS RENEWABLES SPAIN SL;6,7;Solar PV;NEXU;FINFREN
R066886;18WR066886-123-5;R066886;CONVERTIDOR SOLAR SESENTASEIS;7,2;Solar PV;NEXU;FCONV61
R067048;18WR067048-123-B;R067048;ASSET SESTRA SOLAR SA;7,5;Solar PV;NEXU;FASSEST
R067049;18WR067049-123-4;R067049;ASSET ENERGIA SOLAR SA;7,0;Solar PV;NEXU;FASSENE
R067050;18WR067050-123-M;R067050;ASSET LOGISTIC SOLAR;7,0;Solar PV;NEXU;FASSLOG
R067929;18WR067929-123-D;R067929;CASTILLEJA ENERGIA.;9,8;Solar PV;NEXU;FCASTJA
R069263;18WR069263-123-T;RE-069263;I.F ATZENETA TRES;1,5;Solar PV;NEXU;FFNEXU
R069924;18WR069924-123-S;RE-069924;ACTIU BERBEGAL Y FORMAS;1,9;Solar PV;NEXU;FFNEXU
R072271;18WR072271-123-K;RE-072271;EL ESTERO SOLAR;4,4;Solar PV;NEXU;FFNEXU
R072801;18WR072801-123-M;RE-072801;DISOLARFV PORTILLO;1,2;Solar PV;NEXU;FFNEXU
R073084;18WR073084-12--B;RE-073084;SOLCAT ENERGIA;1,2;Solar PV;NEXU;FFNEXU
R075266;18WR075266-123-0;RE-057266;FOTOVOLTAICA MADRIGAL;1,7;Solar PV;NEXU;FFNEXU
R075839;18WR075839-123-N;RE-075839;VEGASVER;2,5;Biogas;TRADB;TYTRDB
R100197;18WR100197-123-J;RE-100197;ACTIU BERBEGAL Y FORMAS;1,5;Solar PV;NEXU;FFNEXU
R100198;18WR100198-123-C;RE-100198;ACTIU BERBEGAL Y FORMAS;1,5;Solar PV;NEXU;FFNEXU
R100228;18WR100228-123-M;RE-100228;AGUAS DE VALLADOLID;1,3;Biogas;NEXU;RFNEXU
R100293;18WR100293-123-1;RE-100293;TABLEROS GARFER;3,6;Natural Gas Cogeneration;NEXU;TGARFER
R100336;18WR100336-123-J;RE-100336;GLORIA SOLAR, LTD;1,9;Solar PV;NEXU;FFNEXU
R100591;18WR100591-123-P;RE-100591;PARQUE ARAGON U.T.E;2,0;Solar PV;NEXU;FFNEXU
R101169;18WR101169-123-J;RE-110169;MONZINIMAN XXI;1,1;Solar PV;NEXU;FFNEXU
R101887;18WR101887-123-S;RE-101887;GESTION CUBIERTAS SOLARES;2,0;Solar PV;NEXU;FCABLDO
R102343;18WR102343-123-C;R102343;AAVYC GESTION 2000 SL;5,7;Solar PV;NEXU;FAAVYC
R102344;18WR102344-123-5;R102344;UF SOLAR RE-102344;4,9;Solar PV;NEXU;FAAVYC
R102793;18WR102793-123-A;RE-102793;FORMACION PARA LA PROYECCION;1,1;Solar PV;NEXU;FFNEXU
R103299;18WR103299-123-3;RE-103299;MONTESOLAICA X;5,0;Solar PV;NEXU;FFNEXU
R103347;18WR103347-123-B;RE-103347;INICIATIVAS SOLARES ANDALUZAS;1,8;Solar PV;NEXU;FFNEXU
R104077;18WR104077-123-4;RE-104077;SOLARPARK SPANIEN 16;1,2;Solar PV;NEXU;FFNEXU
R104208;18WR104208-123-Z;RE-104208;NET ENVIRONMENT;2,0;Solar PV;NEXU;FFNEXU
R104436;18WR104436-123-7;R104436;PARQUE SOLAR  VERILLEJA I;9,9;Solar PV;NEXU;FSCASTU
R104628;18WR104628-123-K;R104628;DESARROLLOS ENERGETICOS SOLARE;6,8;Solar PV;NEXU;FDESENE
R104679;18WR104679-123-A;RE-104679;RINGSTED PV XI;1,5;Solar PV;NEXU;FABACUS
R105284;18WR105284-123-Q;R105284;PARQUE SOLAR  VERILLEJA II;9,9;Solar PV;NEXU;FSCASTU
R105502;18WR105502-123-3;RE-105502;CARPIO FOTOVOLTAICA;3,4;Solar PV;NEXU;FFNEXU
R105666;18WR105666-123-T;RE-105666;ALINA SOLAR;1,8;Solar PV;NEXU;FFNEXU
R105667;18WR105667-123-M;RE-105667;ALINA SOLAR;1,7;Solar PV;NEXU;FFNEXU
R105788;18WR105788-123-R;RE-105788;AR ZORITA SOLAR;2,0;Solar PV;NEXU;FFNEXU
R105957;18WR105957-123-3;RE-105957;GRUPO SOLAR BASICO DELTA 2;1,6;Solar PV;NEXU;FFNEXU
R106094;18WR106094-123-Q;RE-106094;PROMOC. FOTOV. BETULA;7,4;Solar PV;NEXU;FBETULA
R106095;18WR106095-123-J;RE-106095;PROMOC. FOTOV. CASTANEA;2,0;Solar PV;NEXU;FCTANEA
R106096;18WR106096-123-C;RE-106096;PROMOC. FOTOV. CORYLUS;2,0;Solar PV;NEXU;FCRYLUS
R106097;18WR106097-123-5;RE-106097;PROMOCIONES FOT. FAGUS;1,4;Solar PV;NEXU;FPFAGUS
R10618;18W0000000009REB;RE106189;ISF DAGANZO;1,9;Solar PV;NEXU;FFNEXU
R106200;18WR106200-123-Y;RE-106200;C2C INVERPARK I;2,0;Solar PV;NEXU;FFNEXU
R106557;18WR106557-123-T;RE-106557;PROJECT GRIÑON;1,1;Solar PV;NEXU;FCLASA
R106912;18WR106912-123-N;RE-106912;BROTOS GESTIONA;1,0;Solar PV;NEXU;FFNEXU
R106990;18WR106990-123-A;RE-106990;PARQUE FOTOV. TARACENA;3,0;Solar PV;NEXU;FFNEXU
R107649;18W000000000M3GR;FV BANY16;FV BANYERES 1600;1,6;Solar PV;DREUA;FDREU07
R10776;18W0000000009RF9;RE107767;ISF MECO;2,0;Solar PV;NEXU;FFNEXU
R107768;18WR107768-123-N;RE-107768;CONSULTAS Y ASESORAMIENTOS;1,4;Solar PV;NEXU;FFNEXU
R107776;18WR107776-123-T;RE-10776;PUERTO REAL FV;1,5;Solar PV;NEXU;FFNEXU
R107928;18WR107928-123-0;R107928;ZARZA M SOLAR SLU;7,0;Solar PV;NEXU;FZARZMS
R108502;18WR108502-123-A;RE-108502;SAJA RENOVABLES;1,2;Solar PV;NEXU;FFNEXU
R108503;18WR108503-123-3;RE-108503;SAJA RENOVABLES;1,2;Solar PV;NEXU;FFNEXU
R109231;18WR109231-123-A;RE-109231;E. RENOV. DEL MAR MENOR;2,0;Solar PV;NEXU;FFNEXU
R109313;18WR109313-123-3;R109313;MONTILLA FOTOVOLTAICA;7,1;Solar PV;NEXU;FMONTFV
R109391;18WR109391-123-R;RE-109391;FOTOSOLARIUM 61;2,0;Solar PV;NEXU;FFNEXU
R109450;18WR109450-123-K;RE-109450;CANTILLANA FOTOVOLTAICA;3,7;Solar PV;NEXU;FFNEXU
R109455;18WR109455-123-M;RE-109455;VALFONDO DESARROLLOS;1,2;Solar PV;NEXU;FFNEXU
R109584;18WR109584-123-X;RE-109584;SAJA RENOVABLES;1,2;Solar PV;NEXU;FFNEXU
R109850;18WR109850-123-L;RE-109850;CUBIERTAS SOLARES PARKING VA;2,0;Solar PV;NEXU;FFNEXU
R109856;18WR109856-123-G;RE-109856;CUBIERTAS SOLARES MONTAJE VA;2,0;Solar PV;CYE;FFCYEES
R110022;18WR110022-123-Y;RE-110022;UNIBAIL RODAMCO INVERSIONES;1,0;Natural Gas Cogeneration;NEXU;TFNEXU
R110167;18WR110167-123-W;RE-110167;MONZINIMAN XXI;1,7;Solar PV;NEXU;FFNEXU
R110168;18WR110168-123-P;RE-110168;MONZINIMAN XXI;1,0;Solar PV;NEXU;FFNEXU
R110205;18WR110205-123-B;RE-110205;ISA EOLICAS;3,6;Solar PV;NEXU;FFNEXU
R110262;18WR110262-123-L;RE-110262;CUBIERTAS SOLARES PALENCIA 1;2,0;Solar PV;NEXU;FFNEXU
R110362;18WR110362-123-C;R110362;FV 2000 IKEA JEREZ;2,0;Solar PV;NEXU;FFNEXU
R110417;18WR110417-123-8;R110417;FOTOSOLARIUM 10 SL;6,3;Solar PV;NEXU;FSARIUM
R110718;18WR110718-123-B;RE-110718;ESF SPANIEN 0427;1,0;Solar PV;NEXU;FFNEXU
R110912;18W000000000SIV2;R110912;UF SOLAR R110912;2,0;Solar PV;NEXU;FCELEO
R110961;18WR110961-123-2;RE-110961;BECERRO SOLAR;2,8;Solar PV;NEXU;FFNEXU
R110986;18WR110986-123-P;R110986;IKEA VALLS DC 1;2,0;Solar PV;NEXU;FFNEXU
R110987;18WR110987-123-I;R110987;IKEA VALLS DC 2;2,0;Solar PV;NEXU;FFNEXU
R111020;18WR111020-123-1;R111020;FV IKEA MALAGA;2,0;Solar PV;NEXU;FFNEXU
R111158;18WR111158-123-N;RE-111158;MIRALBAIDA ENERGIA VIII;1,2;Solar PV;NEXU;FFNEXU
R111236;18WR111236-123-7;RE-111236;SOLNUEVE INFRAESTRUCTURAS;2,0;Solar PV;NEXU;FAIRM1
R111237;18WR111237-123-0;RE-111237;SOLNUEVE INFRAESTRUCTURAS;2,0;Solar PV;NEXU;FAIRM2
R111364;18W000000000APAL;RE-111364;FV MISTRAL;1,7;Solar PV;DREUA;F1DREUA
R111696;18W000000000IQNY;R111696;UF VILLENA;49,9;Solar thermal;NEXU;STVILLE
R11257;18W00000000073UM;R112578;ALCARREÑAS;1,1;Solar PV;NEXU;FYUNQUE
R11289;18W000000000G55U;R112890;FV FERNANDINA;45,8;Solar PV;NEXU;FFERNAN
R112946;18W000000000GKNN;R112946;GOYA1;33,0;Wonshore wind;EBLCO;EEBLCO1
R112947;18W000000000GKOL;R112947;GOYA3;33,0;Wonshore wind;EBLCO;EEBLCO2
R112948;18W000000000GKPJ;R112948;GOYA2;30,0;Wonshore wind;EBLCO;EEBLCO1
R112949;18W000000000GKQH;R112949;GOYA4;38,3;Wonshore wind;EBLCO;EEBLCO2
R112986;18W000000000GKRF;SENECA;SENECA;38,9;Solar PV;EBLCO;FEBLCO4
R113050;18W000000000H4Z6;R113050;PARQUE ELICO LA ESTANCIA;7,8;Wonshore wind;EBLCO;EEBLC11
R113081;18W000000000HJ0V;R113081;PARQUE ELICO CAACOLOMA;20,9;Wonshore wind;EBLCO;EEBLC13
R113082;18W000000000HIZ1;R113082;PARQUE ELICO EL SASO;17,5;Wonshore wind;EBLCO;EEBLC12
R113084;18W000000000HIW7;R113084;PARQUE ELICO SIERRA DE LUNA;17,5;Wonshore wind;EBLCO;EEBLC14
R113142;18W000000000IUW4;ESCALARETA;LA ESCALARETA II;23,6;Wonshore wind;EBLCO;EEBLC17
R113324;18W000000000KQF5;R113324;PE SOLIEDRA;21,0;Wonshore wind;IGNIS;UPSOLI
R113352;18W000000000L0E7;R113352;PE BARRAX NORTE-SUR;40,0;Wonshore wind;EBLCO;EEBLC19
R113371;18W000000000L8RV;R113371;CHINCHILLA DE MONTEARAGON;27,3;Wonshore wind;EBLCO;EEBLC20
R113993;18W000000000RITA;R113993;UF SOLAR TRUCHA;33,0;Solar PV;NEXU;FTRUCHA
R114294;18W000000000QCHJ;R114294;UF SOLAR MARPANI;42,2;Solar PV;NEXU;FMRPANI
R114575;18W000000000RJ1Q;R114575;UF SOLAR LENTISCO;5,0;Solar PV;NEXU;FLNTSCO
R114767;18W000000000RGE9;R114767;UF SOLAR ALYA;41,0;Solar PV;NEXU;FVALYA
R114792;18W000000000RIX2;R114792;UF SOLAR CAPILLA;42,0;Solar PV;NEXU;FCPILLA
R114799;18W000000000RIV6;R114799;UF SOLAR LAS MULAS;19,2;Solar PV;NEXU;FLMULAS
R114812;18W000000000RJ4K;R114812;UF SOLAR CALATRAVA 2;41,0;Solar PV;NEXU;FCTRAV2
R1O4580;18W000000000MHBW;RE-104580;UF SOLAR RE-104580;1,2;Solar PV;NEXU;FPHLIPS
R1O4581;18W000000000MH81;RE-104581;UF SOLAR RE-104581;2,0;Solar PV;NEXU;FFNEXU
R1O7032;18W000000000MHAY;RE-107032;UF SOLAR RE-107032;2,0;Solar PV;NEXU;FFNEXU
R436-29;18W000000000IQBL;R436-29;EOLICA EL REDONDAL;30,6;Wonshore wind;NEXU;EREDON
R63672;18W000000000MH73;RE-063672;UF SOLAR RE-063672;2,2;Solar PV;NEXU;FALBESA
R63984;18W000000000M16G;R63984;UF SOLAR HELIOS1;10,0;Solar PV;NEXU;FHELIO1
R66288;18W000000000M19A;HELIOS 2;UF SOLAR HELIOS2;10,0;Solar PV;NEXU;FHELIO2
R96F165;18WR96F165-123-4;RE-96F-165;LA ELECTRICA DE RIPOLL;1,0;Hydro non UGH;NEXU;HFNEXU
R96F343;18WR96F343-123-G;RE-96F-343;HIDROELECTRICA DEL GUADALOPE;2,8;Hydro non UGH;NEXU;HFNEXU
R97D339;18WR97D339-123-S;R97D339;SOLVAY II;42,0;Natural Gas Cogeneration;REPSB;TSOLVAY
R98D509;18WR98D509-123-N;RE-98D-509;MADERAS CAJARAVILLE, S.L;2,2;Oil products and coal;NEXU;TDNEXU
R99D578;18W000000000OIQS;R99D578;UF COG CHAPELA;2,9;Oil products and coal;NEXU;TCHAPEL
R99D579;18WR99D579-123-U;RE-99D-579;ECOWARM DE GALICIA, S.L;4,3;Oil products and coal;NEXU;TDNEXU
R99D631;18WR99D631-123-Z;RE-99D-631;KAUMAN, S.A;2,7;Oil products and coal;NEXU;TDNEXU
RABIA;18W-RABIA-448--M;RABIA;P.E. LA RABIA;21,7;Wonshore wind;GNCO;EGASNE0
RABIDA2;18WRABIDA2-123-A;RABIDA2;COGENERACION LA RABIDA II;49,4;Natural Gas Cogeneration;CEPSA;RABIDA2
RABINAL;18WRABINAL-12-ES;RABINAL;P. E. RABINALDO;9,0;Wonshore wind;HC G;HCGSCSA
RAC1;18WRAC1-12345-AA;RACIONER 1;RACIONEROS 1;1,1;Hydro UGH;ENDG;GDLQ
RAC2;18WRAC2-12345-A0;RACIONER 2;RACIONEROS 2;1,1;Hydro UGH;ENDG;GDLQ
RADONA1;18WRADONA1-123-U;PERADONA1;PARQUE EÓLICA RADONA 1;24,0;Wonshore wind;IBGES;EHIBGES
RADONA2;18WRADONA2-123-N;PERADONA2;PARQUE EÓLICA RADONA 2;32,0;Wonshore wind;IBGES;EHIBGES
RANCHOF;18W000000000RV3N;FGST145;FGST145;40,0;Solar PV;GESTE;FGST145
RANCHOV;18WRANCHO-VIEJOH;RANCHOV;P.E. RANCHO VIEJO;14,4;Wonshore wind;NEXU;ERANCHO
RBD1;18WRBD1-12345-AO;RIBADELA 1;RIBADELAGO 1;1,3;Hydro UGH;ENDG;TEES
RBD2;18WRBD2-12345-AE;RIBADELA 2;RIBADELAGO 2;11,3;Hydro UGH;ENDG;TEES
RBD3;18WRBD3-12345-A4;RIBADELA 3;RIBADELAGO 3;11,3;Hydro UGH;ENDG;TEES
RBD4;18WRBD4-12345-AV;RIBADELA 4;RIBADELAGO 4;11,3;Hydro UGH;ENDG;TEES
RBDLAGO;18W000000000T775;RBDLAGO;UF SOLAR RIBADELAGO;31,3;Solar PV;NEXU;FRBDLAG
RBE1;18WRBE1-12345-AD;RIBESALB 1;RIBESALBES 1;3,5;Hydro UGH;IBEG;JUCA
RBE2;18WRBE2-12345-A3;RIBESALB 2;RIBESALBES 2;3,5;Hydro UGH;IBEG;JUCA
RBSERA;18WRBSERA-123-E3;RBSERA;RBSERA;38,6;0;HC G;HIBSHA2
RCABELL;18WRCABELL-123-M;RCABELL;P. E. RINCON DEL CABELLO;40,0;Wonshore wind;EGED;EGREEN1
RCAFW;18W000000000QYLJ;RCAFW;RCAFW;5,1;Solar PV;GNRA;FVGNRA
RCH1;18W000000000RJD2;RCH1;LA ROCHA I;44,9;Wonshore wind;REPSB;EROCH
RCH2;18W000000000RG4T;ROCHA 2;ROCHA 2;35,0;Wonshore wind;REPSB;EROCH
RCONC01;18W000000000JGPJ;RCONSULT;RENOVAE ENERGY;2,0;Competitive suppliers;RCONS;RCONC01
RDGAC01;18W000000000SMSX;RDGAC01;COMERCIALIZADORA;0,0;Competitive suppliers;RDGCO;RDGAC01
RDQ1;18WRDQ1-12345-A5;R.DUQUE 1;RINCON DEL DUQUE 1;0,1;Hydro UGH;BARER;RDQ1
RDQ2;18WRDQ2-12345-AW;R.DUQUE 2;RINCON DEL DUQUE 2;0,1;Hydro UGH;BARER;RDQ2
RE-2220;18WRE-2220-123-O;RE-2220;LA MONTAÑESA;20,7;Sundry waste;NEXU;RTFTPZB
RE-3349;18WRE-3349-123-0;R003349;SARRIOPAPEL Y CELULOSA SA;7,2;Natural Gas Cogeneration;NEXU;TLEITZA
RE1213;18W000000000796F;RE001213;PE BAIX EBRE;4,0;Wonshore wind;NEXU;EPEBRE
RE1VER;18W000000000OUNZ;RE1VER;RE1VER;1,0;Competitive suppliers;ENDCO;ENDER01
RE2064;18W000000000MHCU;RE002064;UF EOLICA CARCELEN;49,6;Wonshore wind;NEXU;ECARCLN
RE2VER;18W000000000OUOX;RE2VER;RE2VER;1,0;Competitive suppliers;ENDCO;ENDER01
RE75875;18WRE75875-12--B;RE75875;ECOINVERSION EXTREMADURA 1 SL;9,9;Solar PV;NEXU;FECOEX1
RE75876;18WRE75876-123-T;RE75876;ECOINVERSION EXTREMADURA  2 SL;9,9;Solar PV;NEXU;FECOEX2
RE75877;18WRE75877-123-M;RE75877;ECOINVERSION EXTREMADURA 3 SL;9,9;Solar PV;NEXU;FECOEX3
RE96D28;18WRE96D28-123-F;RE-96D-28;RELCAMP, A.I.E;3,6;Natural Gas Cogeneration;DETIC;TRECKIT
REBDELO;18WREBDELO-12--W;REBDELO;P.E. PONTE REBORDELO;40,3;Wonshore wind;HC G;HCGSIHA
REBOLLA;18WREBOLLA-123-J;REBOLLA;P. E. REBOLLAR;4,9;Wonshore wind;MIRAS;EMIRASI
REC2;18WREC2-12345-AQ;RECAJO 2;RECAJO 2;1,3;Hydro UGH;ASIE;ASIEBRO
REC3;18WREC3-12345-AG;RECAJO 3;RECAJO 3;1,3;Hydro UGH;ASIE;ASIEBRO
RECOC0F;18W000000000QEZE;EMECE;EMECE ENERGIA COMERCIALIZADORA;2,0;Competitive suppliers;RECON;RECOC01
RECQUPO;18WRECQUPO-12-AQ;RE-001027;PROMOTORA DEL RECQUPO;1,8;Hydro non UGH;NEXU;HFNEXU
REFOYAS;18WREFOYAS-12-EO;REFOYAS;REFOYAS;49,5;Wonshore wind;MEDI;EMEDI
REG1;18WREG1-12345-AT;REGUEIRO 1;REGUEIRO (MAO) 1;14,3;Hydro UGH;GNFG;UFGC
REG2;18WREG2-12345-AJ;REGUEIRO 2;REGUEIRO (MAO) 2;14,3;Hydro UGH;GNFG;UFGC
REGANTE;18W000000000Q1EL;REGANTE;FV REGANTES SANTA MARIA;3,5;Solar PV;CEG;FREGANT
REHISAA;18WREHISAA-123-1;REHISAA;REHISAA;5,0;Hydro non UGH;RSPRA;HHRSPRA
RELECO;18W0000000001U89;RELECO;RELECO;4,7;Oil products and coal;CEG;TRELECO
RELUC01;18W000000000KAUN;UP_RELUZCA;U PROGRAMACION RELUZCA;2,0;Competitive suppliers;RELUZ;RELUC01
RELUMBR;18WPE-RELUMBRAR1;RELUMBR;P.E. EL RELUMBRAR;40,0;Wonshore wind;EGED;EGREEN1
REM1;18WREM1-12345-A0;REMOLINA 1;REMOLINA 1;41,8;Hydro UGH;REPSB;VIES
REM2;18WREM2-12345-AR;REMOLINA 2;REMOLINA 2;41,3;Hydro UGH;REPSB;VIES
REMIC01;18W0000000003V62;REMIC01;REMIC01;0,9;Competitive suppliers;REMIC;REMIC01
REMOLIN;18WREMOLIN-12-EZ;REMOLIN;P.E. PUNTAZA DE REMOLINOS;11,7;Wonshore wind;HC G;HCGSIH2
RENDIJA;18WRENDIJA-123-3;RENDIJA;RENDIJA;1,5;Biogas;NEXU;RRENDIJ
RENEDO;18W000000000QKC5;RENEDO;UF SOLAR RENEDO;25,9;Solar PV;NEXU;FRENEDO
RENOVL2;18W000000000PMA7;RENOVL2;RENOVL2;95,1;Solar PV;CEG;FYREN2
RENUC01;18W000000000S9XP;RENUC01;RENU ENERGY;0,0;Competitive suppliers;RENUE;RENUC01
REPC01;18W000000000F0XU;REPC01;REPC01;18,5;Market direct consumption;REPSB;REPC01
REPEC01;18W00000000075I3;REPEC01;REPEC01;295,9;Market direct consumption;REPP;REPEC01
REPFOTV;18W000000000O68Q;UP FYFUTGR;UP FOTOVOLTAICA FUTURA GREEN;1,0;Solar PV;INER1;REPFOTV
REPPLL;18WREPPLL-123-D6;REPPLL;REPSOL P. PUERTOLLANO;84,0;Oil products and coal;REPP;REPPLL
REPR;18WREPR-12345-A3;REPRIMALA;REPRIMALA;0,3;Hydro UGH;BARER;REPR
REPRC01;18W000000000CQMN;REPRC01;REPRC01;86,0;Market direct consumption;REPP;REPRC01
REQUEI;18WREQUEI-123-EU;REQUEI;PARQUE EÓLICO REQUEIXO;10,5;Wonshore wind;EGLE;ESOMERS
REQUEIX;18W000000000ATQE;REQUEIXO;CH REQUEIXO;3,0;Hydro non UGH;ECYR;HEGPE
RERERSA;18W000000000JYP2;RERERSA;RERERSA;1,0;Competitive suppliers;ENDCO;ENDER01
RESONAC;18W000000000TZZD;RESONAC;RESONAC;1,0;Competitive suppliers;EDPCL;EDPCR01
RESTANO;18W000000000RJW1;CHRESTANO;CHRESTANO;14,4;Hydro non UGH;CEG;HALTANO
RETAL1;18W000000000S2UF;RETAL1;RETAL1;1,0;Competitive suppliers;ENDCO;ENDER01
RETAM;18W000000000SDUJ;RETAM;RETAM;5,0;Solar PV;CEG;FRETA
RETAMA;18W000000000IBVQ;RETAMA;UF SOLAR RETAMA;1,8;Solar PV;NEXU;FAZARA
RETAMAR;18W000000000SJIP;FV-RETAMAR;PROYECTO FOTOVOLTAICO I;3,0;Solar PV;ELEIA;FV_RETA
RETORNO;18W000000000S72J;RETORNO;RETORNO;1,3;Hydro non UGH;DETIC;HYINDIG
RETUE;18WRETUE-12345-L;RETUE;P.E. LA RETUERTA;38,0;Wonshore wind;IBGES;EHIBGES
REUBAL1;18W000000000SKEU;REUBAL1;REUBAL1;1,0;Competitive suppliers;BNPRU;UPBONPR
REUCON2;18W000000000SKFS;REUCON2;REUCON2;1,0;Competitive suppliers;BNPRU;UPBONPR
REUSC01;18W000000000NOC5;REUSC01;REUSC01;0,4;Competitive suppliers;REUSS;REUSC01
REVENTO;18WREVENTO-123-F;REVENTO;P.E.LOS REVENTONES;34,0;Wonshore wind;IBGES;EHIBGES
REVERTE;18WREVERTE-123-C;REVERTE;REVERTE;13,4;Natural Gas Cogeneration;NEXU;TTFTREN
REVILLA;18W000000000N1IP;REVILLA;FV REVILLA-VALLEJERA;72,9;0;IBGES;FBIREHV
REY1;18W000000000U51J;REY1;UFI SOLAR REY1;81,7;Solar PV;NEXU;FSLREY1
REY2;18W000000000U52H;REY2;UFI SOLAR REY2;81,7;Solar PV;NEXU;FSLREY2
REY3;18W000000000U53F;REY3;UFI SOLAR REY3;81,7;Solar PV;NEXU;FSLREY3
REY4;18W000000000U54D;REY4;UFI SOLAR REY4;81,7;Solar PV;NEXU;FSLREY4
REYSC01;18W-REYSC01-5--N;REYSC01;REYSC01;0,1;Competitive suppliers;REYSE;REYSC01
RIALB-1;18WCH-RIALB-1--D;RIALB1;RIALB-1;5,9;Hydro non UGH;EGED;HESEGR2
RIALB-2;18WCH-RIALB-2--9;RIALB-2;C.H.RIALB 2;24,7;Hydro non UGH;EGED;HESEGR2
RIALBB;18W000000000TPSK;PS RIALB;PS RIALB;2,7;Solar PV;EPYM;EYPPV4
RIALP;18W000000000GP57;RIALP;CH RIALP;1,2;Hydro non UGH;NEXU;HFNEXU
RIBE;18WRIBE-12345-AH;RIBERAGATA;RIBERA DE GATA;0,5;Hydro UGH;IBEG;TAJO
RIBOTA;18W000000000RKGU;CHRIBOTA;CHRIBOTA;3,2;Hydro non UGH;CEG;HMINI
RIBPELL;18WRIBPELL-123-L;RIBPELL;RIBPELL;1,2;Biomass;DETIC;RFDETIC
RIC1;18WRIC1-12345-AP;RICOBAYO 1;RICOBAYO 1;42,4;Hydro UGH;IBEG;DUER
RIC2;18WRIC2-12345-AF;RICOBAYO 2;RICOBAYO 2;44,0;Hydro UGH;IBEG;DUER
RIC21;18WRIC21-1234-AZ;RICOBA II1;RICOBAYO 220 TM1/15;153,0;Hydro UGH;IBEG;DUER
RIC3;18WRIC3-12345-A5;RICOBAYO 3;RICOBAYO 3;41,9;Hydro UGH;IBEG;DUER
RIC4;18WRIC4-12345-AW;RICOBAYO 4;RICOBAYO 4;45,1;Hydro UGH;IBEG;DUER
RIE1;18WRIE1-12345-A3;RIERA 1;LA RIERA 1;2,5;Hydro UGH;HC G;HCHI
RIE2;18WRIE2-12345-AU;RIERA 2;LA RIERA 2;2,5;Hydro UGH;HC G;HCHI
RIE3;18WRIE3-12345-AK;RIERA 3;LA RIERA 3;2,5;Hydro UGH;HC G;HCHI
RINCO;18W000000000SDPT;RINCO;RINCO;5,0;Solar PV;CEG;FRINCO
RINCON;18WRINCON-1234-6;RINCON;18WRINCON-1234-6;8,0;Wonshore wind;IGNIS;ESAV
RINF;18W000000000NPYW;RINF;RINF;1,0;Solar PV;GNRA;FVGNRA
RIO;18W000000000QIZ2;RIOANTI;ELCTRICA RO ANTIGUO;4,0;Hydro non UGH;LMER;RIOANTI
RIO1;18WRIO1-12345-A4;RIOSCURO 1;RIOSCURO 1;7,6;Hydro UGH;ENDG;SBEU
RIO2;18WRIO2-12345-AV;RIOSCURO 2;RIOSCURO 2;7,5;Hydro UGH;ENDG;SBEU
RIOBOO;18WRIOBOO-123--C;RIOBOO;P.E.RIOBOO;20,8;Wonshore wind;EGED;EPBUIO1
RIOE2;18W000000000Q0O4;RIO EBRO 2;RIO EBRO 2;23,1;0;NEXU;EHIBRI2
RIOE2A;18W000000000Q0Q0;RIOE2A;RIO EBRO 2 AMPLIACION;35,8;0;NEXU;EHIBRIO
RITCB;18W000000000RGSI;RITCB;RITCB;7,5;Solar PV;GNRA;FVGNRA
RIV1;18WRIV1-12345-A1;RIVERA ;RIVERA;1,1;Hydro UGH;ENDG;EBRACC1
RIVAC01;18W0000000006XRG;RIVAC01;RIVAC01;1.411,3;Market direct consumption;RIVAS;RIVAC01
RIVAV01;18W000000000INYL;UP RIVAV01;UP RIVAVACIAMADRID VENTA;0,4;Solar PV;RIVAS;RIVAV01
RIXRAB;18W000000000LUFQ;R;UF SOLAR RIXIRABA;12,0;Solar PV;NEXU;FRIXRAB
RMNEXU;18W0000000005KAJ;RPIBCUR;IB CUR  ( TERMICA RENOVABLE, P;0,2;Biomass;NEXU;RMNEXU
RMU1;18WRMU1-12345-A1;RIOMUERT 1;RIO MUERTO 1;0,1;Hydro UGH;BARER;RMU1
RMU2;18WRMU2-12345-AS;RIOMUERT 2;RIO MUERTO 2;0,1;Hydro UGH;IBEG;JUCA
RNSAC01;18W000000000T2D8;RNSAC01;RNSAC01;13,1;Market direct consumption;GEMSL;RNSAC01
ROALA;18WROALA-12345-E;ROALABOTA;P. E. ROALABOTA;28,0;Wonshore wind;WMARK;EFWMARK
ROBLA3;18W000000000MBBD;ROBLA3;ROBLA3;5,0;Solar PV;INTRA;INTRE02
ROBLA5;18W000000000MB9H;ROBLA5;ROBLA5;5,0;Solar PV;INTRA;INTRE02
ROBLEDO;18W000000000PXIW;ROBLEDO;PARQUE FV ROBLEDO;1,2;Solar PV;EBLCO;FFIRSTW
ROBRES;18WROBRES-1234-3;ROBRES;P.E.ROBRES;24,0;Wonshore wind;CEG;EEOBRO
ROCERIA;18W000000000U1C9;ROCERIA;UF SOLAR CARROCERIAS;2,0;Solar PV;NEXU;FRCERIA
ROCGU;18W000000000QZCY;ROCGU;ROCGU;3,2;Solar PV;GNRA;FVGNRA
ROCIO;18W000000000RM91;ROCIO;FOTOVOLTAICA ROCIO;24,6;Solar PV;METEN;METEV06
RODAL;18WRODAL-12345-T;RODAL;P. E. EL RODAL;4,5;Wonshore wind;MIRAS;EMIRASI
RODEO;18W000000000TMYH;RODEO;UF SOLAR EL RODEO;5,0;Solar PV;NEXU;FRODEO
RODERA;18WRODERA-1234-R;RODERA;P.E. RODERA ALTA;34,0;Wonshore wind;EGLE;ERALTA
RODILLA;18WRODILLA-12-EU;RODILLA;P.E. MONASTERIO DE RODILLA;11,4;Wonshore wind;HC G;EBRUJUL
RODNO;18W000000000QXT6;RODNO;RODNO;1,2;Solar PV;GNRA;FVGNRA
ROFEC01;18W-ROFEC01-8--W;ROFEC01;ROFEICA ENERGIA, S.L.;1,5;Competitive suppliers;ROFEN;ROFEC01
ROFENF;18WROFENF-1234-1;ROFENF;ROFEICA ENERGIA SA;9,1;Oil products and coal;ROFEN;ROFENV1
ROJEA;18W000000000O6WF;ROJEA;ROJEA;2,0;Solar PV;GNRA;FVGNRA
ROLDANA;18W-ROLDANA-3--O;PEÑAROLDAN;P.E. PEÑAROLDANA;35,2;Wonshore wind;GNCO;EGASNE0
ROME;18W000000000SP6V;ROME;ROME;14,4;Wonshore wind;REPSB;EROME
ROMERAL;18WROMERAL-12-E2;ROMERAL;P.E. SIERRA DEL ROMERAL;31,4;Wonshore wind;IBGES;EHIBGES
ROMPI;18W000000000JJ4F;ROMPI;ROMPI;3,0;Solar PV;GNRA;FVGNRA
ROMS1;18W000000000IVFZ;ROMS1;ROMERALES 1;49,3;Wonshore wind;REPSB;EREPSOL
ROMS2;18W000000000IVGX;ROMS2;ROMERALES 2;49,4;Wonshore wind;REPSB;EREPSOL
RON1;18WRON1-12345-AH;RONDA 1;RONDA 1;1,1;Hydro UGH;ENDG;GDLQ
RON2;18WRON2-12345-A7;RONDA 2;RONDA 2;1,1;Hydro UGH;ENDG;GDLQ
RONDC01;18W-RONDC01-5--A;RONDA;RONDA;4,0;Competitive suppliers;RONDA;RONDC01
ROQUET;18W000000000S2VD;ROQUET;ROQUET;1,0;Competitive suppliers;ENDCO;ENDER01
ROSARIT;18WROSARIT-123-M;CH ROSARIT;C.HIDRAULICA ROSARITO;4,9;Hydro non UGH;ECYR;HEGPE
ROTOND1;18W000000000PR8X;ROTO1;ROTON1;17,5;Solar PV;GNRA;FROTON1
ROTOND2;18W000000000PRAT;ROTD2;ROTOND2;17,5;Solar PV;GNRA;FROTON2
ROTOND3;18W000000000PRCP;ROTND3;ROTOND3;34,5;Solar PV;GNRA;FROTON3
ROZADIO;18WROZADIO-12-AM;ROZADIO;ROZADIO;12,6;Hydro non UGH;EGED;HENANSA
ROZAS;18W000000000T2TD;ROZAS;ROZAS;31,5;Solar PV;CEG;FROZAS
ROZASV;18WROZASV-123-AB;ROZASV;ROZASV;6,3;Hydro non UGH;ASIE;HFASIE
RPAME;18W-RPAME-693--4;RYAME;RYAME;3,0;Biogas;AME;RPAME
RPCABAN;18WRPCABAN-12--4;RPCABANM;RPCABANME;0,3;Biogas;LMER;RPCABAN
RPCART2;18WRPCART2-123-S;RPCART2;REPSOL CARTAGENA2;39,9;Natural Gas Cogeneration;REPP;TRPCAR2
RPEEXXI;18W-RPEEXXI-1--2;RPEEXXI;END CUR  ( TERMICA RENOVABLE,;0,7;Biomass;EEXXI;RPEEXXI
RPEONUR;18W-RPEONUR-5--H;RPEONUR;E.ON CUR ( TERMICA RENOVABLE,;0,0;Biomass;EONUR;RPEONUR
RPHCCUR;18W-RPHCCUR-6--V;RPHCCUR;HC CUR ( TERMICA RENOVABLE, PR;0,0;Biomass;HCCUR;RPHCCUR
RPIBCUR;18W-RPIBCUR-5--Y;RPIBCUR;IB CUR  ( TERMICA RENOVABLE, P;1,0;Biogas;IBCUR;RPIBCUR
RPSQC01;18W000000000TQPN;RPSQC01;RPSQC01;615,0;Market direct consumption;REPQ;RPSQC01
RPTRTAR;18WRPTRTAR-12-DL;RPTRTAR;REPSOL PET. TARRAGONA;85,1;Natural Gas Cogeneration;REPP;RPTRTAR
RRBIOCO;18W-RRBIOCO-6--Q;RTYLMER;TÉRMICA RENOVABLE;1,3;Biogas;LMER;RRBIOCO
RRJ1;18WRRJ1-12345-AP;RIBARROJ 1;RIBARROJA 1;64,7;Hydro UGH;ENDG;EBRFEN
RRJ2;18WRRJ2-12345-AF;RIBARROJ 2;RIBARROJA 2;64,7;Hydro UGH;ENDG;EBRFEN
RRJ3;18WRRJ3-12345-A5;RIBARROJ 3;RIBARROJA 3;64,7;Hydro UGH;ENDG;EBRFEN
RRJ4;18WRRJ4-12345-AW;RIBARROJ 4;RIBARROJA 4;64,7;Hydro UGH;ENDG;EBRFEN
RSPAC01;18W000000000SK5B;RSPAC01;RSPAC01;0,0;Competitive suppliers;RESPA;RSPAC01
RSPEC01;18W0000000005ABA;RSPEC01;RSPEC01;1,0;Competitive suppliers;RSPRE;RSPEC01
RSPRC01;18W-RSPRC01-7--Y;RSPRC01;RSPRC01;0,2;Competitive suppliers;RSPRA;RSPRC01
RTCEASA;18WRTCEASA-123-8;RTCEASA;BIOMASA CEASA NAVIA;36,6;Biomass;CEASA;RCEASA
RTDPN;18W000000000RRVG;RTDPN;RTDPN;41,2;Solar PV;GNRA;UPRTD
RTS1;18WRTS1-123456-E;RTS1;RENOV RTS1 CASA DEL ANGEL;1,2;Solar PV;CEG;FRTS1
RTTPN;18W000000000RRYA;RTTPN;RTTPN;41,2;Solar PV;GNRA;UPRTT
RTUPN;18W000000000RS01;RTUPN;RTUPN;41,2;Solar PV;GNRA;UPRTU
RUBIO2;18WRUBIO2-1234-S;RUBIO2;PE.SERRA DE RUBIO II;25,5;Wonshore wind;EGED;EGREEN
RUEDO;18WRUEDO-1234-EP;RUEDO;P. E. EL RUEDO;16,0;Wonshore wind;EGED;EGREEN
RUGUI;18W000000000OU5Y;RUGUI;RUGUI;1,0;Competitive suppliers;ENDCO;ENDER01
RUIDE;18W000000000RK1N;CHRUIDERA;CHRUIDERA;1,2;Hydro non UGH;CEG;HALTANO
RUMBLAR;18WRUMBLAR-123-R;RUMBLAR;18WRUMBLAR-123-R;1,9;Hydro non UGH;EGLE;HRUMBLA
RUNA;18WRUNA-12345-EW;RUNA;P.E. A RUÑA;24,6;Wonshore wind;EGED;ERUNAG
RUSANDO;18W000000000U2X1;RUSANDO;UF SOLAR RUSANDO;2,0;Solar PV;NEXU;FRUSNDO
RYCEG;18W-RYCEG-651--6;RYCEG;RYCEG;2,4;Biogas;CEG;RYCEG
RYEEXXI;18W-RYEEXXI-8--N;RYEEXXI;END CUR  ( TARIFA, TERMICA REN;6,9;Biomass;EEXXI;RYEEXXI
RYEGLE;18W-RYEGLE-54--1;RYEGLE;RYEGLE;0,4;Biogas;EGLE;RYEGLE
RYEONUR;18W-RYEONUR-1--8;RYEONUR;E.ON CUR ( TARIFA, TERMICA REN;0,0;Biomass;EONUR;RYEONUR
RYGENER;18W-RYGENER-8--E;TÉRMI. REN;UNIDAD PROGRAMACIÓN TÉRMICA RE;0,7;Biogas;ADXRE;RYGENER
RYGESTE;18W-RYGESTE-5--X;RYGESTE;RYGESTE;1,8;Biogas;GESTE;RYGESTE
RYGNRA;18W-RYGNRA-68--P;RYGNRA;GNRA(RENOV,TARIFA,NO EXENTO);12,1;Biogas;GNRA;RYGNRA
RYGNSUR;18W-RYGNSUR-2--R;RYGNSUR;GN SUR SDG ( TARIFA, TERMICA R;0,0;Biomass;GNSUR;RYGNSUR
RYHCCUR;18W-RYHCCUR-9--V;RYHCCUR;HC CUR ( TARIFA, TERMICA RENOV;0,0;Biomass;HCCUR;RYHCCUR
RYIBCUR;18W-RYIBCUR-6--5;RYIBCUR;IB CUR  ( TARIFA, TERMICA RENO;19,3;Biogas;IBCUR;RYIBCUR
RYNEXU;18W-RYNEXU-62--K;RYNEXU;NEXU(COGENERACION ALTA EFICIEN;4,2;Biogas;NEXU;RYNEXU
RYWMARK;18W-RYWMARK-6--U;FYEONUR;E.ON CUR ( TARIFA, FOTOVOLTAIC;0,0;Biogas;WMARK;RYWMARK
SA11;18WSA11-12345-A7;SAUCEL I 1;SAUCELLE I 1;62,0;Hydro UGH;IBEG;DUER
SA12;18WSA12-12345-AY;SAUCEL I 2;SAUCELLE I 2;63,3;Hydro UGH;IBEG;DUER
SA13;18WSA13-12345-AO;SAUCEL I 3;SAUCELLE I 3;62,2;Hydro UGH;IBEG;DUER
SA14;18WSA14-12345-AE;SAUCEL I 4;SAUCELLE I 4;62,2;Hydro UGH;IBEG;DUER
SA21;18WSA21-12345-AX;SAUCE II 1;SAUCELLE II 1;136,1;Hydro UGH;IBEG;DUER
SA22;18WSA22-12345-AN;SAUCE II 2;SAUCELLE II 2;135,7;Hydro UGH;IBEG;DUER
SAAREJ;18W000000000TVDW;SAAREJ;SAAREJ;1,0;Competitive suppliers;SHELL;SESAR01
SABINA;18WSABINA-1234-F;SABINA;P.E. SABUBA;48,0;Wonshore wind;IBGES;EHIBGES
SABUCED;18WSABUCED-12--B;SABUCED;P.E.SABUCEDO;13,2;Wonshore wind;EGLE;EMORRA
SACIMP;18W000000000MGZO;SACIMP;UF SACRO IMPERIO;2,3;Solar PV;NEXU;FSACIMP
SADRIAN;18WSADRIAN-123-Q;SADRIAN;P. E. SAN ADRIAN;4,0;Wonshore wind;MIRAS;EMIRASI
SAECB01;18W000000000QPKB;SAECB01;SAECB01;5,0;Solar PV;GNRA;FVGNRA
SAECB02;18W000000000QPL9;SAECB02;SAECB02;5,0;Solar PV;GNRA;FVGNRA
SAECH;18WSAECH-12345-4;SAHECHORES;C.H. SAHECHORES;20,2;Hydro non UGH;GNRA;HSAECH
SAFEC01;18W000000000UCZ4;TODOS;SUSTAINING AIR FOR EVERYONE;0,6;Competitive suppliers;SAFE;SAFEC01
SAG1;18WSAG1-12345-AR;S.AGUSTI 1;SAN AGUSTIN 1;31,0;Hydro UGH;ENDG;SBEU
SAG2;18WSAG2-12345-AH;S.AGUSTI 2;SAN AGUSTIN 2;31,8;Hydro UGH;ENDG;SBEU
SAGO1;18WSAGO1-12345-6;SAGO1;SASTAGO-I;2,9;Hydro non UGH;EBLCO;HGDF01
SAGO2;18WSAGO2-12345-Y;SAGO2;SASTAGO-II;16,4;Hydro non UGH;EBLCO;HGDF01
SAGU1;18WSAGU1-1234-CC;SAGU1;CC SAGUNTO GRUPO 1;409,7;Combined Cycle GT;GNCC;SAGU1
SAGU2;18WSAGU2-1234-C3;SAGU2;CC SAGUNTO GRUPO 2;411,8;Combined Cycle GT;GNCC;SAGU2
SAGU3;18WSAGU3-1234-CV;SAGU3;CC SAGUNTO GRUPO 3;410,6;Combined Cycle GT;GNCC;SAGU3
SAHKC01;18W000000000SK4D;SAHKOA PEN;SAHKOA PEN;0,1;Competitive suppliers;SAHKO;SAHKC01
SAICA1;18WSAICA1-123-DQ;SAICA1;SAICA1;49,3;Natural Gas Cogeneration;EGLE;SAICA1
SAICA2;18WSAICA2-123-DI;SAICA2;SAICA2;46,9;Natural Gas Cogeneration;EGLE;SAICA2
SAICA3;18WSAICA3-123-DA;SAICA3;SAICA3;46,5;Natural Gas Cogeneration;EGLE;SAICA3
SAICA4;18WSAICA4-123-D2;SAICA4;SAICA4;46,5;Natural Gas Cogeneration;EGLE;SAICA4
SAIMC01;18W000000000RGRK;SAIMC01;SAIMC01;2,0;Market direct consumption;SAIMP;SAIMC01
SAJ1;18WSAJ1-12345-AV;ALBENTOS 1;ALBENTOSA 1 (S. AGUSTIN-JUCAR);5,9;Hydro UGH;IBEG;JUCA
SAJ2;18WSAJ2-12345-AL;ALBENTOS 2;ALBENTOSA 2 (S. AGUSTIN-JUCAR);5,9;Hydro UGH;IBEG;JUCA
SAL1;18WSAL1-12345-A9;SALAS ;SALAS;52,8;Hydro UGH;GNFG;UFGC
SALAJON;18WSALAJON-12-E6;SALAJON;P. E. SALAJONES;19,1;Wonshore wind;EGED;EGREEN
SALANAN;18W0000000001U6D;SALANAN;SALANAN;7,1;Oil products and coal;CEG;TSALIA
SALB;18WSALB-12345-AK;S.ALBUREZ;SOTO ALBUREZ;0,2;Hydro UGH;ASIE;ASIDUE
SALI;18WSALI-12345-AO;SALINAS ;SALINAS;2,3;Hydro UGH;ENDG;EBRACC1
SALINAS;18W000000000QPVQ;SLINAS;SALINAS;25,5;Solar PV;GNRA;FSLINAS
SALLENF;18WSALLENF-12-AD;SALLENT;SALLENT;11,3;Hydro non UGH;EGED;HEALTOG
SALLENT;18W000000000QSVH;SALLENTG;SALLENTG;2,8;Hydro non UGH;RSPRA;HHRSPRA
SALOBRA;18W000000000HTQN;SALOBRAL;SALOBRAL;38,0;Solar PV;HISPE;FSALOB
SALONI;18W000000000NL4U;SALONI;UF SALONI;4,4;Natural Gas Cogeneration;NEXU;TSALONI
SALPC01;18W0000000004SNA;SALAS_UP;ELECTRICA_SALAS_UP;0,7;Competitive suppliers;SALPA;SALPC01
SALVADO;18WSALVADO-123-D;SALVADO;18WSALVADO-123-D;1,0;Hydro non UGH;EGLE;HVADOC
SAMAC01;18W000000000RYNB;SAMAC01;SAMAC01;0,0;Competitive suppliers;SAMAR;SAMAC01
SAMFW;18W000000000P342;SAMFW;SAMFW;2,0;Solar PV;GNRA;FVGNRA
SAMPC01;18W-SAMPC01-7--9;SAMPC01;SAMPC01;2,0;Competitive suppliers;SAMP;SAMPC01
SAMPOL;18WSAMPOL-123-DA;SAMPOL;SAMPOL;33,0;Natural Gas Cogeneration;SAMP;TFSAMP
SAN1;18WSAN1-12345-AO;SANGUESA;SANGUESA;0,6;Hydro UGH;BARER;SAN1
SANAGU;18W000000000GOFR;SANAGU;PE SAN AGUSTIN;34,6;Wonshore wind;GNCO;EGASNE2
SANBLA;18W000000000GOGP;SANBLA;PE SAN BLAS;39,6;Wonshore wind;GNCO;EGASNE2
SANGIL;18WSANGIL-1234-8;P.E.SANGI;P.E. SAN GIL;36,0;Wonshore wind;GNCO;EGASNE1
SANIC;18W000000000FGGG;SANIC;SANIC;1,8;Solar PV;GNRA;FVGNRA
SANJOSE;18WSANJOSE-123-9;SANJOSE;18WSANJOSE-123-9;1,5;Wonshore wind;EGLE;EUEUZA
SANMIGD;18W000000000T42O;FV SAN MIG;FV SAN MIGUEL D;33,2;Solar PV;WMARK;FVSANMI
SANPE;18W000000000RKEY;SANPE;SANPE;1,8;Hydro non UGH;CEG;HMINI
SANPEDR;18W000000000PXKS;SANPEDR;PARQUE FV PEÑAS DE SAN PEDRO;1,3;Solar PV;EBLCO;FFIRSTW
SANPONS;18WSANPONS-123-2;SANPONS;18WSANPONS-123-2;2,0;Hydro non UGH;EGLE;HHICAG
SANROCC;18W000000000SS1W;CABEZO;CABE;23,2;Wonshore wind;RENSP;REROQUE
SANSO;18WSANSO-12345-F;SANSO;PL SOLAR TERMELÉCTRICA PS 10;11,0;Solar thermal;EGLE;STSANSO
SANT;18WSANT-12345-A3;S.ANTOLIN;SAN ANTOLIN;0,3;Hydro UGH;IBEG;EBRA
SANTAC;18WSANTAC-123-AF;SANTAC;SANTACARA-CAPARROSO;5,0;Hydro non UGH;EGED;HFEGED
SANTAO;18W000000000NQT2;SANTAO;SANTAO;1,8;Solar PV;RSPRA;FFRSPRA
SANTONI;18W000000000N9KY;SANTONI;FV SAN ANTONIO;38,0;Solar PV;IBGES;FIBGEMS
SANVAL1;18W000000000TU88;SANVAL1;UF SOLAR SAN VALENTIN 1;14,0;Solar PV;NEXU;FSANVAL
SAPIC01;18W000000000M2IQ;SAPIENS;SAPIENS UNIDAD COMPRA;0,1;Competitive suppliers;SAPIE;SAPIC01
SAPLANO;18WSAPLANO-12-E8;SAPLANO;P.E. SASO PLANO (UNIFICADO);39,2;Wonshore wind;ECYR;EREGPEM
SAPRELO;18W000000000S13Z;GSTV153;GSTV153;1,4;Solar PV;GESTE;FGST153
SARDA;18W000000000LF0R;SARDA;UF SARDA;1,6;Solar PV;NEXU;FSARDA
SARGENT;18WSARGENT-123-K;SARGENT;PARQUE EOLICO SARGENTES;24,0;Wonshore wind;EGLE;ELBOGA
SARGUIL;18W000000000RD33;SARGUIL;PARQUE EOLICO LA SARGUILLA;1,6;Wonshore wind;WMARK;EFWMARK
SARIA1;18W000000000S2WB;SARIA1;SARIA1;1,0;Competitive suppliers;ENDCO;ENDER01
SARIA2;18W000000000S2X9;SARIA2;SARIA2;1,0;Competitive suppliers;ENDCO;ENDER01
SARIA3;18W000000000S2Y7;SARIA3;SARIA3;1,0;Competitive suppliers;ENDCO;ENDER01
SARIA4;18W000000000S2Z5;SARIA4;SARIA4;1,0;Competitive suppliers;ENDCO;ENDER01
SARIA5;18W000000000S30Z;SARIA5;SARIA5;1,0;Competitive suppliers;ENDCO;ENDER01
SARRAF;18WSARRAF-123-A4;LA SARRA;LA SARRA;24,0;Hydro non UGH;EGED;HEGEDGS
SARRI2;18WSARRI2-1234-6;SARRI2;CH SARRIA 2;4,7;Hydro non UGH;SHELL;SESAHID
SARRIA1;18WSARRIA1-123-Q;SARRIA1;CH SARRIA1;6,3;Hydro non UGH;SHELL;SESAHID
SARRIA3;18WSARRIA3-123-C;SARRIA3;CH SARRIA 3;2,9;Hydro non UGH;SHELL;SESAHID
SARTAG;18WSARTAG-123-AD;SARTAG;SARTAGUDA;4,6;Hydro non UGH;EGED;HFEGED
SASDOI;18W000000000G1JE;SASDOI;18W000000000G1JE;9,9;Wonshore wind;HISPE;EESTELO
SASDON;18W000000000G1AW;SASDONI;18W000000000G1AW;18,0;Wonshore wind;HISPE;ESASDON
SASOL2;18W000000000O76R;SASOL2;SASOL2;3,4;Solar PV;GNRA;FVGNRA
SASTA;18WSASTA-12345-2;SASTAGO;SASTAGO;1,5;Natural Gas Cogeneration;GEMSL;TYESYF
SATIR;18W000000000QYU1;SATIR;SATIR;1,1;Solar PV;GNRA;FVGNRA
SATSC01;18W000000000HUKW;SATSC01;SATSC01;1,5;Market direct consumption;SATSP;SATSC01
SAU1;18WSAU1-12345-AL;SAU 1;SAU 1;27,5;Hydro UGH;ENDG;TERE
SAU2;18WSAU2-12345-AB;SAU 2;SAU 2;27,5;Hydro UGH;ENDG;TERE
SAUAL;18W000000000QY7A;SAUAL;SAUAL;2,9;Solar PV;GNRA;FVGNRA
SAUCI;18WSAUCI-12345-4;SAUCI;P.E. EL SAUCITO;30,2;Wonshore wind;IBGES;EHIBGES
SAVA;18W000000000O39X;SAVA;UF SAVA;15,0;Natural Gas Cogeneration;COGEN;TSAVA
SAVALLA;18WSAVALLA-123-B;SAVALLA;SAVALLA;20,0;Wonshore wind;IBGES;EHIBGES
SBAIA;18WSBAIA-1234-AZ;SBAIA;18WSBAIA-1234-AZ;1,4;Hydro non UGH;EGLE;HCOHIG
SBAR1;18W000000000P9KQ;SBAR1;SAN BARTOLOME 1;49,4;Wonshore wind;REPSB;ECMTA
SBAR2;18W000000000P9LO;SBAR2;SAN BARTOLOME 2;49,0;Wonshore wind;REPSB;ECMTA
SBC01;18W000000000QXKO;SBC01;SBC01;0,9;Market direct consumption;SASKI;SBC01
SBN1;18WSBN1-12345-AC;SABIÑANI 1;SABIÑANIGO GR. 1;3,3;Hydro UGH;ENDG;EBRACC1
SBN2;18WSBN2-12345-A2;SABIÑANI 2;SABIÑANIGO GR. 2;3,3;Hydro UGH;ENDG;EBRACC1
SBO3;18WSBO3-12345-CE;SBO3;CC SABON GRUPO 3;391,3;Combined Cycle GT;GNCC;SBO3
SBR1;18WSBR1-12345-A5;SOBRON 1;SOBRON 1;13,5;Hydro UGH;IBEG;EBRA
SBR2;18WSBR2-12345-AW;SOBRON 2;SOBRON 2;14,2;Hydro UGH;IBEG;EBRA
SBURGO;18WSBURGO-123-EA;SBURGO;P.E. SERRA DO BURGO  Y AMPL;27,2;Wonshore wind;IBGES;EHIBGES
SCALONA;18W000000000MCIX;SCLNA;ESCALONA;17,3;Solar PV;GESTE;FSCALNA
SCHRM;18W000000000TEW8;SCHRM;SCHRM;0,9;Solar PV;GNRA;FVGNRA
SCL1;18WSCL1-12345-AM;S.CLODIO ;SAN CLODIO;19,5;Hydro UGH;IBEG;SIL
SCO122;18W000000000TKP4;SCO122;SCO122;70,6;Solar PV;SOLRC;FSCO122
SCR1;18WSCR1-12345-AU;S.CRISTO 1;SAN CRISTOBAL 1;6,0;Hydro UGH;IBEG;SIL
SCR2;18WSCR2-12345-AK;S.CRISTO 2;SAN CRISTOBAL 2;6,3;Hydro UGH;IBEG;SIL
SCRAL;18W000000000FGHE;SCRAL;SCRAL;4,5;Solar PV;GNRA;FVGNRA
SCRUC01;18W000000000SW94;SCRUC01;SCRUC01;43,0;Market direct consumption;ADXRE;SCRUC01
SCX2;18WSCX2-12345-AS;S.CALIXT 2;SAN CALIXTO 2;0,2;Hydro UGH;ENDG;GDLQ
SCX3;18WSCX3-12345-AI;S.CALIXT 3;SAN CALIXTO 3;0,5;Hydro UGH;ENDG;GDLQ
SCZ1;18W000000000SVZT;SCZ1;SCZ1;18,0;Wonshore wind;REPSB;ECINCAG
SCZ2;18W000000000SW1K;SCZ2;SCZ2;14,9;Wonshore wind;REPSB;ECINCAG
SCZ3;18W000000000SW2I;SCZ3;SCZ3;24,4;Wonshore wind;REPSB;ECINCA
SCZ4;18W000000000SPFD;SCZ4;SCZ4;24,4;Wonshore wind;REPSB;ECINCA
SCZA;18W000000000SW0M;SCZA;SCZA;11,9;Wonshore wind;REPSB;ECINCAG
SDDLUNA;18W000000000F5WH;SDDLUNA;PE DOMINGO LUNA;29,8;Wonshore wind;ECYR;EREGPES
SDGOMIL;18W0000000000INJ;SDGOMIL;SALTO DEL GOMIL;9,0;Hydro non UGH;WMARK;HFWMARK
SDNFW;18W000000000QZ77;SDNFW;SDNFW;1,5;Solar PV;GNRA;FVGNRA
SDPANDA;18WSDPANDA-12-EW;SDPANDA;P.E. SERRA DA PANDA;18,4;Wonshore wind;IBGES;EHIBGES
SDPENAS;18W000000000F5PV;S D PENAS;PE SERRA DAS PENAS;42,0;Wonshore wind;ECYR;EEGPES
SEAT01;18W000000000J1XB;SEAT01;SEAT SOL 1;2,0;Solar PV;INTRA;INTRE02
SEAT02;18W000000000J1Y9;SEAT02;SEAT SOL 2;2,0;Solar PV;INTRA;INTRE02
SEAT03;18W000000000J1Z7;SEAT03;SEAT SOL 3;2,0;Solar PV;INTRA;INTRE02
SEAT04;18W000000000J200;SEAT04;SEAT SOL 4;2,0;Solar PV;INTRA;INTRE02
SEAT05;18W000000000J21Z;SEAT05;SEAT SOL 5;1,8;Solar PV;INTRA;INTRE02
SEAT06;18W000000000U1X4;SEAT06;UF SEAT 06;0,8;Solar PV;INTRA;INTRE02
SEB1;18WSEB1-12345-AY;S.SEBAST 1;SAN SEBASTIAN 1;8,8;Hydro UGH;ENDG;SBEU
SEB2;18WSEB2-12345-AO;S.SEBAST 2;SAN SEBASTIAN 2;8,8;Hydro UGH;ENDG;SBEU
SECOCP3;18W000000000R7V2;SECOBCP3;EXPORT UNIT SECOB;100,0;Import France;SECOB;SECOCP3
SECOVP3;18W000000000R7W0;SECOBVP3;IMPORT UNIT SECOB;100,0;Export France;SECOB;SECOVP3
SECPCX1;18W000000000QXJQ;PORGENC;PORT_GEN_CMPRA;9.999,0;Porfolio;SECOB;SECPCX1
SECPVX1;18W000000000QXHU;PORGENV;PORT_GEN_VNTA;9.999,0;Porfolio;SECOB;SECPVX1
SEDAC01;18W000000000HWRC;SEDAC01;SEDAC01;10,1;Market direct consumption;SEDAT;SEDAC01
SEDOPU;18W000000000GB3G;SEDOPU;P E SERRA DO PUNAGO;39,5;Wonshore wind;GNCO;EGASN2U
SEELC01;18W000000000RLCZ;SEELC01;COMERCIALIZADORA SHEEN;0,0;Competitive suppliers;SHEEN;SEELC01
SEFOM;18W000000000JJ87;SEFOM;SEFOM;1,5;Solar PV;GNRA;FVGNRA
SEFRAN;18W000000000OGN3;SEFRAN;SEFRAN;1,0;Natural Gas Cogeneration;DETIC;COGSEFR
SEG1;18W000000000RR4X;SEGURA1;SEGURA1;28,6;Wonshore wind;REPSB;ESEG
SEG2;18W000000000RR3Z;SEGURA2;SEGURA2;48,9;Wonshore wind;REPSB;ESEG
SEGADE;18WSEGADE-123-A6;SEGADE;18WSEGADE-123-A6;8,1;Hydro non UGH;EGLE;HCOHIG
SEGREDA;18WSEGREDA-123-B;SEGREDA;PE EL SEGREDAL;36,0;Wonshore wind;IBGES;EHIBGES
SEI1;18WSEI1-12345-AV;SEIRA 1;SEIRA 1;8,7;Hydro UGH;ENDG;EBRACC2
SEI2;18WSEI2-12345-AL;SEIRA 2;SEIRA 2;8,6;Hydro UGH;ENDG;EBRACC2
SEI3;18WSEI3-12345-AB;SEIRA 3;SEIRA 3;19,0;Hydro UGH;ENDG;EBRACC2
SELVA;18WSELVA-1234--T;SELVA;SELVA;33,0;Wonshore wind;EGED;EGREEN
SEN1;18WSEN1-12345-AD;SENET 1;SENET 1;4,2;Hydro UGH;ENDG;EBRFEN
SEN2;18WSEN2-12345-A3;SENET 2;SENET 2;4,2;Hydro UGH;ENDG;EBRFEN
SENEC01;18W000000000KFZZ;SENEC01;SENEC01;1,0;Competitive suppliers;SENEO;SENEC01
SEPIOLS;18WSEPIOLS-123-I;SEPIOL;SEPIOLSA;5,2;Natural Gas Cogeneration;AME;TSEPIOL
SEQUINO;18W000000000RYP7;SEQUINO;SEQUINO;49,9;Solar PV;CEG;FSEQUIN
SERRA;18W000000000RX2J;SERRA;LA SERRA;2,3;Solar PV;SOMEN;SENFV1
SERRA1;18W000000000N5HF;SERRA1;SERRA1;1,3;Hydro non UGH;RSPRA;HHRSPRA
SERRADO;18W000000000QCWQ;SERRADO;SERRADO;2,3;Hydro non UGH;EGED;HESERRA
SERRAL;18WSERRAL-123-EB;SERRAL;SERRAL;19,5;Wonshore wind;CEG;EECAB
SERRANA;18W000000000M04N;SERRANA;UF SOLAR LA SERRANA;5,5;Solar PV;NEXU;FSRRANA
SERRANO;18W000000000U4OD;SERRANO;PSFV SERRANO;4,0;Solar PV;EGLE;FCONTR8
SERRE;18W000000000SX1H;SERRE;SERRE;6,0;Solar PV;GNRA;UPSERRE
SERRET;18W000000000NWOV;SERRET;SERRET;1,3;Solar PV;GNRA;FVGNRA
SERRETA;18WSERRETA-12-E3;SERRETA;P. E. SERRETA;49,5;Wonshore wind;IGNIS;UPEBRO
SERRZLA;18W000000000MXVI;S;UF SOLAR SERRZLA;4,6;Solar PV;NEXU;FSERRZL
SERVAN3;18W000000000P407;SRVN3;SERVAN3;41,6;Solar PV;GESTE;FSERVN3
SERVAN4;18W000000000P423;SRVN4;SERVAN4;41,6;Solar PV;GESTE;FSERVN4
SERVAN5;18W000000000P45Y;SERVN5;SERVAN5;41,6;Solar PV;GESTE;FSERVN5
SERVC0F;18W000000000QWJT;SERV PEN;SERV PEN;1,0;Competitive suppliers;SERVC;SERVC01
SERVIKE;18WSERVIKE-123-Q;SERVIKE;SERVIKER 1;14,2;Natural Gas Cogeneration;EGLE;TSERVI
SERXXI;18WSERXXI-1234-5;SERXXI;SERREZUELA SOLAR XXI SL;10,0;Solar PV;NEXU;FSERXXI
SESAAG;18W000000000TVLG;SESAAG;SESAAG;1,0;Competitive suppliers;SHELL;SESAR01
SESAC01;18W-SESAC01-1--R;SESAC01;SESAC01;0,0;Competitive suppliers;SHELL;SESAC01
SESAG;18W000000000JJ79;SESAG;SESAG;1,8;Solar PV;GNRA;FVGNRA
SESAN;18W000000000MSJK;SESAN;SESAN;39,6;Solar PV;GNRA;FVSESAN
SESAUX;18W000000000PMU4;AUXILIAR;CONSUMO AUXILIAR;10,0;Aux. Svcs. Consumption;SHELL;SESAUX
SESENTA;18W000000000IRY9;SESENTA;PSF HAZAS DE LAS SESENTA;39,8;Solar PV;EGLE;FNARGS
SESFV;18W000000000G1RZ;SESFV;SESFV;1,6;Solar PV;GNRA;SESOL
SESTEB;18WSESTEB-123-EO;SESTEB;P.E. SAN ESTEBAN;30,4;Wonshore wind;EGED;EGREEN
SESTEB2;18WSESTEB2-12-EO;SESTEB2;P.E. SAN ESTABAN FASE 2;42,0;Wonshore wind;EGED;EGREEN
SESUEF;18WSESUEF-123-AR;SESUE;SESUE;36,0;Hydro non UGH;EGED;HEGEDGS
SEVILA;18W000000000GEUR;SEVILLA;UF FV SEVILLA;33,2;Solar PV;NEXU;FSEVILL
SEXTC01;18W000000000A8MB;SEXTC01;SEXTC01;33,7;Market direct consumption;SEXTS;SEXTC01
SFA1;18WSFA1-12345-AX;S.FAUSTO 1;SAN FAUSTO 1;0,7;Hydro UGH;BARER;SFA1
SFA2;18WSFA2-12345-AN;S.FAUSTO 2;SAN FAUSTO 2;1,7;Hydro UGH;BARER;SFA2
SFADCA1;18W-SFADCA1-1--P;SFADCA1;SFADCA1;1,5;Competitive suppliers;SFAD;SFADCA1
SFBORJA;18W000000000F68P;SFBORJA;PE FRANCISCO BORJA;23,2;Wonshore wind;ECYR;EREGPES
SFERNAN;18W000000000RCYI;SABFER;INSTSANFER;5,0;Hydro non UGH;GESTE;HSFERND
SFRAV;18W000000000S64I;SFRAV;SFRAV;2,5;Solar PV;GNRA;UPSFR
SGAVI;18WSGAVI-1234-EO;SGAVI;P.E. SIERRA DE LOS GAVILANES;22,5;Wonshore wind;IBGES;EHIBGES
SGREGO;18WSGREGO-123-E2;SGREGO;SGREGO;15,0;Wonshore wind;CEG;EECAB
SGTOL;18W000000000L29B;SGTOL;SGTOL;1,0;Solar PV;GNRA;FVGNRA
SGU1;18WSGU1-12345-AN;S.AUGUST 1;SAN AUGUSTO 1;0,9;Hydro UGH;ENDG;GDLQ
SGU2;18WSGU2-12345-AD;S.AUGUST 2;SAN AUGUSTO 2;0,9;Hydro UGH;ENDG;GDLQ
SGU3;18WSGU3-12345-A3;S.AUGUST 3;SAN AUGUSTO 3;0,5;Hydro UGH;ENDG;GDLQ
SHEECP3;18W-SHEECP3-3--E;SHEECP3;SHEEN EXP. ENER. FRANCIA CD;0,0;Import France;SHEEN;SHEECP3
SHEENX;18W000000000PULZ;AUXILIARES;CONSUMOS AUXILIARES;10,0;Aux. Svcs. Consumption;SHEEN;SHEENX
SHEEVP3;18W-SHEEVP3-2--E;SHEEVP3;SHEEN EXP. ENER. FRANCIA CD;500,0;Export France;SHEEN;SHEEVP3
SIA;18WSIA-123456-EZ;SIA;SIA;29,7;Wonshore wind;GNCO;EFPART
SIBARC;18W000000000TSMN;SIBARC;SIBARC;1,0;Competitive suppliers;ENDCO;ENDER01
SIBARI;18W000000000TSNL;SIBARI;SIBARI;1,0;Competitive suppliers;ENDCO;ENDER01
SIBERIA;18WSIBERIA-123-S;SIBERIA;PARQUE SOLAR FOTOVOLTAICA SIBE;10,0;Solar PV;NEXU;FSIBERI
SIBOQUE;18WSIBOQUE-12-EH;SIBOQUE;P. E. SIERRA DEL BOQUERÓN;22,0;Wonshore wind;HC G;HCGEORS
SIBRAVA;18W000000000IYJI;SIBRAVA;FV SIERRA BRAVA;0,9;Solar PV;EGED;FFEGED
SICABRE;18WSICABRE-12-E9;SICABRE;P.E. SIERRA CABRERA;20,4;Wonshore wind;WMARK;EFWMARK
SICDC;18W000000000LJVR;SICDC;SICDC;1,1;Solar PV;GNRA;FVGNRA
SICORT;18WSICORT-123-EF;SICORT;P.E. SIERRA DEL CORTADO;18,4;Wonshore wind;ECYR;EREGPEM
SICOST;18W000000000F604;PE SICOST1;SIERRA COSTERA I;48,9;Wonshore wind;ECYR;EEGPES
SICOST2;18WPESCOSTERA2-V;SICOST2;P.E.SIERRA COSTERA II;40,8;Wonshore wind;ECYR;EREGPES
SIEBUEY;18WSIEBUEY-12-ET;SIEBUEY;SIERRA DEL BUEY;19,5;Wonshore wind;IBGES;EHIBGES
SIEMINI;18WSIEMINI-123-B;SIEMINI;SIERRA MINISTRA;42,0;Wonshore wind;EGLE;ESIEMIN
SIEOLIV;18WSIEOLIV-12-E6;SIEOLIV;SIEOLIV;30,0;Wonshore wind;GNCO;EGASNE0
SIERQUE;18WSIERQUE-12-ES;SIERQUE;P.E. SIERRA QUEMADA;26,2;Wonshore wind;IBGES;EHIBGES
SIERRAS;18WSIERRAS-123-P;SIERRAS;SIERRAS;24,5;Oil products and coal;DETIC;DPDETIC
SIERRO;18WSIERRO-123-E3;SIERRO;P.E. SIERRO;19,5;Wonshore wind;IBGES;EHIBGES
SIESESN;18WSIESESN-123-N;SIESESN;SIERRA SESNÁNDEZ;20,0;Wonshore wind;GNCO;EGASNE0
SIGCB;18W000000000RWV1;SIGCB;SIGCB;3,0;Solar PV;GNRA;UPSIG
SIGLOS;18WSIGLOS-1234-E;SIGLOS;P.E. LOS SIGLOS;27,2;Wonshore wind;HISPE;RWESZN
SIGMA;18W000000000LQKS;SIGMA;SIGMA;24,1;Solar PV;HISPE;FSIGMA
SIGNC01;18W000000000K2LS;SIGNO;SIGNO;0,1;Competitive suppliers;SIGNO;SIGNC01
SIGNIS7;18W000000000M08F;UF IGNIS7;UF SF IGNI GENERACION SOLAR;6,7;Solar PV;IGNIS;IGNIS7
SIL1;18WSIL1-12345-AO;SILVON 1;SILVON 1;40,3;Hydro UGH;REPSB;VIES
SIL2;18WSIL2-12345-AE;SILVON 2;SILVON 2;41,2;Hydro UGH;REPSB;VIES
SILAN;18WSILAN-1234-E7;SILAN;P.E: SILAN;13,2;Wonshore wind;EGED;EFEGEL1
SILLONE;18WSILLONE-12-EB;SILLONE;P.E. LOS SILLONES;16,1;Wonshore wind;EGED;ECEGRG
SILOC01;18W0000000008Z2F;SILOC01;SILOC01;0,1;Market direct consumption;SILOS;SILOC01
SILVRRE;18WSILVRRE-12-E0;SILVRRE;SILVRRE;16,9;Wonshore wind;GNCO;EGASNE0
SIMADI;18WSIMADI-123-E0;SIMADI;P.E. SIERRA MADERO I;14,8;Wonshore wind;ECYR;EREGPEM
SIMENE1;18WSIERRAMENERAL;SIMENE1;P.E. SIERRA MENERA I;40,0;Wonshore wind;IBGES;EHIBGES
SIMPV01;18W000000000F7I2;FYGNRA;FYGNRA;0,7;Solar PV;SIMPE;SIMPV01
SININDI;18WSININDI-123-O;SININDI;PE SINGULAR INDITEX;0,8;Wonshore wind;WMARK;EFWMARK
SIPLA;18W000000000JJEW;SIPLA;SIPLA;1,9;Solar PV;GNRA;FVGNRA
SIRIU5;18W000000000QZA1;SIRIU5;SIRIU5;1,8;Solar PV;GNRA;FVGNRA
SIRIU9;18W000000000QZ4D;SIRIU9;SIRIU9;1,7;Solar PV;GNRA;FVGNRA
SIRUSA;18WSIRUSA-12345A;SIRUSA;MANCOMUNIDAD DE INCINERACIÓN;7,4;Household and similar wastes;SIRUS;TSIRUS
SIRUSFV;18W000000000MP3O;SIRIUS;FVSIRIUS;41,5;Solar PV;GESTE;FSIRIUS
SIS1;18W000000000RGBF;SANIS1;SAN ISISDRO 1;47,9;Wonshore wind;REPSB;ECINCA
SIS2;18W000000000SP7T;SIS2;SIS2;14,9;Wonshore wind;REPSB;ECINCAG
SISEGU;18W000000000TH98;SISEGU;SIFON DEL SEGURA;1,7;Hydro non UGH;EGLE;HESDIG
SISTRAL;18WSISTRAL-12-EU;SISTRAL ;SISTRAL;8,5;Wonshore wind;EGED;EGREEN
SIVENTA;18W000000000PUH6;SIVENTA;PE SIERRA DE LA VENTA;47,4;Wonshore wind;HC G;HCGSCSA
SIZCO;18WSIZCO-1234-E9;SIZCO;P. E. SIERRA DE IZCO;33,0;Wonshore wind;EGED;EGREEN
SJN1;18WSJN1-12345-AR;S.JUAN 1;SAN JUAN 1;19,0;Hydro UGH;GNFG;UFTA
SJN2;18WSJN2-12345-AH;S.JUAN 2;SAN JUAN 2;19,8;Hydro UGH;GNFG;UFTA
SJORGE;18W000000000PVTG;SJORGE;UF SOLAR SAN JORGE;21,2;Solar PV;NEXU;FSJORGE
SJS1;18WSJS1-12345-A9;S.JOSE 1;SAN JOSE 1;0,2;Hydro UGH;IBEG;EBRA
SJS2;18WSJS2-12345--L;S.JOSE 2;SAN JOSE 2;0,2;Hydro UGH;IBEG;EBRA
SJT1;18WSJT1-12345-AZ;S.J.TORAN;SAN JUAN TORAN;13,0;Hydro UGH;ENDG;EBRFEN
SJUBAR;18WSJUBAR-123-EU;SJUBAR;P. E. SAN JUAN DE BARGAS;44,8;Wonshore wind;HC G;HCGSIHA
SLALD;18W000000000FFBT;SLALD;SLALD;1,8;Solar PV;GNRA;FVGNRA
SLCZC01;18W000000000UEZZ;SLCZC01;SLCZC01;0,0;Competitive suppliers;SLCZN;SLCZC01
SLM1;18WSLM1-12345-AE;SALIME 1;SALIME 1;39,4;Hydro UGH;HC G;HCHI
SLM2;18WSLM2-12345-A4;SALIME 2;SALIME 2;39,2;Hydro UGH;HC G;HCHI
SLM3;18WSLM3-12345-AV;SALIME 3;SALIME 3;40,3;Hydro UGH;ENDG;TEES
SLM4;18WSLM4-12345-AL;SALIME 4;SALIME 4;38,2;Hydro UGH;ENDG;TEES
SLNVB;18W000000000T09M;SLNVB;SLNVB;17,5;Solar PV;GNRA;UPSLN
SLPRO;18WSLPRO-12345-J;SLPRO;PS20;20,0;Solar thermal;EGLE;STSLPRO
SLQUISA;18WSLQUISA-12-DM;SLQUISA;S.A. SULQUISA;14,8;Natural Gas Cogeneration;AME;TSLQ
SLT1;18WSLT1-12345-F1;SALLENT 1G;ESTANGENTO-SALLENTE G1 GENERAC;109,8;Turbine pumping;ENDG;SLTG
SLT1B;18WSLT1B-12345-J;SALLENT 1B;ESTANGENTO-SALLENTE G1 BOMBEO;100,0;Pump consumption;ENDG;SLTB
SLT2;18WSLT2-12345-FS;SALLENT 2G;ESTANGENTO-SALLENTE G2 GENERAC;109,8;Turbine pumping;ENDG;SLTG
SLT2B;18WSLT2B-12345-9;SALLENT 2B;ESTANGENTO-SALLENTE G2 BOMBEO;100,0;Pump consumption;ENDG;SLTB
SLT3;18WSLT3-12345-FI;SALLENT 3G;ESTANGENTO-SALLENTE G3 GENERAC;109,8;Turbine pumping;ENDG;SLTG
SLT3B;18WSLT3B--1234-V;SALLENT 3B;ESTANGENTO-SALLENTE G3 BOMBEO;100,0;Pump consumption;ENDG;SLTB
SLT4;18WSLT4-12345-F8;SALLENT 4G;ESTANGENTO-SALLENTE G4 GENERAC;109,8;Turbine pumping;ENDG;SLTG
SLT4B;18WSLT4B-12345-Q;SALLENT 4B;ESTANGENTO-SALLENTE G4 BOMBEO;100,0;Pump consumption;ENDG;SLTB
SMA1;18WSMA1-12345-AN;S.MARINA 1;SANTA MARINA 1;10,5;Hydro UGH;ENDG;SBEU
SMA2;18WSMA2-12345-AD;S.MARINA 2;SANTA MARINA 2;10,1;Hydro UGH;ENDG;SBEU
SMA3;18WSMA3-12345-A3;S.MARINA 3;SANTA MARINA 3;13,9;Hydro UGH;ENDG;SBEU
SMAFW;18W000000000QH5S;SMAFW;SMAFW;4,5;Solar PV;GNRA;FVGNRA
SMARCP3;18W000000000TPLY;SMAR_C;SMARD_COMPRA;10,0;Import France;SMARC;SMARCP3
SMARVP3;18W000000000TPI3;SMARV;SMARD-VENTA;10,0;Export France;SMARC;SMARVP3
SMAT;18WSMAT-12345-A2;SANMATEU;SAN MATEO;0,5;Hydro UGH;ENDG;EBRACC1
SMBARDA;18WSMBARDA-12-E5;SMBARDA;18WSMBARDA-12-E5;3,0;Wonshore wind;IGNIS;UPOUBAS
SMGCP3;18W-SMGCP3-21--O;SMGCP3;SMGCP3;300,0;Import France;SMG;SMGCP3
SMGVP3;18W-SMGVP3-41--S;SMGVP3;SMGVP3;300,0;Export France;SMG;SMGVP3
SMI1;18WSMI1-12345-A9;S.MIGUEL 1;SAN MIGUEL 1;0,2;Hydro UGH;IBEG;SIL
SMI2;18WSMI2-12345--L;S.MIGUEL 2;SAN MIGUEL 2;0,3;Hydro UGH;IBEG;SIL
SMIRA;18WSMIRA-1234-ED;SMIRA;P.E. SIERRA DE MIRA;38,2;Wonshore wind;IBGES;EHIBGES
SMONZON;18WSMONZON-123-H;SMONZON;COGEN. EN SALES DE MONZON;14,3;Natural Gas Cogeneration;DETIC;COGSMON
SMPINO;18WSMPINO-123-A5;SMPINO;SMPINO;2,1;Hydro non UGH;IBGES;HFIBGES
SMU1;18WSMU1-12345-AP;S.MAURI 1;S. MAURI 1;5,0;Hydro UGH;ENDG;EBRFEN
SMU2;18WSMU2-12345-AF;S.MAURI.2;S. MAURI 2;4,8;Hydro UGH;ENDG;EBRFEN
SMU3;18WSMU3-12345-A5;S.MAURI 3;S. MAURI 3;5,1;Hydro UGH;ENDG;EBRFEN
SMULA;18W000000000F3CQ;UF MULA;UNIDAD FISICA SOLAR MULA;392,8;Solar PV;EGLE;SIGMU
SNABRIA;18W000000000T783;SNABRIA;UF SOLAR SANABRIA;37,0;Solar PV;NEXU;FSNBRIA
SNGUES;18W0000000004RHP;SANGUESA N;SANGUESA NAVARRA;8,2;0;WMARK;HIBSANG
SNIAC01;18W-SNIAC01-6--8;SNIACONS;SNIACONS;4,5;Market direct consumption;SNIA;SNIAC01
SNICOG;18WSNICOG-123-DV;SNIACE COG;SNIACE COGENERADOR;84,1;Natural Gas Cogeneration;COGEN;SNICOG
SNRAPAZ;18W000000000SS2U;SNRAPAZ;SNRAPAZ;14,0;Solar PV;HC G;HCGFVSA
SOB1;18WSOB1-12345-AP;SOBRADEL 1;SOBRADELO 1;22,6;Hydro UGH;IBEG;SIL
SOB2;18WSOB2-12345-AF;SOBRADEL 2;SOBRADELO 2;21,6;Hydro UGH;IBEG;SIL
SOCAL;18W000000000QYGT;SOCAL;SOCAL;1,6;Solar PV;GNRA;FVGNRA
SOCAS;18W000000000JNPZ;SOCAS;SOCAS;1,2;Solar PV;GNRA;FVGNRA
SOCED;18W000000000P3WK;SOCED;SOCED;1,7;Solar PV;GAC;FOGAC
SOCO2;18W000000000TIXV;SOCO2;SOCO2;25,6;Solar PV;CEG;FSOCO2
SOECC01;18W000000000POR4;SF ENERGY;SECONF FOUNDATION ENERGY;1,0;Competitive suppliers;SECOB;SOECC01
SOFCB;18W000000000QP70;SOFCB;SOFCB;1,6;Solar PV;GNRA;FVGNRA
SOGAMA1;18WSOGAMA1-12-DN;SOGAMA1;P.TERMOEL.APROV.R.S.U. SOGAMA;50,0;Household and similar wastes;WMARK;RSOGAM
SOGAMA2;18WSOGAMA2-12-DG;SOGAMA2;P.GEN. BIOGASA SOGAMA;3,6;Biogas;WMARK;RSOGBI
SOL1;18WSOL1-12345-AQ;SOLVENTE 1;EL SOLVENTE 1;0,8;Hydro UGH;IBEG;JUCA
SOL2;18WSOL2-12345-AG;SOLVENTE 2;EL SOLVENTE 2;2,1;Hydro UGH;BARER;SOL2
SOLABE1;18WSOLABE1-123-E;SOLABE1;SOLABEN ELECTRICIDAD UNO;50,0;Solar thermal;EGLE;STSOLB1
SOLABE2;18WSOLABE2-123-7;SOLABEN 2;SOLABEN 2;50,0;Solar thermal;EGLE;STSOLB2
SOLABE3;18WSOLABE3-123-0;SOLABEN3;SOLABEN ELECTRICIDAD TRES;50,0;Solar thermal;EGLE;STSOLB3
SOLABE6;18WSOLABE6-123-G;SOLABEN6;SOLABEN TERMOSOLAR 6;50,0;Solar thermal;EGLE;STSOLB6
SOLACO1;18WSOLACO1-12--B;SOLACOR1;SOLACOR1;50,0;Solar thermal;EGLE;STSOLA1
SOLACO2;18WSOLACO2-123-T;SOLACOR2;SOLACOR2;50,0;Solar thermal;EGLE;STSOLA2
SOLANA;18WPE-LA-SOLANAT;SOLANA;P. E. LA SOLANA;44,2;Wonshore wind;EGED;EGREEN
SOLANG;18W000000000EZOL;SOLANGE;NAT SOLAR ALANGE;9,1;Solar PV;CEG;FSOLANG
SOLANS;18W000000000PLLP;PE SOLANS;PARQUE EOLICO SOLANS;44,0;Wonshore wind;EBLCO;ESOLANS
SOLARGE;18W000000000Q57N;SOLARGE;SOLARGE;7,0;Solar PV;CEG;FSOLARG
SOLARPL;18W000000000MHQ2;SOLARPL;SOLARPL;1,5;Solar PV;NEXU;FPLAZA
SOLFC01;18W000000000QE34;SOLFC01;COMPRA COMERCIALIZADORA;1,0;Competitive suppliers;SOLFL;SOLFC01
SOLGEN;18W000000000SLER;SOLGENERAF;SOLGENERA FISICA;3,5;Solar PV;TRISO;SOLGEN
SOLIC01;18W000000000UGV0;PENIN;PENIN;1,0;Competitive suppliers;SOLIM;SOLIC01
SOLIVA;18WSOLIVA-123-EK;SOLIVA;P.E. SIERRA DE LA OLIVA;46,8;Wonshore wind;IBGES;EHIBGES
SOLLANA;18W000000000QMS4;SOLLANA;UF SOLAR SOLLANA;1,2;Solar PV;NEXU;FSOLLAN
SOLLC01;18W-SOLLC01-0--3;SOLLC01;SOLLC01;0,3;Competitive suppliers;SOLL;SOLLC01
SOLMURC;18W000000000PVH3;SOLMURCIA;UF SOLAR VERGELES SOLARES;3,3;Solar PV;NEXU;FSMURC
SOLN1;18WSOLN1-12345-F;SOLN1;SOLNOVA ELECTRICIDAD;50,0;Solar thermal;EGLE;STSOLN1
SOLN3;18WSOLN3-12345-Y;SOLN3;SOLNOVA ELECTRICIDAD TRES;50,0;Solar thermal;EGLE;STSOLN3
SOLN4;18WSOLN4-12345-P;SOLN4;SOLNOVA ELECTRICIDAD CUATRO;50,0;Solar thermal;EGLE;STSOLN4
SOLNOC1;18W000000000PT4Z;SOLNOC1;UF SOLAR SOLNOCTIS3;1,8;Solar PV;NEXU;FSLNOC1
SOLREF;18W000000000M0OK;SOLREF;SOLREF;2,1;Solar PV;GNRA;SOLRED
SOLTC01;18W000000000QBO8;SOLTC01;SOLTC01;0,1;Competitive suppliers;SOLTE;SOLTC01
SOLUTEX;18WSOLUTEX-123-K;SOLUTEX;SOLUTEX;1,0;Natural Gas Cogeneration;DETIC;TCHPAGR
SOLVAY1;18WSOLVAY1-12-D7;SOLVAY1;SOLVAY I;47,0;Oil products and coal;REPSB;TSOLVAI
SOLVAYM;18WSOLVAYM-123-O;SOLVAYM;SOLVAYM;21,0;Natural Gas Cogeneration;EBLCO;SOLVAYM
SOLWC01;18W000000000KCLZ;SOLWE;SOLWE ENERGIA;0,2;Competitive suppliers;SOLWE;SOLWC01
SOLWEJU;18W000000000SK0L;SOLWE JUND;SOLWE JUNDESOL;0,9;Solar PV;SOLWE;SOLWEJU
SOLWESO;18W000000000SJZS;FYNEXU;FYNEXU;0,9;Solar PV;SOLWE;SOLWESO
SOLYVIE;18W000000000JGG0;SOLYVIENTO;UF SOLAR MAYOR DE 1MW;1,8;Solar PV;NEXU;FVIENTO
SOMBRIO;18WSOMBRIO-123-Q;SOMBRIO;P.E. EL SOMBRIO;28,0;Wonshore wind;IBGES;EHIBGES
SOMEC01;18W-SOMEC01-1--F;SOMENERGIA;SOMENERGIA;200,0;Competitive suppliers;SOMEN;SOMEC01
SOMENFV;18W000000000RL6A;FYLAUEI;FYLAUEI;10,7;Solar PV;SOMEN;SOMENFV
SOMLLA;18W000000000SUIT;SOMLLA;SOMLLA;3,2;Solar PV;GNRA;UPLLA
SOMOLIN;18WSOMOLIN-12-ED;PE SOMOLIN;P.E.SOMOLINOS;10,5;Wonshore wind;IBGES;EHIBGES
SOMRE_F;18W000000000FKW9;FYLAUEI;FYLAUEI;7,2;Solar PV;SOMRE;SOMRE_F
SOMRE_H;18W000000000GH4X;HYEEXXI;END CUR  ( TARIFA, HIDRÁULICA,;1,8;Hydro non UGH;SOMRE;SOMRE_H
SONAC;18W000000000JJ95;SONAC;SONAC;1,8;Solar PV;GNRA;FVGNRA
SONCA;18W000000000JNM4;SONCA;SONCA;5,4;Solar PV;GNRA;SONES
SONEC01;18W000000000TMUP;SONESTA L;SONESTA LUZ;5,0;Competitive suppliers;SOLUZ;SONEC01
SONIS;18W000000000JJKK;SONIS;SONIS;2,7;Solar PV;GNRA;FVGNRA
SONSP;18W000000000JMZI;SONSP;SONSP;1,8;Solar PV;GNRA;FVGNRA
SONVI;18W000000000JNO0;SONVI;SONVI;3,2;Solar PV;GNRA;FVGNRA
SOPAG;18WSOPAG-1234--L;SOPAG;FSOPAG;5,8;Solar PV;GNRA;SOPAG
SOPRC01;18W000000000POT0;SOPRO PEN;SOPRO PEN;1,0;Competitive suppliers;SOPRO;SOPRC01
SORICHE;18W000000000GWMQ;SORICHE;PE SIERA DE ORICHE;13,8;Wonshore wind;ECYR;EEGPES
SORIG;18WSORIG-1234--U;SORIG;SORIG;4,3;Natural Gas Cogeneration;DETIC;COGSORI
SORXC01;18W000000000K3MN;SOREX;SORS MARKETS LTD;100,0;Competitive suppliers;SOREX;SORXC01
SOSRC;18WSOSRC-1234-E9;SOSRC;P. E. SOS DEL REY CATÓLICO;48,7;Wonshore wind;EGED;EGREEN
SOTAVEN;18W000000000QJ7I;SOTAVEN;UFI PE SOTAVENTO;17,6;Wonshore wind;NEXU;ESTVNTO
SOTILLA;18WSOTILLA-123-7;SOTILLA;SOTILLA;1,1;Hydro non UGH;DETIC;HFDETIC
SOTILLO;18W000000000GE53;SOTILLO;PE SOTILLO-VM;15,0;Wonshore wind;CEG;PESOTIL
SOTONER;18WSOTONER-12-EX;SOTONER;SOTONER;18,9;Wonshore wind;HC G;HCGSIHA
SOTTC;18W000000000SZYJ;SOTTC;SOTTC;10,0;Solar PV;GNRA;UPSOT
SOU1;18WSOU1-12345-A1;SOUTELO 1;SOUTELO GR.1;131,9;Hydro UGH;IBEG;SIL
SOU2;18WSOU2-12345-AS;SOUTELO 2G;SOUTELO GR.2 GENERAC;81,6;Hydro UGH;IBEG;SIL
SOU2B;18WSOU2B--1234-V;SOUTELO 2B;SOUTELO GR.2 BOMBEO;78,0;Pump consumption;IBEG;SILB
SPARAMO;18WSPARAMO-123-X;SPARAMO;P.E. SERRA DO PARAMO;20,0;Wonshore wind;WMARK;EFWMARK
SPB1B;18W000000000TRW6;SPB1B;SPB1B;0,9;Market direct consumption;SPBB;SPBBR01
SPB4B;18W000000000TRX4;SPB4B;SPB4B;1,5;Market direct consumption;SPBB;SPBBR01
SPBBC01;18W-SPBBC01-8--2;SPBBC01;SPBBC01;2,0;Market direct consumption;SPBB;SPBBC01
SPCKC01;18W000000000RBAW;SPK_CM_PEN;SPOCK COMERCIALIZADORA PENINSU;0,1;Competitive suppliers;SPOCK;SPCKC01
SPEEXXI;18W-SPEEXXI-2--N;SPEEXXI;END CUR  ( SOLAR TERMICA, PRUE;0,0;Solar thermal;EEXXI;SPEEXXI
SPELARD;18W000000000F5YD;S PELARDA;PE SIERRA PELARDA;14,4;Wonshore wind;ECYR;EEGPES
SPELAYO;18W000000000QRBN;SPELAYO;UF SOLAR SAN PELAYO;2,8;Solar PV;NEXU;FSPELYO
SPEONUR;18W-SPEONUR-9--Q;SPEONUR;E.ON CUR ( SOLAR TERMICA, PRUE;0,0;Solar thermal;EONUR;SPEONUR
SPGGC01;18W000000000GQO3;SPGGC01;SPGGC01;4,8;Market direct consumption;SPGG;SPGGC01
SPHCCUR;18W-SPHCCUR-1--2;SPHCCUR;HC CUR ( SOLAR TERMICA, PRUEBA;0,0;Solar thermal;HCCUR;SPHCCUR
SPIBCUR;18W-SPIBCUR-5--M;SPIBCUR;IB CUR  ( SOLAR TERMICA, PRUEB;0,0;Solar thermal;IBCUR;SPIBCUR
SPINC01;18W000000000DTII;SPINC01;SPINC01;1,0;Market direct consumption;SPINR;SPINC01
SPIVB;18W000000000TZ25;SPIVB;SPIVB;16,0;Wonshore wind;GNRA;UPSPIV
SPR1;18WSPR1-12345-AM;S.PEDRO 1;SAN PEDRO 1;17,2;Hydro UGH;IBEG;SIL
SPR2;18WSPR2-12345-AC;S.PEDRO 2;SAN PEDRO 2;17,1;Hydro UGH;IBEG;SIL
SPR21;18WSPR21-1234--H;S PEDRO2 1;SAN PEDRO2 1;25,8;Hydro UGH;IBEG;SIL
SPS1;18WSPS1-12345-AB;S.PASCUA 1;SAN PASCUAL 1;0,4;Hydro UGH;ENDG;GDLQ
SPS2;18WSPS2-12345-A1;S.PASCUA 2;SAN PASCUAL 2;0,4;Hydro UGH;ENDG;GDLQ
SQR1;18WSQR1-12345-AA;SEQUEIRO 1;SEQUEIROS 1;6,6;Hydro UGH;IBEG;SIL
SQR2;18WSQR2-12345-A0;SEQUEIRO 2;SEQUEIROS 2;6,2;Hydro UGH;IBEG;SIL
SQR3;18WSQR3-12345-AR;SEQUEIRO 3;SEQUEIROS 3;6,5;Hydro UGH;IBEG;SIL
SQUITE;18WSQUITE-123-EV;SQUITE;P.E. SANTA QUITERIA;36,0;Wonshore wind;HC G;HCGSIHA
SRI3;18WSRI3-12345-DY;SOTO RIB 3;SOTO DE LA RIBERA  (G.3);346,2;Soft coal/Anthracite;HC G;SRI3
SRI4;18WSRI4-123456-V;SRI4;SOTO RIBERA GRUPO 4;426,0;Combined Cycle GT;HC G;SRI4
SRI5;18WSRI5-12345--5;SOTO 5;C.C. SOTO DE RIBERA 5;428,1;Combined Cycle GT;CCSR4;SRI5
SRM1;18WSRM1-12345-AG;S.RAMON 1;SAN RAMON 1;0,2;Hydro UGH;ENDG;GDLQ
SRM2;18WSRM2-12345-A6;S.RAMON 2;SAN RAMON 2;0,3;Hydro UGH;ENDG;GDLQ
SRM3;18WSRM3-12345-AX;S.RAMON 3;SAN RAMON 3;0,4;Hydro UGH;ENDG;GDLQ
SROM;18WSROM-12345-A6;S.ROMAN;SAN ROMAN;5,5;Hydro UGH;IBEG;DUER
SROQ1;18WSROQ1-1234-CJ;S.ROQUE 1;SAN ROQUE 1;389,8;Combined Cycle GT;GNCC;SROQ1
SROQ2;18WSROQ2-1234-CA;S.ROQUE 2;SAN ROQUE 2;401,8;Combined Cycle GT;ENDG;SROQ2
SRQE;18W000000000S9GM;SRQE;SRQE;15,0;Wonshore wind;REPSB;ESRQE
SRS1;18WSRS1-12345-AO;SEROS 1;SEROS 1;10,9;Hydro UGH;ENDG;EBRFEN
SRS2;18WSRS2-12345-AE;SEROS 2;SEROS 2;10,9;Hydro UGH;ENDG;EBRFEN
SRS3;18WSRS3-12345-A4;SEROS 3;SEROS 3;10,9;Hydro UGH;ENDG;EBRFEN
SRS4;18WSRS4-12345-AV;SEROS 4;SEROS 4;10,9;Hydro UGH;ENDG;EBRFEN
SRUBIO;18WSRUBIO-123-EY;SRUBIO;P.E. SERRA DE RUBIO;49,5;Wonshore wind;EGED;EGREEN
SRVGC01;18W-SRVGC01-1--M;GASHOGAR15;GASHOGAR15;50,0;Competitive suppliers;SRVGS;SRVGC01
SRVIC01;18W000000000SHKR;SRVI;SERVINERGIA;1,0;Competitive suppliers;SERV;SRVIC01
SS41AL;18W000000000OSN4;SS41AL;SS41AL;1,0;Competitive suppliers;FORTI;FORTR01
SSEECP3;18W000000000T2NP;COMPRA_F;COMPRA_FRANCIA;20,0;Import France;SSEEN;SSEECP3
SSEEVP3;18W000000000T2MR;VENTA_F;VENTA_FRANCIA;20,0;Export France;SSEEN;SSEEVP3
SSFCER;18W000000000TSPH;SSFCER;SSFCER;1,0;Competitive suppliers;ENDCO;ENDER01
SSFHAT;18W000000000TYN3;SSFHAT;SSFHAT;1,0;Competitive suppliers;ENDCO;ENDER01
SSFLIR;18W000000000TYO1;SSFLIR;SSFLIR;1,0;Competitive suppliers;ENDCO;ENDER01
SSFVIL;18W000000000TSQF;SSFVIL;SSFVIL;1,0;Competitive suppliers;ENDCO;ENDER01
SSL1;18WSSL1-12345-AF;SANTSIL 1;SANTIAGO-SIL 1;7,4;Hydro UGH;IBEG;SIL
SSL2;18WSSL2-12345-A5;SANTSIL 2;SANTIAGO-SIL 2;7,4;Hydro UGH;IBEG;SIL
SSVAN;18W000000000MSHO;SSVAN;SSVAN;40,0;Solar PV;GNRA;FVSSVAN
ST4-UF;18WST4-UF-1234-P;ST4 PARC;ST4 PAR ALBA;9,7;Natural Gas Cogeneration;LMER;ST4
STA1;18WSTA1-12345-AD;STA.ANA 1;SANTA ANA 1;15,0;Hydro UGH;ENDG;EBRFEN
STA2;18WSTA2-12345-A3;STA.ANA 2;SANTA ANA 2;15,0;Hydro UGH;ENDG;EBRFEN
STAQC01;18W0000000004VZE;S COLOMA;ELEC MUN S COLOMA DE QUERALT;1,6;Competitive suppliers;STACO;STAQC01
STBUTQ;18WSTBUTQ-1234-3;STBUTQ;SECADERO TÉRMICO BUTARQUE;18,0;Natural Gas Cogeneration;CEG;TBUTARQ
STC4;18WSTC4-12345-CV;SANTURCE 4;SANTURCE (G.4);396,4;Combined Cycle GT;IBGT;STC4
STE1;18WSTE1-12345-A6;S.TERESA 1;SANTA TERESA 1;10,3;Hydro UGH;IBEG;DUER
STE2;18WSTE2-12345-AX;S.TERESA 2;SANTA TERESA 2;10,3;Hydro UGH;IBEG;DUER
STENBA;18WSTENBA-123-DL;STENBA;STENBA;46,0;Natural Gas Cogeneration;EGLE;TSTENBA
STEV;18W000000000SAL9;STEV;STEV;31,0;Wonshore wind;REPSB;ESTEV
STIB;18WSTIB-12345-AA;S.TIBURCIO;SAN TIBURCIO;1,3;Hydro UGH;ASIE;MHLRMER
STINC01;18W0000000001UYV;STINC01;STIN UNIDAD COMERCIALIZACION;1,0;Competitive suppliers;STIN;STINC01
STLLMA;18W000000000TSOJ;STLLMA;STLLMA;1,0;Competitive suppliers;ENDCO;ENDER01
STMCOG;18W000000000S22Y;STMCOG;STMCOG;1,0;Competitive suppliers;SHELL;SESAR01
STMMIN;18W000000000S23W;STMMIN;STMMIN;1,0;Competitive suppliers;SHELL;SESAR01
STODC;18W000000000QX7D;STODC;STODC;2,0;Solar PV;GNRA;FVGNRA
STOMAS;18W000000000QKD3;STOMAS;UF SOLAR ST TOMAS;17,2;Solar PV;NEXU;FSTOMAS
STROC01;18W-STROC01-5--Q;STROC1;STROC1;0,1;Competitive suppliers;STROM;STROC01
SUCAC01;18W0000000006ZNI;SUCAS;SUCA SOCIEDAD COOPERATIVA;3,0;Competitive suppliers;SUCAS;SUCAC01
SUESO;18W000000000JNJA;SUESO;SUESO;1,5;Solar PV;GNRA;FVGNRA
SULAC01;18W-SULAC01-1--W;SULAYR;SULAYR GLOBAL SERVICE;0,7;Market direct consumption;SULA;SULAC01
SUMAC01;18W000000000IAAY;SUMAE;SUMA ENERGIA SL;0,6;Competitive suppliers;SUMAE;SUMAC01
SUNAC01;18W-SUNAC01-3--4;SUNAIR ONE;SUNAIR ONE;0,1;Competitive suppliers;SUNAI;SUNAC01
SUNCC01;18W000000000FSM5;SUNCAPEN;SUNCA PENINSULA;0,1;Competitive suppliers;SUNCA;SUNCC01
SUNFC01;18W000000000QE26;SUNFC01;COMPRA ALDERAAN;1,0;Competitive suppliers;SUNFL;SUNFC01
SUNHC01;18W-SUNHC01----V;SUNAIRHOME;SUNAIR ONE HOME;0,1;Competitive suppliers;SUNHO;SUNHC01
SUNO1;18W000000000U1SE;SUNO1;FV SUNO1;15,9;Solar PV;CEG;FSUNO1
SUNO2;18W000000000U1UA;SUNO2;FV SUNO 2;10,0;Solar PV;CEG;FSUNO2
SUNPC01;18W000000000OUPV;UP SUNPS;UP SUN POWER 365;0,1;Competitive suppliers;SUNPS;SUNPC01
SUPRC01;18W000000000U38B;SELECTRA;SUMINISTROS PROPIOS ENERGIA;1,0;Competitive suppliers;SUMIA;SUPRC01
SUS1;18WSUS1-12345-AP;SUSQUEDA 1;SUSQUEDA 1;38,5;Hydro UGH;ENDG;TERE
SUS2;18WSUS2-12345-AF;SUSQUEDA 2;SUSQUEDA 2;36,3;Hydro UGH;ENDG;TERE
SUS3;18WSUS3-12345-A5;SUSQUEDA 3;SUSQUEDA 3;13,3;Hydro UGH;ENDG;TERE
SVIRGEN;18WSVIRGEN-12-EK;SVIRGEN;P.E. SIERRA DE LA VIRGEN;28,8;Wonshore wind;ECYR;EREGPEM
SVOLTOR;18WSVOLTOR-123-T;SERRA VOLT;PE SERRA VOLTORERA;16,0;Wonshore wind;NEXU;EVOLTOR
SWAPC01;18W-SWAPC01-8--V;SWAPENERGI;SWAP ENERGIA;0,1;Competitive suppliers;SWAPE;SWAPC01
SXOAN;18WSXOAN-1234-EG;SXOAN;SXOAN;15,8;Wonshore wind;EGED;EGREEN
SYEEXXI;18W-SYEEXXI-9--7;SYEEXXI;END CUR  ( TARIFA, SOLAR TERMI;0,0;Solar thermal;EEXXI;SYEEXXI
SYEGUAS;18WSYEGUAS-123-R;SYEGUAS;18WSYEGUAS-123-R;4,9;Hydro non UGH;EGLE;HSYEGU
SYENC01;18W000000000MDD3;SYENC01;SYENE_UP;1,0;Competitive suppliers;SYENE;SYENC01
SYEONUR;18W-SYEONUR-2--T;SYEONUR;E.ON CUR ( TARIFA, SOLAR TERMI;0,0;Solar thermal;EONUR;SYEONUR
SYGNSUR;18W-SYGNSUR-2--F;SYGNSUR;GN SUR SDG ( TARIFA, SOLAR TER;0,0;Solar thermal;GNSUR;SYGNSUR
SYHCCUR;18W-SYHCCUR-2--A;SYHCCUR;HC CUR ( TARIFA, SOLAR TERMICA;0,0;Solar thermal;HCCUR;SYHCCUR
SYIBCUR;18W-SYIBCUR-3--5;SYIBCUR;IB CUR  ( TARIFA, SOLAR TERMIC;0,0;Solar thermal;IBCUR;SYIBCUR
TAB1;18WTAB1-12345-AW;TABESCAN 1;TABESCAN 1;31,5;Hydro UGH;ENDG;EBRFEN
TAB2;18WTAB2-12345-AM;TABESCAN 2;TABESCAN 2;59,3;Hydro UGH;ENDG;EBRFEN
TAB3;18WTAB3-12345-AC;TABESCAN 3;TABESCAN 3;59,3;Hydro UGH;ENDG;EBRFEN
TABER1;18W000000000OYPJ;TABER1;SFV TABERNAS;45,0;Solar PV;GNCO;FGASN2U
TABER2;18W000000000OYQH;TABER2;SFV TABERNAS2;45,0;Solar PV;GNCO;FGASN2U
TABERNS;18W000000000NKMY;TBRNAS;TABNERSII;41,6;Solar PV;GESTE;FTABRNS
TABLADO;18WTABLADO-12-E7;TABLADO;P.E. EL TABLADO;19,8;Wonshore wind;IBGES;EHIBGES
TABLARE;18W000000000GI6Q;TABLARES;PE TABLARES;11,9;Wonshore wind;CEG;PETABLA
TABLCET;18W000000000UDMR;TABLCET;TABLERO;22,9;Natural Gas Cogeneration;EGLE;TCETA
TABLERO;18WTABLERO-123-P;TABLERO;INDUSTRIAS DEL TABLERO;24,8;Oil products and coal;WMARK;TTABLER
TABLICI;18WTABLICI-123-3;TABLEROS;TABLEROS HISPANOS;7,2;Natural Gas Cogeneration;DETIC;COGTABL
TABLOS;18W000000000UBAK;TABLOS;LOSAN;4,2;Biomass;EGLE;RTABLOS
TACBR;18W000000000R0QX;TACBR;TACBR;35,0;Solar PV;GNRA;UPTAC
TACICAP;18WTACICADEPLATJ;TACICAP;TACICA DE PLATA;26,0;Wonshore wind;IBGES;EHIBGES
TAEEXXI;18WTAEEXXI-12--8;ATL COOP;ATLANTIC COOPER;11,5;Residual energy;EEXXI;TAEEXXI
TAGUS1;18W000000000QIBD;TAGUS1;FV TAGUS I;37,0;Solar PV;IBGES;FIBGT12
TAGUS2;18W000000000QICB;TAGUS2;FV TAGUS II;37,0;Solar PV;IBGES;FIBGT12
TAGUS3;18W000000000QID9;TAGUS3;FV TAGUS III;37,0;Solar PV;IBGES;FIBGT34
TAGUS4;18W000000000QIE7;TAGUS4;FV TAGUS IV;37,0;Solar PV;IBGES;FIBGT34
TAHIVI;18WTAHIVI-123-E7;TAHIVI;P.E. TAHIVILLA;30,0;Wonshore wind;HC G;HCGSIHA
TAJTN;18W000000000O6YB;TAJTN;TAJTN;1,7;Hydro non UGH;GNRA;HFGNRA
TALAR1;18W000000000GERX;TALARR1;FV TALARRUBIAS I;34,3;Solar PV;NEXU;FTALAR1
TALAR2;18W000000000GESV;TALARR2;FV TALARRUBIAS II;34,3;Solar PV;NEXU;FTALAR2
TALARN;18WTALARN-1234-H;TALARN;UF TALARN III;2,4;Hydro non UGH;EFG;HGEFG
TALARRU;18WTALARRU-123-E;TALARRU;TALARRUBIAS;1,9;Solar PV;GESTE;FTALARR
TALASOL;18W000000000JQVE;TALASOL;TALASOL SOLAR PV;243,9;Solar PV;EGLE;FTASOL
TALAVE;18W000000000JLVT;TALAVE;TALAVE;5,2;Hydro non UGH;CEG;HYTLAVE
TALAVER;18WTALAVER-12-AJ;TALAVER;TALAVER;2,8;Hydro non UGH;IBGES;HFIBFZ
TALAYAS;18W000000000T25O;TALAYAS;PE LAS ATALAYAS;49,5;Wonshore wind;EGLE;EPRADA4
TALAYEL;18W000000000PWSF;TALAYLAS2;TALAYUELA2;44,0;Solar PV;GESTE;FTALYEL
TALAYU;18W000000000JVZS;TALAYU;PFV TALAYUELA SOLAR;250,0;Solar PV;EGLE;FGENIA
TALEC01;18W0000000004VYG;TALARN_UP;TALARN_UNIDAD_PROGRAMACION;0,2;Competitive suppliers;TALEN;TALEC01
TALEGA;18W000000000ROCQ;TALEGA;TALEGA;1,6;Solar PV;CEG;FTALEGA
TALGC01;18W000000000PRRW;TALGC01;TALGC01;0,5;Market direct consumption;TALGA;TALGC01
TALIA1;18W000000000TH4I;TALIA1;TALIA1;5,1;Solar PV;ATENC;FTALIA1
TALIA2;18W000000000TH5G;TALIA2;TALIA2;7,8;Solar PV;ATENC;FTALIA2
TALLAT;18WTALLAT-1234-C;TALLAT;P.E. SERRA DEL TALLAT;49,5;Wonshore wind;EGED;EGREEN1
TALLI;18WTALLI-12345-0;TALLI;P.E. LA TALLISCA;40,0;Wonshore wind;IBGES;EHIBGES
TAM1;18WTAM1-12345-AM;TAMBRE 1;TAMBRE 1 (TAMBRE I G1);4,2;Hydro UGH;GNFG;UFGC
TAM2;18WTAM2-12345-AC;TAMBRE 2;TAMBRE 2 (TAMBRE I G2);4,3;Hydro UGH;GNFG;UFGC
TAM3;18WTAM3-12345-A2;TAMBRE 3;TAMBRE 3 (TAMBRE I G3);4,3;Hydro UGH;GNFG;UFGC
TAM4;18WTAM4-12345-AT;TAMBRE 4 ;TAMBRE 4 (TAMBRE I G4);10,3;Hydro UGH;GNFG;UFGC
TAM5;18WTAM5-12345-AJ;TAMBRE 5;TAMBRE 5 (TAMBRE II G1);62,7;Hydro UGH;GNFG;UFGC
TAN1;18WTAN1-12345-F1;TANES 1G;TANES GR.1 GENERAC.;62,3;Hydro UGH;HC G;HCHI
TAN1B;18WTAN1B-12345-J;TANES 1B;TANES GR.1 BOMBEO;55,0;Pump consumption;HC G;TANB
TAN2;18WTAN2-12345-FS;TANES 2G;TANES GR.2 GENERAC.;61,8;Hydro UGH;HC G;HCHI
TAN2B;18WTAN2B-12345-9;TANES 2B;TANES GR.2 BOMBEO;55,0;Pump consumption;HC G;TANB
TANGUBU;18WTANGUBU-123-X;TANGUBU;UF COG ANGULO BURGOS;6,3;Natural Gas Cogeneration;DETIC;COGTANG
TANGURO;18WTANGURO-123-L;TANGURO;UF COG ANGULO RONDA;3,0;Natural Gas Cogeneration;DETIC;COGTAN2
TAPOWER;18WTAPOWER-12-C7;TAPOWER;TARRAGONA POWER;416,9;Combined Cycle GT;TAPOW;TAPOWER
TARACEN;18W000000000QIJY;TARACN;TARACNAN;6,6;Solar PV;GESTE;FTARACN
TARACES;18W000000000QILU;TARCS;TARACENS;5,1;Solar PV;GESTE;FTARACS
TARAYUE;18WTARAYUE-12-ET;TARAYUE;P.E.TARAYUELA;30,0;Wonshore wind;IBGES;EHIBGES
TARBA;18W000000000JYQ0;TARBA;UF TARBA;2,7;Sundry waste;GEMSL;TTARBA
TARDI1;18WTARDI1-123-EF;TARDI1;P.E. TARDIENTA I;49,5;Wonshore wind;IBGES;EHIBGES
TARDI2;18WTARDI2-123-E7;TARDI2;P.E. TARDIENTA II;44,2;Wonshore wind;IBGES;EHIBGES
TASIX;18W000000000TUS5;TASIX;TASIX;13,2;Solar PV;GNRA;UPSON5
TASIX2;18W000000000TXM8;TASIX2;TASIX2;3,4;Solar PV;GNRA;UPSON5
TAULELL;18WTAULELL-12-DH;TAULELL;TAULELL;9,9;Natural Gas Cogeneration;WMARK;TCTAULE
TAUSTE;18W000000000SZDO;TAUSTE;UF SOLAR TAUSTE;1,9;Solar PV;NEXU;FTAUSTE
TAUTC01;18W000000000LD2T;TAUTRA;TAUTRA COMPRA;0,1;Competitive suppliers;TAUTR;TAUTC01
TCIBCUR;18W000000000PMV2;TCIBCUR;COGENERACION MECANISMO AJUSTE;0,0;Natural Gas Cogeneration;IBCUR;TCIBCUR
TCINCA;18WTCINCA-123-DB;TCINCA;TRUCHAS DEL CINCA;24,9;Natural Gas Cogeneration;HISPE;GENGEST
TCOTIL;18W000000000GEQZ;COTILLAS;TORRES COTILLAS;42,2;Solar PV;NEXU;FCOTILL
TEA;18WTEA-123456-EX;TEA;P.E. DE TEA;48,1;Wonshore wind;EGED;EDEVAG
TEA1;18WTEA1-123456-X;TEA1;18WTEA1-123456-X;2,6;Hydro non UGH;EGLE;HENGAG
TEBAR;18W000000000SZEM;TEBAR;UF SOLAR TEBAR;1,0;Solar PV;NEXU;FTEBAR
TECNUTR;18W000000000OGJB;TECNUTR;TECNUTR;1,0;Oil products and coal;DETIC;COGTECN
TECQU;18WTECQU-12345-4;TECQU;TECNICAS COGENERACIÓN QUART;7,3;Natural Gas Cogeneration;IGNIS;TTECQU
TEIXID;18W000000000TSRD;TEIXID;TEIXID;1,0;Competitive suppliers;ENDCO;ENDER01
TEIXIDO;18WTEIXIDO-12-EN;TEIXIDO;TEIXIDO;23,1;Wonshore wind;ECYR;EEGPEM
TEJEDA;18W000000000J22X;TEJEDA;PS TEJEDA;5,0;Solar PV;INTRA;INTRE02
TEJES;18W000000000N2YR;TEJES;TEJES;7,0;Solar PV;GNRA;FVTEJES
TEJONER;18WTEJONEROVEJER;TEJONER;PARQUE EOLICO TEJONERO;32,0;Wonshore wind;NEXU;ETEJONE
TELEST2;18W000000000PPUW;TELEST2;FV TELESTO SOLAR 2;40,0;Solar PV;EGLE;FFV155
TELEST3;18W000000000PPVU;TELEST3;FV TELESTO SOLAR 3;40,0;Solar PV;EGLE;FFV154
TENDC01;18W0000000006OEW;TENDC01;TENDC01;1,0;Competitive suppliers;TENDE;TENDC01
TEOTC01;18W000000000SWCZ;TORNA;TORNAENER;0,0;Competitive suppliers;TORNA;TEOTC01
TEQIX;18W000000000TU0O;TEQIX;TEQIX;5,0;Solar PV;GNRA;UPSON4
TERM;18WTERM-12345-A5;TERMENS ;TERMENS;11,8;Hydro UGH;ENDG;EBRFEN
TERMESO;18WTERMESO-123-5;TERMESO;TERMESOL 50;50,0;Solar thermal;GNRA;TSGNR2
TERMOS1;18W000000000RWNH;TGST148;TGST148;49,9;Solar thermal;GESTE;TGST148
TERMOS2;18W000000000RWQB;TGST149;TGST149;49,9;Solar thermal;GESTE;TGST149
TEROYO;18W000000000OIAN;TEROYO;UF COG TEJ ROYO;1,0;Natural Gas Cogeneration;NEXU;TTROYO
TERRER;18W000000000TGC5;TERRER;UF SOLAR TERRER;107,5;Solar PV;NEXU;FTERRER
TERSC01;18W0000000006Q0H;TERSACOMER;TERSA COMPRA PEN;0,1;Competitive suppliers;TERSA;TERSC01
TERUELO;18WTERUELO-12-E0;TERUELO;P.E. EL TERUELO;43,3;Wonshore wind;IBGES;EHIBGES
TERVALI;18W000000000U6P5;FV TERVALI;FV TERVALIS;1,5;Solar PV;DREUA;FDREU20
TESOPA;18W000000000GA3J;TESOPA;P E TESOPARDO;36,3;Wonshore wind;GNCO;EGASNE2
TESORI;18W000000000GODV;TESORI;PE TESORILLO;26,0;Wonshore wind;GNCO;EGASNE2
TETOURA;18W000000000RJ8C;TETOURA;PE MONTE TOURADO;22,1;Wonshore wind;EGLE;ENORVE
TEV2C01;18W000000000Q1CP;TEV2C01;TEV2C01;2,7;Market direct consumption;TEVI;TEV2C01
TEVIC01;18W0000000004DIS;TEVIC01;TEVIC01;14,3;Market direct consumption;TEVI;TEVIC01
TEXSAN;18W000000000TSSB;TEXSAN;TEXSAN;1,0;Competitive suppliers;ENDCO;ENDER01
TEXTILS;18WTEXTILS-12-DU;RE-00793;TEXTIL SANTANDERINA;4,5;Natural Gas Cogeneration;NEXU;TSANTA
TFAPRO;18WTFAPRO-1234-V;TFAPRO;TFAPRO;10,0;Solar PV;NEXU;FTFAPRO
TFGALL;18WTFGALL-1234-8;TFGALL;TFGALL;14,8;Natural Gas Cogeneration;NEXU;TTFGALL
TFTPSJ;18W-TFTPSJ-18--G;TFTPSJ;COG.TORRAS PAPEL  ST.JOAN (TAR;24,9;Natural Gas Cogeneration;NEXU;TTFTPSJ
TGBSC01;18W0000000008CAV;TGBSC01;TGBSC01;0,6;Market direct consumption;TGBSA;TGBSC01
TGROSA;18W000000000LKGH;TORREGROSA;UF TORREGROSA;1,0;Solar PV;NEXU;FRULAOR
TGYEC01;18W00000000069U8;TGYE;TOTAL GAS Y ELECTRICIDAD ESPAÑ;1,0;Competitive suppliers;TGYE;TGYEC01
THARIM;18W-THARIM-56--S;THARIM;UP HARIMASA;1,0;Natural Gas Cogeneration;GNRA;THARIM
THARSIS;18WTHARSIS-12--7;THARSIS;THARSIS;4,0;Wonshore wind;WMARK;ESIAM
THELC01;18W000000000R9DW;THELC01;UP THE ELECTRICTY;0,1;Competitive suppliers;THELE;THELC01
THERC01;18W-THERC01-7--J;THERMOLYMP;THERMOLYMPIC S.L;0,7;Market direct consumption;THER;THERC01
TICO;18W000000000KMDL;PE TICO;PARQUE EOLICO TICO;175,0;Wonshore wind;ECYR;TICO
TICOSO1;18W000000000LRML;TICOSO1;TICO SOLAR 1;41,6;Solar PV;ECYR;FEGPEM
TICOSO2;18W000000000LRNJ;TICOSO2;TICO SOLAR 2;28,1;Solar PV;ECYR;FEGPEM
TIEATOM;18WTIEATOM-123-K;TIEATOM;18WTIEATOM-123-K;3,8;Natural Gas Cogeneration;EGLE;TATOM
TIGUEIR;18WTIGUEIR-123-K;TIGUEIR;18WTIGUEIR-123-K;6,0;Wonshore wind;EGLE;EORTIV
TIJOLA;18WTIJOLA-123--D;TIJOLA;18WTIJOLA-123--D;5,3;Hydro non UGH;EGLE;HACUAM
TILOS;18W000000000RKB3;CHTILOS;CHTILOS;1,5;Hydro non UGH;CEG;HALTANO
TINAJE1;18W000000000R5SE;TINAJE1;UF SOLAR TINAJEROS 1;5,0;Solar PV;NEXU;FTINJR1
TINAJR2;18W000000000R5TC;TINAJR2;UF SOLAR TINAJEROS 2;5,0;Solar PV;NEXU;FTINJR2
TIOHERR;18WTIOHERR-123-R;TIOHERR;SOCIEDAD DE TRATAMIENTO HORNIL;7,4;Natural Gas Cogeneration;GNCO;TFGASN
TIPMEGA;18WTIPMEGA-12-D9;TIPMEGA;TIPMEGA;3,4;Natural Gas Cogeneration;TIP;TTIP
TIRAPU;18W000000000HGQP;TIRAPU;PE TIRAPU;13,2;Wonshore wind;GNCO;EGASNE1
TIRCC01;18W0000000007VMS;TIRVIA;SOCIETAT MUNICIPAL DE COMERCIA;0,3;Competitive suppliers;COTIR;TIRCC01
TIRMADR;18WTIRMADR-123-I;TIRMADR;TIRMADRID;29,8;Household and similar wastes;EGLE;RTIRMA
TJE1;18WTJE1-12345-FT;TAJOENC 1G;TAJO DE LA ENCANTADA 1 GENERAC;96,7;Turbine pumping;ENDG;TJEG
TJE1B;18WTJE1B-12345-A;TAJOENC 1B;TAJO DE LA ENCANTADA 1 BOMBEO;105,0;Pump consumption;ENDG;TJEB
TJE2;18WTJE2-12345-FJ;TAJOENC 2G;TAJO DE LA ENCANTADA 2 GENERAC;94,5;Turbine pumping;ENDG;TJEG
TJE2B;18WTJE2B-12345-0;TAJOENC 2B;TAJO DE LA ENCANTADA 2 BOMBEO;105,0;Pump consumption;ENDG;TJEB
TJE3;18WTJE3-12345-F9;TAJOENC 3G;TAJO DE LA ENCANTADA 3 GENERAC;89,5;Turbine pumping;ENDG;TJEG
TJE3B;18WTJE3B-12345-R;TAJOENC 3B;TAJO DE LA ENCANTADA 3 BOMBEO;105,0;Pump consumption;ENDG;TJEB
TJE4;18WTJE4-12345--V;TAJOENC 4G;TAJO DE LA ENCANTADA 4 GENERAC;96,0;Turbine pumping;ENDG;TJEG
TJE4B;18WTJE4B-12345-H;TAJOENC 4B;TAJO DE LA ENCANTADA 4 BOMBEO;105,0;Pump consumption;ENDG;TJEB
TLA1;18WTLA1-12345-AM;TALARN 1;TALARN 1;8,6;Hydro UGH;ENDG;EBRFEN
TLA2;18WTLA2-12345-AC;TALARN 2;TALARN 2;8,6;Hydro UGH;ENDG;EBRFEN
TLA3;18WTLA3-12345-A2;TALARN 3;TALARN 3;8,6;Hydro UGH;ENDG;EBRFEN
TLA4;18WTLA4-12345-AT;TALARN 4;TALARN 4;8,6;Hydro UGH;ENDG;EBRFEN
TLAYUE2;18W000000000RAVU;TLAYUE 2;UF SOLAR TALAYUELA 2;5,0;Solar PV;NEXU;FTLAYL2
TLAYUEL;18W000000000R9T0;TLAYUEL;UF SOLAR TALAYUELA 1;5,0;Solar PV;NEXU;FTLAYL1
TLCMC01;18W000000000K2SE;TEL COMER1;TELECOR COMERCIALIZADORA 01;1,0;Competitive suppliers;TLCOR;TLCMC01
TLCRC01;18W000000000JGBA;TLCRC01;TLCRC01;16.675,6;Market direct consumption;TLCOR;TLCRC01
TLLANO;18W000000000PS6Y;TLLANO;PUERTOLLANO;26,5;Solar PV;SHEEN;SHEPV09
TMADRIN;18WTMADRIN-123-8;TMADRIN;TORRE MADRINA;50,0;Wonshore wind;IGNIS;ETMA
TMSIX;18W000000000NBJU;TMSIX;TMSIX;38,7;Solar PV;GNRA;TMGAL
TOBA;18WTOBA-12345-AX;LA TOBA;LA TOBA;0,5;Hydro UGH;GNFG;UFTA
TOBOSO1;18W000000000TN16;FV TOBOSO1;FV TOBOSO 1;1,0;Solar PV;DREUA;FDREU17
TOCONAL;18W000000000NAF4;TOCONAL;EL TOCONAL-CENTAURO;4,4;Solar PV;ADXRE;FAUDAX
TOCOTI;18W000000000EP89;TOCOTI;TOCOTI;3,3;Solar PV;CEG;F1CEG
TODMN;18W000000000TUZS;TODMN;TODMN;2,0;Solar PV;GNRA;UPSON3
TODOSON;18WTODOSON-123-6;TODOSON;18WTODOSON-123-6;3,0;Wonshore wind;CEG;E1CEG
TOECC01;18W000000000S4NN;TRISO;TRISOLARIS;1,0;Competitive suppliers;TRISO;TOECC01
TOJ1;18WTOJ1-12345-AZ;TORREJ 1G;TORREJON GR.1 GENERAC.;32,1;Hydro UGH;IBEG;TAJO
TOJ1B;18WTOJ1B-12345-6;TORREJ 1B;TORREJON GR.1 BOMBEO;18,0;Pump consumption;IBEG;TAJB
TOJ2;18WTOJ2-12345-AP;TORREJ 2G;TORREJON GR.2 GENERAC.;32,3;Hydro UGH;IBEG;TAJO
TOJ2B;18WTOJ2B-12345-X;TORREJ 2B;TORREJON GR.2 BOMBEO;18,0;Pump consumption;IBEG;TAJB
TOJ3;18WTOJ3-12345-AF;TORREJ 3G;TORREJON GR.3 GENERAC.;32,3;Hydro UGH;IBEG;TAJO
TOJ3B;18WTOJ3B-12345-N;TORREJ 3B;TORREJON GR.3 BOMBEO;18,0;Pump consumption;IBEG;TAJB
TOJ4;18WTOJ4-12345-A5;TORREJ 4G;TORREJON GR.4 GENERAC.;33,6;Hydro UGH;IBEG;TAJO
TOJ4B;18WTOJ4B-12345-D;TORREJ 4B;TORREJON GR.4 BOMBEO;18,0;Pump consumption;IBEG;TAJB
TOLLO1;18W000000000SGAD;TOLLO1;UF SOLAR TOLLO1;4,0;Solar PV;NEXU;FTOLLO1
TOLLO2;18W000000000SGBB;TOLLO2;UF SOLAR TOLLO 2;2,9;Solar PV;NEXU;FTOLLO2
TOLLO3;18W000000000SGC9;TOLLO3;UF SOLAR TOLLO 3;3,0;Solar PV;NEXU;FTOLLO3
TOLSA;18WTOLSA-1234--0;TOLSA;TOLSA;12,5;Natural Gas Cogeneration;CEG;TTOLSA
TOMACAN;18WTOMACAN-123-7;TOMACAN;TOMA CANAL DE NAVARRA;20,0;Hydro non UGH;CEG;HPCANAV
TOMI;18W000000000RM4B;TOMI;EL TOMILLAR;13,0;Solar PV;REPSB;FTOMI
TOMIRO1;18WTOMIRO1-12--V;TOMIRO;P.E.TORRE MIRO I;49,5;Wonshore wind;MEDI;EMEDI
TOMIRO2;18WTOMIRO2-12--O;TOMIRO2;P.E. TORRE MIRO II;49,5;Wonshore wind;MEDI;EMEDI
TOMMC01;18W000000000SA70;TOMMI;TOMMI ENERGY SL;1,0;Competitive suppliers;TOMMY;TOMMC01
TOR;18WTOR-123456-AU;TORINA 1;TORINA 1;4,5;Hydro UGH;REPSB;VIES
TOR2;18WTOR2-12345-AB;TORINA 2;TORINA 2;4,2;Hydro UGH;REPSB;VIES
TOR3;18WTOR3-12345-A1;TORINA 3;TORINA 3;5,6;Hydro UGH;REPSB;VIES
TOR3LE;18W000000000UA5X;TOR3LE;TOR3LE;11,5;Solar PV;SOLRC;FTOR3LE
TORANZA;18WTORANZA-12-EM;TORANZA;TORANZA;25,2;Wonshore wind;EGLE;EEWING
TORDERA;18W000000000TPQO;PS TORDERA;PS TORDERA 2;1,9;Solar PV;EPYM;EYPPV4
TORDES1;18W000000000LCSH;TORD1;TORDES1;20,8;Solar PV;GESTE;FTORDE1
TORDES2;18W000000000LCTF;TORD2;TORDES2;13,5;Solar PV;GESTE;FTORDE1
TORDES3;18W000000000RJE0;TORDES3;TORDESILLAS;3,0;Solar PV;WMARK;FFWMARK
TORDOS;18W000000000N9X8;TORDOS;PE TOROZOS II;35,2;Wonshore wind;GNCO;EGASNE2
TOREC;18WTOREC-12345-1;TOREC;PARQUE EÓLICO LA TORRECILLA;38,2;Wonshore wind;IBGES;EHIBGES
TOREC01;18W0000000003EJR;TOREC01;TOREC01;0,1;Competitive suppliers;TOREN;TOREC01
TORIJA3;18W000000000IRVF;T3;TR3;4,7;Solar PV;GESTE;FTORIJ3
TORIJS;18W000000000G7NP;TORJS;TORIJASUR;4,7;Solar PV;GESTE;FTORIJ2
TORIL;18W000000000RK3J;CHTORILES;CHTORILES;1,3;Hydro non UGH;CEG;HALTANO
TORJAIV;18W000000000KSOI;TJ4;TORIJA4;4,7;Solar PV;GESTE;FTORIJ4
TORMC01;18W000000000U852;TORMESH;TORMEHS SOLUTIONS;1,0;Competitive suppliers;TORME;TORMC01
TOROZA;18W000000000G9YY;TOROZA;PE TOROZOS A;41,8;Wonshore wind;GNCO;EGASNE2
TOROZB;18W000000000G9ZW;TOROZB;P E TOROZOS B;33,0;Wonshore wind;GNCO;EGASNE2
TOROZC;18W000000000GA0P;TOROZC;P E TOROZOS C;39,6;Wonshore wind;GNCO;EGASNE2
TORR;18W000000000PKQI;TORRIJ;TORRIJOS ELW;42,5;Solar PV;IGNIS;FTORRIJ
TORREC1;18W000000000RSF8;TORRE;TORRECILLA1;3,5;Solar PV;GESTE;FGST135
TORREC2;18W000000000RSH4;TORREC;TORRECILLA2;2,2;Solar PV;GESTE;FGST136
TORREMO;18W000000000MSDW;TORREMO;LA PIZARRA TORREMOCHA;8,5;Solar PV;WMARK;FFWMARK
TORRIJ;18W000000000MBD9;UFTORRIJOS;UF ELAWAN TORRIJOS;30,0;Solar PV;IGNIS;FTORRJ
TORRNOR;18W000000000REYC;TORRNOR;TORRIJOS NORTE;4,7;Solar PV;WMARK;FVTORRN
TORRSUR;18W000000000REZA;TORRSUR;TORRIJOS SUR;4,7;Solar PV;WMARK;FVTORRS
TORTE01;18W-TORTE01-5--8;TORTE01;TORTE01;100,0;Market direct consumption;TORTE;TORTE01
TORTE2;18WTORTOSA2-12-7;TORTE2;TORTOSA 2;13,5;Natural Gas Cogeneration;COGEN;TAE3COG
TORTOSA;18WTORTOSA-12-DT;TOSTOSA;TORTOSA;32,0;Natural Gas Cogeneration;COGEN;TAE2COG
TOTANA;18W000000000F6AL;TOTANA II;FV TOTANA II;73,8;Solar PV;ECYR;FEGPEM
TOTANA4;18W000000000RNBV;TOTANA4;UF SOLAR TOTANA IV;4,5;Solar PV;NEXU;FTOTANA
TOTEC01;18W000000000R7IS;TOTEC01;TOTEC01;0,1;Competitive suppliers;TOTEM;TOTEC01
TOTGCP3;18W-TOTGCP3-1--O;TOTGCP3;TOTGCP3;1.400,0;Import France;TOTGA;TOTGCP3
TOTGVP3;18W-TOTGVP3-6--0;TOTGVP3;TOTGVP3;1.400,0;Export France;TOTGA;TOTGVP3
TOURADO;18W000000000LA5W;TDO;ETOURDO;10,3;Wonshore wind;NEXU;EMTOURD
TOURINA;18WTOURINA-123-F;TOURINA;P.E. TOURIÑAN IV;24,6;Wonshore wind;ECYR;EREGPEM
TOURO;18WTOURO-12345-Q;TOURO;C.H. TOURO - 2;12,8;Hydro non UGH;WMARK;HRWMARK
TOWASR;18W000000000TST9;TOWASR;TOWASR;1,0;Competitive suppliers;ENDCO;ENDER01
TPEEXXI;18W-TPEEXXI-1--F;TPEEXXI;END CUR  ( TERMICA NO RENOVABL;0,9;Natural Gas Cogeneration;EEXXI;TPEEXXI
TPEONUR;18W-TPEONUR-1--9;TPEONUR;E.ON CUR ( TERMICA NO RENOVABL;0,0;Natural Gas Cogeneration;EONUR;TPEONUR
TPHCCUR;18W-TPHCCUR-2--N;TPHCCUR;HC CUR ( TERMICA NO RENOVABLE,;0,0;Natural Gas Cogeneration;HCCUR;TPHCCUR
TPIBCUR;18W-TPIBCUR-2--M;TPIBCUR;IB CUR  (  TERMICA NO RENOVABL;2,5;Oil products and coal;IBCUR;TPIBCUR
TPODEBO;18W000000000OKH3;TYCEG;CEG(TARIFA,NO RENOV,NO EXENTO);0,5;Natural Gas Cogeneration;CEG;TPODEBO
TPPURI;18WTPPURI-1234-3;TPPURI;COGENERACION PURI;0,0;Oil products and coal;FEN;TPFEN
TRA1;18WTRA1-12345-AO;TRNCOLOB 1;TRANCO DEL LOBO 1;1,2;Hydro UGH;IBEG;JUCA
TRA2;18WTRA2-12345-AE;TRNCOLOB 2;TRANCO DEL LOBO 2;1,2;Hydro UGH;IBEG;JUCA
TRA3;18WTRA3-12345-A4;TRNCOLOB 3;TRANCO DEL LOBO 3;1,2;Hydro UGH;IBEG;JUCA
TRACTA;18W000000000RD25;TRACTA;TRACTA;1,3;Biogas;DETIC;TTRACTA
TRADC01;18W000000000H8A7;TRADC01;TRADC01;11.136,0;Market direct consumption;TRADB;TRADC01
TRAFO;18W0000000008QRT;TRAFO;UF TRAFO FOTOVOLTAICA;1,9;Solar PV;GNRA;TOFGE
TRAJUN;18W000000000RD17;TRAJUN;TRAJUN;15,0;Natural Gas Cogeneration;DETIC;TTRAJUN
TRALMAZ;18WTRALMAZ-123-4;TRALMAZ;PLANTA TRATAMIENTO PURINES ALM;14,8;Natural Gas Cogeneration;GNCO;TFGASN
TRAPERA;18WTRAPERA-123-1;TRAPERA;18WTRAPERA-123-1;9,9;Wonshore wind;EGLE;EPEGLE
TRARGIS;18WTRARGIS-123-K;TRARGIS;TRARGISA;2,0;Household and similar wastes;AME;RESIAME
TRASESA;18WTRASESA-12-DL;TRASESA;TRASESA;31,7;Household and similar wastes;TERSA;TYTERSA
TRATPUR;18W000000000RA3C;TRATPUR;TRATAMIENTO DE PURINES;15,0;Natural Gas Cogeneration;EGLE;TECONAV
TRB1;18WTRB1-12345-AD;TRNCOBEA 1;TRANCO DE BEAS 1;15,7;Hydro UGH;ENDG;GDLQ
TRB2;18WTRB2-12345-A3;TRNCOBEA 2;TRANCO DE BEAS 2;7,6;Hydro UGH;ENDG;GDLQ
TRB3;18WTRB3-12345-AU;TRNCOBEA 3;TRANCO DE BEAS 3;15,7;Hydro UGH;ENDG;GDLQ
TRBGN;18W000000000MHFO;TRBGN;TRBGN;42,2;Solar PV;GNRA;HABGN
TRBON;18W000000000GOZO;TRBON;TRBON;36,7;Solar PV;GNRA;UPBON3
TRC2;18WTRC2-12345--E;TRC2;TRC2;0,9;Hydro UGH;WMARK;TRC2
TRCD;18WTRCD-12345-AU;TRONCEDA;TRONCEDA;2,2;Hydro UGH;WMARK;TRCD
TRD1;18WTRD1-12345-AS;TERRADET 1;TERRADETS 1;16,0;Hydro UGH;ENDG;EBRFEN
TRD2;18WTRD2-12345-AI;TERRADET 2;TERRADETS 2;16,0;Hydro UGH;ENDG;EBRFEN
TRDESI;18W000000000L9M1;TRDESI;UF TRDESI;9,9;Solar PV;NEXU;FTRDESI
TRE1;18WTRE1-12345-AH;TRESPAD 1 ;TRESPADERNE 1;7,4;Hydro UGH;IBEG;EBRA
TRE2;18WTRE2-12345-A7;TRESPAD 2;TRESPADERNE 2;7,4;Hydro UGH;IBEG;EBRA
TREAQ1;18W000000000T694;TREAQ1;TREAQ1;24,5;Solar PV;GNRA;UPTREV1
TREAQ2;18W000000000T686;TREAQ2;TREAQ2;24,5;Solar PV;GNRA;UPTREV2
TREITO;18WTREITO-123-ES;TREITO;P.E. MONTE TREITO;30,3;Wonshore wind;IBGES;EHIBGES
TREMUZO;18WTREMUZO-12-EX;TREMUZO;P.E. TREMUZO;44,6;Wonshore wind;IBGES;EHIBGES
TRESPIC;18WTRESPIC-12--9;TRESPIC;P.E. TRES PICOS;2,4;Wonshore wind;WMARK;EFWMARK
TRGU;18WTRGU-12345-A1;TREGURA;TREGURA;4,5;Hydro UGH;ENDG;EBRFEN
TRI1;18W000000000T37H;TRI1;TRI1;42,5;Solar PV;REPSB;FTRI
TRI2;18W000000000T38F;TRI2;TRI2;42,5;Solar PV;REPSB;FTRI
TRI3;18W000000000S779;TRII3;TRILLO 3;42,5;Solar PV;REPSB;FTRI
TRI4;18W000000000T39D;TRI4;TRI4;42,5;Solar PV;REPSB;FTRI
TRICC01;18W000000000SZ8Y;TRICLINIUM;TRICLINIUM INVERSIONES SL;0,6;Competitive suppliers;TRICL;TRICC01
TRILLO1;18W000000000Q0VR;THERMISTO;THERMISTO FV147;40,0;Solar PV;SHEEN;SHEPV22
TRILLO2;18W000000000Q6BC;TELESTO7;TELESTO7;40,0;Solar PV;SHEEN;SHEPV23
TRILLO3;18W000000000Q4BI;TRILLO3;TETHYS FV144 TRILLO3;40,0;Solar PV;SHEEN;SHEPV24
TRILLO4;18W000000000Q0XN;RHEA;TRILLO4;40,0;Solar PV;SHEEN;SHEPV25
TRILLO5;18W000000000Q6D8;TELESTO;TELESTO;40,0;Solar PV;SHEEN;SHEPV26
TRIPCX1;18W000000000SU0S;PORGENC;PORT_GEN_CMPRA;9.999,0;Porfolio;TRISO;TRIPCX1
TRIPVX1;18W000000000SU2O;PORGENV;PORT_GEN_VNTA;9.999,0;Porfolio;TRISO;TRIPVX1
TRITURA;18W000000000U03U;TRITURA;TRITURA;1,0;Competitive suppliers;EDPCL;EDPCR01
TRIVINO;18W000000000OGGH;TRIVINO;TRIVINO;2,0;Natural Gas Cogeneration;DETIC;COGTRIV
TRL1;18WTRL1-12345-BC;TRILLO;TRILLO I;1.003,4;Nuclear;IGNU;TRL1
TRLL;18W000000000TAVM;TRLL;TRLL;50,0;Wonshore wind;REPSB;ECERRA2
TROFW;18W000000000QZEU;TROFW;TROFW;3,5;Solar PV;GNRA;FVGNRA
TRRSMA;18WTRRSMA--12-DK;TRRSMA;TRA I REV R SOLIDS DEL MARESME;11,2;Household and similar wastes;UTTEM;TUTETEM
TRUCAF;18WTRUCAF-123-E7;TRUCAF;P.E. EL TRUCAFORT;29,8;Wonshore wind;GNCO;EFPART
TRUET;18W00000000001TL;TRUETA;UF TRUETA;1,4;Natural Gas Cogeneration;AME;TWAME
TRUJSER;18W-TRUJSER-7--V;TRUJSER;TRUJILLO 3;10,0;Solar PV;GNRA;VEMTR
TSEAT;18WTSEAT-1234--1;SEAT;SEAT;22,8;Natural Gas Cogeneration;CLIDM;TSEAT
TSLARIS;18W000000000TXKC;TSRISCA;TS LA RISCA;50,0;Solar thermal;WMARK;TSRISCA
TSMAJAD;18W000000000TXJE;TSMAJADAS;TS MAJADAS;50,0;Solar thermal;WMARK;TSMAJAD
TSOLC01;18W-TSOLC01-6--4;TSOL_UPC01;TSOL_UPC01;75,0;Competitive suppliers;TSOL;TSOLC01
TSPALM1;18W000000000TXDQ;TSPALMARIO;TS PALMA RIO I;50,0;Solar thermal;WMARK;TSPALMA
TSPALM2;18W000000000TXEO;TSPALMARIO;TS PALMA RIO II;50,0;Solar thermal;WMARK;TSPALMA
TSRDCP3;18W000000000IY3D;TSRDCP3;TSRDE EXPORT;500,0;Import France;TSRDE;TSRDCP3
TSRDVP3;18W000000000IY4B;TSRDVP3;TSR DE IMPORT UNIT;500,0;Export France;TSRDE;TSRDVP3
TUC132;18W000000000TKN8;TUC132;TUC132;30,0;Solar PV;SOLRC;FTUC132
TUCAC01;18W000000000K97Z;TUCAN;TUCAN_ENERGIA;1,0;Competitive suppliers;TUCAN;TUCAC01
TUDEAB;18W000000000OSFK;TUDEAB;TUDEAB;1,0;Competitive suppliers;EDPCL;EDPCR01
TUDELA;18WTUDELA-123-AD;TUDELA;SALTO DE TUDELA;5,0;Hydro non UGH;EGED;HFEGED
TUDELR;18W000000000OSHG;TUDELR;TUDELR;1,0;Competitive suppliers;EDPCL;EDPCR01
TUDETV;18W000000000OSGI;TUDETV;TUDETV;1,0;Competitive suppliers;EDPCL;EDPCR01
TUELC01;18W000000000OX9H;UP TUELE;UP TU ELECTRICA;0,1;Competitive suppliers;TUELE;TUELC01
TUREGAN;18WTUREGAN-123-Q;TUREGAN;TURÉGANO;14,6;Natural Gas Cogeneration;COGEN;TIGTUR
TUROMAG;18WTUROMAG-123-W;TUROMAG;P.E TURO;28,0;Wonshore wind;GNCO;EGASNE0
TURRNRO;18W000000000LPZ1;TURRONEROS;UF SOLAR TURRONEROS;42,2;Solar PV;NEXU;FTURRON
TUSSBA;18W000000000MIFL;TUSSBA;TUSSBA;4,2;Solar PV;GNRA;FVGNRA
TWINHS1;18W000000000S44O;FGST155;FGST155;1,4;Solar PV;GESTE;FGST155
TXUTXU;18WTXUTXU-123-EU;TXUTXU;P.E. TXUTXU;17,4;Wonshore wind;EGED;EGREEN
TXZC01F;18W000000000U1NO;TXZC01F;TXZC01F;1,5;Market direct consumption;TEXOR;TEXZR01
TYAME;18W-TYAME-890--T;TYAME;AME (NORENOV.,TARIFA,NOEXENTA);8,1;Natural Gas Cogeneration;AME;TYAME
TYCEG;18W-TYCEG-579--K;TYCEG;CEG(TARIFA,NO RENOV,NO EXENTO);5,4;Natural Gas Cogeneration;CEG;TYCEG
TYDETIC;18W-TYDETIC-3--H;TYDETIC;TYDETIC;0,9;Natural Gas Cogeneration;DETIC;TYDETIC
TYEEXXI;18W-TYEEXXI-3--J;TYEEXXI;END CUR  ( TARIFA, TERMICA NO;56,8;Natural Gas Cogeneration;EEXXI;TYEEXXI
TYEGLE;18W-TYEGLE-12--5;TYEGLE;TYEGLE;3,9;Natural Gas Cogeneration;EGLE;TYEGLE
TYEONUR;18W-TYEONUR-8--U;TYEONUR;E.ON CUR ( TARIFA, TERMICA NO;6,7;Natural Gas Cogeneration;EONUR;TYEONUR
TYGENER;18W-TYGENER-2--E;TYGENER;TYGENER;0,9;Natural Gas Cogeneration;ADXRE;TYGENER
TYGNRA;18W-TYGNRA-53--Q;TYGNRA;TYGNRA;3,4;Natural Gas Cogeneration;GNRA;TYGNRA
TYGNSUR;18W-TYGNSUR-6--O;TYGNSUR;GN SUR SDG ( TARIFA, TERMICA N;51,6;Natural Gas Cogeneration;GNSUR;TYGNSUR
TYHCCUR;18W-TYHCCUR-8--B;TYHCCUR;HC CUR ( TARIFA,TERMICA NO REN;6,0;Natural Gas Cogeneration;HCCUR;TYHCCUR
TYHCG;18W000000000DA4T;TYHCG;VENTA COGENERACIONES Y MICROS;0,0;Natural Gas Cogeneration;HC G;TYHCG
TYIBCUR;18W-TYIBCUR-6--I;TYIBCUR;IB CUR  ( TARIFA, TERMICA NO R;118,1;Natural Gas Cogeneration;IBCUR;TYIBCUR
TYLAUE3;18W000000000R1EH;TYLAUE3F;UF DE TYLAUE3;9,2;Oil products and coal;LAUEI;TYLAUE3
TYLMER;18W-TYLMER-10--2;TYLMER;CERÁMICA DOBON;40,1;Natural Gas Cogeneration;LMER;TYLMER
TYNEXU;18W-TYNEXU-65--L;TYNEXU;TYNEXU;9,7;Natural Gas Cogeneration;NEXU;TYNEXU
TYWMARK;18W-TYWMARK-7--2;TYWMARK;COGENERACION SIN UF;3,8;Natural Gas Cogeneration;WMARK;TYWMARK
TZNETA;18W000000000T34N;TZNETA;UF SOLAR ATZENETA;1,5;Solar PV;NEXU;FTZNETA
UB09BU;18W000000000OSQZ;UB09BU;UB09BU;1,0;Competitive suppliers;FORTI;FORTR01
UBE000;18W000000000S31X;UBE000;UBE000;1,0;Competitive suppliers;ENDCO;ENDER01
UCARRIL;18W000000000HG3Y;UCARRIL;UF SOLAR CARRIL;42,2;Solar PV;NEXU;FCARRIL
UCHE;18WUBE-CHEMICALR;UCHE;UBE CHEMICAL EUROPE;16,8;Natural Gas Cogeneration;DETIC;COGUCHE
UF_ALBO;18W000000000T2AE;UF_ALBOLOT;UF_ALBOLOTE_FV;1,5;Solar PV;LIDER;ALBOLOT
UF_DOLA;18W000000000U5JK;UF_DOLAR;ES-UF_DOLAR;4,9;Solar PV;LIDER;DOLAR
UF_GUAD;18W000000000TN5Z;UF_GUADIX;UF PFV GUADIX II Y IV;6,2;Solar PV;LIDER;GUADIX_
UF-MOLI;18W00000000032FY;UF-MOLIVI;UF-MOLIVI;0,1;Hydro UGH;AMADR;MOLIVI
UF-RESS;18W00000000032D1;UF-RESSEC;UF RESSEC;0,2;Hydro UGH;AMADR;RESSEC
UF-TARC;18W000000000T7YP;FV MAZ TMA;FV MAZARRON TERMOARCILLA;2,3;Solar PV;LMER;TERMOAR
UFACAC;18W000000000T80G;UFCOMPRA;UF ACADIEMS COMPRA;1,0;Storage buy;IGNIS;UPACAC
UFACAMP;18W000000000RRAL;UFACAMPO;UF CF ACAMPO ESTREN 11498;25,0;Solar PV;IGNIS;UPACAMP
UFACAV;18W000000000T82C;UFVENTA;UF ACADIEMS VENTA;1,1;Storage sale;IGNIS;UPACAV
UFADEL;18W000000000TBNZ;UFADELFA;UF ADELFA SOLAR;46,5;Solar PV;IGNIS;UPADEL
UFAG001;18W000000000KI4E;UF AG001;UF AG001;3,0;Solar PV;GNRA;FVGNRA
UFAG002;18W000000000KI5C;UF AG002;UF AG002;4,5;Solar PV;EFG;FGEFG
UFAG003;18W000000000KI6A;UF AG003;UF AG003;3,8;Solar PV;EFG;FGEFG
UFAG004;18W000000000KI78;UF AG004;UF AG004;3,5;Solar PV;GNRA;FVGNRA
UFAG005;18W000000000KI86;UF AG005;UF AG005;1,7;Solar PV;EFG;FGEFG
UFAG006;18W000000000KI94;UF AG006;UF AG006;3,0;Solar PV;GNRA;FVGNRA
UFAG008;18W000000000KIB0;UF AG008;UF AG008;2,7;Solar PV;EFG;FGEFG
UFAG009;18W000000000KICZ;UF AG009;UFAG009;2,3;Solar PV;EFG;FGEFG
UFAG012;18W000000000KIFT;UF AG012;UF AG012;1,9;Solar PV;EFG;FGEFG
UFAG013;18W000000000KIGR;UF AG013;UF AG013;0,2;Solar PV;EFG;FGEFG
UFAG014;18W000000000KIHP;UF AG014;UF AG014;1,5;Solar PV;GNRA;FVGNRA
UFAG015;18W000000000KIIN;UF AG015;UF AG015;1,5;Solar PV;GNRA;FVGNRA
UFAG017;18W000000000KIKJ;UF AG017;UF AG017;1,3;Solar PV;EFG;FGEFG
UFAG019;18W000000000KIMF;UF AG019;UF AG019;1,2;Solar PV;EFG;FGEFG
UFAG022;18W000000000KIP9;UF AG022;UF AG022;0,8;Solar PV;EFG;FGEFG
UFAG023;18W000000000KIQ7;UF AG023;UF AG023;1,1;Solar PV;EFG;FGEFG
UFAG027;18W000000000MDHW;UFAG027;UFAG027;10,0;Solar PV;EFG;UPGR025
UFAG028;18W000000000MDIU;UFAG028;UFAG028;10,0;Solar PV;EFG;UPGR026
UFAG029;18W000000000MDJS;UFAG029;UFAG029;7,2;Solar PV;EFG;UPGR027
UFAG030;18W000000000MDKQ;UFAG030;UFAG030;1,8;Solar PV;EFG;FGEFG
UFAG031;18W000000000MDLO;UFAG031;UFAG031;6,6;Solar PV;EFG;UPGR028
UFAG033;18W000000000SPJ5;UFAG033;UFAG033;7,9;Solar PV;EFG;UPGR030
UFAG034;18W000000000T3E3;UFAG034;UFAG034;3,7;Solar PV;EFG;FGEFG
UFAG035;18W000000000T3F1;UFAG035;UFAG035;3,0;Solar PV;EFG;FGEFG
UFAG036;18W000000000T4NJ;UFAG036;UFAG036;1,8;Solar PV;EFG;FGEFG
UFAG037;18W000000000TBL2;UFAG037;UFAG037;4,2;Solar PV;EFG;FGEFG
UFAG038;18W000000000TFX3;UFAG038;UFAG038;4,7;Solar PV;EFG;FGEFG
UFAG039;18W000000000TROM;UFAG039;UFAG039;1,2;Solar PV;EFG;FGEFG
UFAG040;18W000000000U4Q9;UFAG040;UFAG040;1,1;Solar PV;EFG;FGEFG
UFAGFO1;18W000000000RBDQ;UFAGFO1;UFAGFO1;1,6;Solar PV;EFG;FGEFG
UFAGFO2;18W000000000RBEO;UFAGFO2;UFAGFO2;2,3;Solar PV;EFG;UPGR032
UFAGFO3;18W000000000RBFM;UFAGFO3;UFAGFO3;1,0;Solar PV;EFG;FGEFG
UFAIRPO;18W000000000RR8P;FAIRPORT;UF SOLAR AIRPORT FV 1133327;43,6;Solar PV;IGNIS;UPAIRPO
UFALAMB;18W000000000SEAJ;ALAMBOR SO;ALAMBOR SOLAR SLU;44,5;Solar PV;IGNIS;UPALAMB
UFALG1;18W000000000T4GX;UFGUADA1;UF ALCALA GUADAIRA 1;10,0;Solar PV;IGNIS;UPALG1
UFALG2;18W000000000T4IT;UFGUADA2;UF ALCALA GUADAIRA 2;2,7;Solar PV;IGNIS;UPALG2
UFALIER;18W000000000TORP;UFALIER;UFALIER;1,0;Competitive suppliers;ATLAS;ATLSR01
UFALMAN;18W000000000SMWP;UF ALMANSO;UF ERG SOLAR ALMANSA SLU;42,0;Solar PV;IGNIS;UPALMAN
UFALME;18W000000000T50P;UFALMENDRO;UF ALMENDRO SOLAR;46,2;Solar PV;IGNIS;UPALME
UFANDEL;18W000000000RQHA;UF ANDELLA;UF PE ANDELLA;48,2;Wonshore wind;IGNIS;UPANDEL
UFARCH2;18W000000000S7B1;UFARCHO II;UF MATILDE SOLAR SL;43,5;Solar PV;IGNIS;UPARCH2
UFARCHI;18W000000000S795;UF ARCHO I;UF IRINEO INERGIA SL;43,5;Solar PV;IGNIS;UPARCHI
UFARENA;18W000000000QQWL;UF ARENOSA;UF FV ARENOSAS;43,5;Solar PV;IGNIS;UPARENA
UFAZUBI;18W000000000QH01;AZUBAS;PE LAS AZUBAS;46,0;Wonshore wind;IGNIS;UPMONCA
UFBAD1;18W000000000TIT2;UFBADAJOZ1;UF BADAJOZ 1;41,6;Solar PV;IGNIS;UPBAD1
UFBAD2;18W000000000SWB0;UFBADAJOZ2;UF BADAJOZ 2;41,6;Solar PV;IGNIS;UPBAD2
UFBAD3;18W000000000TMHE;UFBADAJOZ3;UF BADAJOZ 3;41,6;Solar PV;IGNIS;UPBAD3
UFBAD4;18W000000000SWZQ;UFBADAJOZ4;UF BADAJOZ 4;41,6;Solar PV;IGNIS;UPBAD4
UFBAD5;18W000000000TMJA;UFBADAJOZ5;UF BADAJOZ 5;41,6;Solar PV;IGNIS;UPBAD5
UFBAD6;18W000000000TIVZ;UFBADAJOZ6;UF BADAJOZ 6;41,6;Solar PV;IGNIS;UPBAD6
UFBAD7;18W000000000SUGX;UFBADAJOZ7;UF BADAJOZ 7;24,9;Solar PV;IGNIS;UPBAD7
UFBALU;18W000000000U3XZ;UFBALUARTE;UF BALUARTE SOLAR;35,3;Solar PV;IGNIS;UPBALU
UFBAOB;18W000000000SOUN;UFBAOBAB;UF BAOBAB;81,2;Solar PV;IGNIS;UPBAOB
UFBARR;18W000000000SKKI;UFBARRANQU;UF PSF BARRANQUILLA;40,0;Solar PV;IGNIS;UPBARR
UFBERRO;18W000000000Q4RN;BERROCAL;FV BERROCAL - FERROVIAL;44,1;Solar PV;IGNIS;UPBERRO
UFBOMB;18W000000000U3V2;UFBOMBARDA;UF BOMBARDA SOLAR;35,3;Solar PV;IGNIS;UPBOMB
UFBOOR;18W000000000P3SS;UFBOOR;UFBOOR;2,2;Natural Gas Cogeneration;DETIC;COGBOOR
UFBORJA;18W000000000OHBO;UFBORJA;UFBORJA;3,0;Natural Gas Cogeneration;DETIC;COGBORJ
UFBRAZA;18W000000000S7GS;UF BRAZATO;UF ELAWAN FOTOVOLTAICA BRAZATO;44,1;Solar PV;IGNIS;UPBRAZA
UFBRAZO;18W000000000RYVW;BRAZOINVES;UF BRAZOINVES I;30,0;Solar PV;IGNIS;UPBRAZO
UFBRIKE;18W000000000OHEI;UFBRIKE;UFBRIKE;1,0;Natural Gas Cogeneration;DETIC;COGBRIK
UFCABEZ;18W000000000RDM2;UF CABEZO;UF CABEZO;49,4;Wonshore wind;IGNIS;UPCABEZ
UFCAMI;18W000000000UHLH;UFCAMICRUZ;UF CAMINO DE LA CRUZ;43,5;Solar PV;IGNIS;UPCAMI
UFCAMP;18W000000000Q35X;CAMPANARIO;CAMPANARIO;38,0;Wonshore wind;IGNIS;UPALFOZ
UFCASTA;18W000000000SNJB;UF CASTAÑO;UF CASTAÑO SOLAR;112,8;Solar PV;IGNIS;UPCASTA
UFCERN;18W000000000SL0I;CERNEGULA;UF CERNEGULA;45,0;Wonshore wind;IGNIS;UPCERN
UFCERR;18W000000000SI99;UFELCERRO;MATRIX-CERRO;40,3;Solar PV;IGNIS;UPCERR
UFCHAM;18W000000000SZ45;UFCHAMORRO;UF CHAMORRO;8,0;Solar PV;IGNIS;UPCHAM
UFCIERZ;18W000000000S0K4;UF CIERZO;UF CIERZO AMARENCO;20,0;Solar PV;IGNIS;UPCIERZ
UFCIMER;18W000000000SE9L;CIMERA SOL;CIMERA SOLAR SLU;40,0;Solar PV;IGNIS;UPCIMER
UFCIPRI;18W000000000R80O;UFCIPRI;UFCIPRI;3,4;Oil products and coal;DETIC;COGCIPR
UFCORA1;18W000000000QSOV;MOLINO 1;PE CORRAL DEL MOLINO I;23,2;Wonshore wind;IGNIS;UPRCIER
UFCORA2;18W000000000QSPT;MOLINO 2;PE CORRAL DE LMOLINO II;29,0;Wonshore wind;IGNIS;UPRCIER
UFCORAC;18W000000000SE6R;CORACHA SO;CORACHA SOLAR SLU;40,0;Solar PV;IGNIS;UPCORAC
UFCOV2;18W000000000SOYF;UFCOVATI2U;UF COVATILLAS 2;41,7;Solar PV;IGNIS;UPCOV2
UFCOV3;18W000000000SP14;UFCOVATI3;UF COVATILLAS 3;41,7;Solar PV;IGNIS;UPCOV3
UFCOV4;18W000000000SP30;UFCOVATI4;UF COVATILLAS 4;41,7;Solar PV;IGNIS;UPCOV4
UFCUCO;18W000000000RYWU;UF EL CUCO;UF PLANTA FOTOVOLTAICA EL CUCO;32,0;Solar PV;IGNIS;UPCUCO
UFDULCI;18W000000000Q330;LA DEHESIC;PE LA DEHESICA;28,5;Wonshore wind;IGNIS;UPDULCI
UFELVIS;18W000000000QPJD;ELVISA;UF FV ELVISA;40,8;Solar PV;IGNIS;UPELVIS
UFENE01;18W000000000S5E1;UFENE01;UFENE01;4,8;Solar PV;EFG;UPENE01
UFENE02;18W000000000S5GY;UFENE02;UFENE02;4,8;Solar PV;EFG;UPENE02
UFERES;18W000000000SW5C;UFERESMA;UF ERESMA SOLAR;44,0;Solar PV;IGNIS;UPERES
UFESC;18W000000000QGYA;ESCANDON;PE AMPLIACIN PUERTO ESCAND;23,5;Wonshore wind;IGNIS;UPJALON
UFESCA1;18W000000000TT6F;UFESCA1;UF ELAWAN ESCATRON 1;25,6;Solar PV;IGNIS;UPESCA1
UFESCA2;18W000000000TT8B;UFESCA2;UF ELAWAN ESCATRON 2;25,6;Solar PV;IGNIS;UPESCA2
UFESCA3;18W000000000TTA7;UFESCA3;UF ELAWAN ESCATRON 3;25,6;Solar PV;IGNIS;UPESCA3
UFESQUE;18W000000000QEQW;UF ESQUEDA;UF SUNRISE VENTURES 1 ESQUEDA;12,5;Solar PV;IGNIS;UPESQUE
UFESTAN;18W000000000OH6Y;UFESTAN;UFESTAN;4,3;Natural Gas Cogeneration;DETIC;COGESTA
UFFUENT;18W000000000Q3BL;LAS FUENTE;LAS FUENTES;18,0;Wonshore wind;IGNIS;UPALFOZ
UFFUEVA;18W000000000Q39P;FUENTE VA;FUENTE VAN;32,0;Wonshore wind;IGNIS;UPALFOZ
UFGARNA;18W000000000S8FR;UFGARNACHA;UF GARNACHA SOLAR SL;114,4;Solar PV;IGNIS;UPGARNA
UFGAZ1;18W000000000SQ03;UFGAZULES1;UF GAZULES 1;45,8;Solar PV;IGNIS;UPGAZ1
UFGAZ2;18W000000000SPZA;UFGAZULES2;UF GAZULES 2;45,8;Solar PV;IGNIS;UPGAZ2
UFGER2;18W000000000SZ61;UFGERENA2;UF GERENA 2;43,4;Solar PV;IGNIS;UPGER2
UFGINES;18W000000000RDL4;GINESTAR;UF VENTA DEL GINESTAR;48,0;Wonshore wind;IGNIS;UPGINES
UFGUARD;18W000000000S0L2;UFGUARDIAN;UF GUARDIAN AMARENCO;32,0;Solar PV;IGNIS;UPGUARD
UFGUITA;18W000000000QQZF;LA GUITA ;UF FV LA GUITA;43,5;Solar PV;IGNIS;UPGUITA
UFIALBA;18W000000000U21S;UF ALBATER;UF ALBATERA;3,0;Solar PV;TRISO;ALBATER
UFICS;18WUFICS-12345-Y;UFICS;UNION INDUSTRIAL PAPELERA;32,5;Natural Gas Cogeneration;AME;TUFICS
UFINCUS;18W000000000OHAQ;UFINCUS;UFINCUS;1,9;Natural Gas Cogeneration;DETIC;COGINCU
UFJENAR;18W000000000R3H5;UF JENARIZ;UF JENARIZ PE NAVARRA;24,0;Wonshore wind;IGNIS;UPJENAR
UFKEN1;18W000000000T8TW;UF KENIA 1;UF KENIA SOLAR 1;34,7;Solar PV;IGNIS;UPKEN1
UFKEN2;18W000000000T8VS;UF KENIA 2;UF KENIA SOLAR 2;34,7;Solar PV;IGNIS;UPKEN2
UFKEN3;18W000000000T8XO;UF KENIA 3;UF KENIA SOLAR 3;34,7;Solar PV;IGNIS;UPKEN3
UFKEN4;18W000000000T8ZK;UF KENIA 4;UF KENIA SOLAR 4;34,7;Solar PV;IGNIS;UPKEN4
UFLAGU;18W000000000T2W7;UF LAGUARD;UF LA GUARDIA;40,0;Solar PV;IGNIS;UPLAGU
UFLINTE;18W000000000R3I3;UF LINTE ;UF LINTE PE NAVARRA;33,0;Wonshore wind;IGNIS;UPJENAR
UFLLANO;18W000000000QGXC;ETPELLANO;ET PE LLANO;49,9;Wonshore wind;IGNIS;UPEBRO
UFLUBIA;18W000000000QERU;ALTOSLUBIA;UF ALTOS DE LUBIA;14,6;Solar PV;IGNIS;UPLUBIA
UFLUZ1;18W000000000SHB8;LA LUZ I;ALTER ENERSUN SA LA LUZ I;49,9;Solar PV;IGNIS;UPLUZ1
UFLUZ2;18W000000000SHC6;LA LUZ II;ALTER ENERSUN LA LUZ II;49,8;Solar PV;IGNIS;UPLUZ2
UFLUZ3;18W000000000SHF0;LA LUZ III;ALTER ENERSUNLA LUZ III;17,7;Solar PV;IGNIS;UPLUZ3
UFLUZ4;18W000000000SHD4;LA LUZ IV;ALTER ENERSUN LA LUZ IV;17,7;Solar PV;IGNIS;UPLUZ4
UFLUZ5;18W000000000SHGZ;LA LUZ V;ALTER ENERSUN LA LUZ V;17,7;Solar PV;IGNIS;UPLUZ5
UFLUZ6;18W000000000SHHX;LA LUZ VI;ALTER ENERSUN LA LUZ VI;19,2;Solar PV;IGNIS;UPLUZ6
UFLUZ7;18W000000000SHIV;LALUZVII;ALTER ENERSUN LA LUZ VII;19,2;Solar PV;IGNIS;UPLUZ7
UFLUZ8;18W000000000SHAA;LA LUZ VII;LA LUZ VIII;3,3;Solar PV;IGNIS;UPLUZ8
UFMACHO;18W000000000RXDY;UF MACHOS;UF LOS MACHOS;44,0;Solar PV;IGNIS;UPMACHO
UFMADER;18W000000000QH3W;MADERUELO ;COGENERACIN MADERUELO MYTA;1,2;Oil products and coal;IGNIS;UPMADER
UFMAJ6B;18W000000000RUY1;MAJAS B;LAS MAJAS VIB;49,4;Wonshore wind;IGNIS;UPMAJAS
UFMAJ6C;18W000000000RV0T;MAJAS C;LAS MAJAS VIC;49,4;Wonshore wind;IGNIS;UPMAJAS
UFMAJ6D;18W000000000RV1R;MAJAS D;LAS MAJAS VID;14,5;Wonshore wind;IGNIS;UPMAJAS
UFMALAB;18W000000000QQXJ;MALABRIGO ;UF FV MALABRIGO;43,5;Solar PV;IGNIS;UPMALAB
UFMANZT;18W000000000RYUY;MANZTIERRA;UF MANZTIERRA I;30,0;Solar PV;IGNIS;UPMANZT
UFMARC2;18W000000000R3LY;UFSANMAR2;UF SAN MARCOS II PE NAVARRA;6,0;Wonshore wind;IGNIS;UPJENAR
UFMBEC;18W000000000U40O;UFMBECERRI;UF MONTE BECERRIL;19,2;Wonshore wind;IGNIS;UPMBEC
UFMENGI;18W000000000OH7W;UFMENGI;UFMENGI;3,6;Natural Gas Cogeneration;DETIC;COGMENG
UFMFUS;18W000000000SVEY;UF M FUSTE;UF MAS FUSTE;1,4;Solar PV;TRISO;MFUSTE
UFMIRA;18W000000000U9DK;UFMIRAVETE;UF PE MIRAVETE;30,0;Wonshore wind;IGNIS;UPMIRA
UFMONEG;18W000000000QH2Y;LIMONETES;CSF LOS LIMONETES;46,1;Solar PV;IGNIS;UPMONEG
UFMONTE;18W000000000QSNX;MONTECILLO;PE MONTECILLO;39,0;Wonshore wind;IGNIS;UPRCIER
UFMUGA2;18W000000000RDJ8;LA MUGA II;UF LA MUGA III;49,4;Wonshore wind;IGNIS;UPMUGA2
UFMUGA3;18W000000000RDK6;LA MUGA 3;UF LA MUGA III;30,4;Wonshore wind;IGNIS;UPMUGA3
UFMUGAI;18W000000000RDIA;LA MUGA I;UF LA MUGA I;15,0;Wonshore wind;IGNIS;UPMUGAI
UFMUTXA;18W000000000U5S2;UFMUTXA;UFMUTXAMEL;2,8;Solar PV;METEN;METEV09
UFNAVIC;18W000000000Q34Z;LA NAVICA;PE LA NAVICA;30,0;Wonshore wind;IGNIS;UPNAVIC
UFNIEST;18W000000000RWFX;UF INIESTA;UF PARQUE ELICO INIESTA SLU;50,0;Wonshore wind;IGNIS;UPNIEST
UFNOGAL;18W000000000Q3AN;EL NOGAL;EL NOGAL;24,0;Wonshore wind;IGNIS;UPALFOZ
UFONDA;18W000000000QH4U;COG ONDA;COGENERACIN ONDA;4,8;Natural Gas Cogeneration;IGNIS;UPONDA
UFONDA1;18W000000000QH7O;UFONDA1;UFONDA1;4,4;Natural Gas Cogeneration;IGNIS;UPONDA1
UFPATO;18W000000000SOWJ;UF PATO;UF PATO SOLAR;95,6;Solar PV;IGNIS;UPPATO
UFPAVAS;18W000000000QTCF;UFPAVAS;UFPAVAS;2,1;Solar PV;DETIC;PAVASFT
UFPEP3;18W000000000SSAE;UFPEPINO3;UF PEPINO 3;3,0;Solar PV;IGNIS;UPPEP3
UFPICA;18W000000000QGZ8;PE PICAD;PE PICADOR;50,0;Wonshore wind;IGNIS;UPMONCA
UFPICON;18W000000000RON4;UF PICON;UF PSFV PICN;34,3;Solar PV;IGNIS;UPPICON
UFPIRON;18W000000000QGWE;RIO PIRON;COGE RIO PIRON;6,1;Oil products and coal;IGNIS;UPPIRON
UFPORT2;18W000000000RGKY;PORTILLO 2;UF PORTILLO 2;38,0;Wonshore wind;IGNIS;UPPORTI
UFPORTI;18W000000000RDN0;PORTILLO;UF PORTILLO;44,8;Wonshore wind;IGNIS;UPPORTI
UFPOWER;18W000000000Q1O1;UF POWER;UF POWER ELECTRONICS;3,6;Solar PV;IGNIS;UPPOWER
UFPSAL;18W000000000UHND;UFPIEDRA;UF PIEDRA DE LA SAL;43,5;Solar PV;IGNIS;UPPSAL
UFPTCHA;18WUFPTCHA-123-P;UF PTCHA;PORTOCHAO UF RO;0,1;Hydro UGH;LUM1;UPPTCHA
UFPTDIS;18WUFPTDIS-123-U;PTDIS;CH PORTODIS RO;0,5;Hydro UGH;LUM1;UPPTDIS
UFQUIJO;18W000000000Q322;MUNERA I;PE MUNERA I;39,6;Wonshore wind;IGNIS;UPQUIJO
UFRADON;18W000000000Q38R;RADONA;PE CERROS DE RADONA;40,0;Wonshore wind;IGNIS;UPRADON
UFREAL3;18W000000000QH6Q;PUERTO REA;PUERTO REAL III;44,0;Solar PV;METEN;METEV02
UFREBEN;18W000000000SNTS;UFREBENTO;UFREBENTO;4,3;Solar PV;IGNIS;UPREBEN
UFRETA;18W000000000T53J;UFRETAMA;UF RETAMA SOLAR;46,2;Solar PV;IGNIS;UPRETA
UFROCI1;18W000000000Q0CS;FVROCIO1;ROLWIND HUELVA 1 SLU;46,0;Solar PV;IGNIS;UPROCI1
UFROCI2;18W000000000Q0DQ;UFROCIO 2;ROLWIND HUELVA 2 SLU;46,0;Solar PV;IGNIS;ES-SROC
UFRODRI;18W000000000QPIF;RODRIGO 2;UF FV DON RODRIGO II;40,8;Solar PV;IGNIS;UPRODRI
UFSALG;18W000000000U42K;UFSALGUERO;UF SALGUERO EOLICA;31,0;Wonshore wind;IGNIS;UPSALG
UFSALI2;18W000000000SNQY;UFSALINET2;UFSALINETES;4,7;Solar PV;IGNIS;UPSALI2
UFSERBA;18W000000000SNL7;UF SERBAL ;UF SERBAL SOLAR;126,0;Solar PV;IGNIS;UPSERBA
UFSOCO;18W000000000T3TA;UFSOCOVOS;UF SOCOVOS;19,4;Solar PV;IGNIS;UPSOCO
UFSRG;18W000000000Q5BF;SRC;SANCHEZ ROMERO;1,6;Natural Gas Cogeneration;LMER;UPSRC
UFSSALI;18W000000000R73L;UFSALINETE;UF SALINETES SUN FARM SL S;4,0;Solar PV;IGNIS;UPSSALI
UFTABER;18W000000000SMXN;UF TABERNA;UF ERG SOLAR TABERNAS SLU;35,0;Solar PV;IGNIS;UPTABER
UFTDAMM;18W000000000OITM;UFTDAMM;UFTDAMM;1,1;Biomass;DETIC;COGDAMM
UFTORJ;18W000000000T3V6;UFTORRIS;UF TORRIJOS RJE;7,1;Solar PV;IGNIS;UPTORJ
UFTORR;18W000000000SRSI;UFTORRUBIA;UF PS TORRUBIA;40,0;Solar PV;IGNIS;UPTORR
UFTOSCA;18W000000000QBWT;UF TOSCANO;UF FV TOSCANO;41,5;Solar PV;IGNIS;UPTOSCA
UFTREG1;18W000000000SBGG;UFTREVAGO1;UF  PLANTA SOLAR OPDE 42 SL;30,0;Solar PV;IGNIS;UPTREG1
UFTREG2;18W000000000SBHE;UFTREVAGO2;UF;30,0;Solar PV;IGNIS;UPTREG2
UFTROVE;18W000000000OJ03;UFTROVE;UFTROVE;4,2;Natural Gas Cogeneration;DETIC;COGTROV
UFTRUJI;18W000000000QI2V;UF TRUJI;UF FV TRUJILLO;42,0;Solar PV;IGNIS;UPTRUJI
UFUNION;18W000000000OHCM;UFUNION;UFUNION;1,5;Natural Gas Cogeneration;DETIC;COGUNIO
UFURENA;18W000000000OH09;UFURENA;UFURENA;4,8;Natural Gas Cogeneration;DETIC;COGUREN
UFUTZUB;18W000000000OH9S;UFUTZUB;UFUTZUB;3,1;Natural Gas Cogeneration;DETIC;COGUTZU
UFVALD1;18W000000000QX4J;UF VALDOM1;UF VALDOMPERE MDO SUB 1;40,0;Solar PV;IGNIS;UPVALD1
UFVALD2;18W000000000QX5H;UF VALDOM2;UF VALDOMPERE MDO SUB 2;40,0;Solar PV;IGNIS;UPVALD2
UFVALD3;18W000000000QX6F;UF VALDOM3;UF VALDOMPERE MDO SUB 3;40,0;Solar PV;IGNIS;UPVALD3
UFVALDE;18W000000000QCYM;UFVALDENEB;UF VALDENEBRO SOLAR SL VALDE;39,2;Solar PV;IGNIS;UPVALDE
UFVALLE;18W000000000SLJH;UFVALLE;PSFV VALLE DEL SOL;40,0;Solar PV;IGNIS;UPVALLE
UFVENAT;18W000000000SDWF;UF VENATOR;UF VENATOR PA SPAIN SL;10,0;Natural Gas Cogeneration;IGNIS;UPVENAT
UFVILA2;18W000000000R90L;UO VILLA 2;UF - VILLANUEVA 2;42,2;Solar PV;GNRA;UPVILA2
UFVIRG2;18W000000000RDPX;VIRODANAS2;UF VIRGEN DE RODANAS II;49,5;Wonshore wind;IGNIS;UPVIRG2
UFVIRGE;18W000000000RDOZ;VIRODANASI;UF VIRGEN DE RODANAS I;49,5;Wonshore wind;IGNIS;UPVIRGE
UFVISCO;18W000000000RCBR;UFVISCO;UFVISCO;48,2;Natural Gas Cogeneration;IGNIS;UPVISCO
UFVLEBR;18W000000000Q37T;LA FATAREL;PE LA FATARELLA;49,9;Wonshore wind;IGNIS;UPVLEBR
UFVOLAN;18W000000000QSMZ;UF VOLANDI;UF PE VOLANDIN;43,4;Wonshore wind;IGNIS;UPRCIER
UFVVILA;18W000000000Q36V;VILALBA;PE VILALBA;48,9;Wonshore wind;IGNIS;UPVVILA
UFYARTE;18W000000000QQYH;EL YARTE ;UF FV EL YARTE;43,5;Solar PV;IGNIS;UPYARTE
UGIBT;18W000000000L25J;UGIBT;UGIBT;1,1;Solar PV;GNRA;FVGNRA
UIPSA1;18W000000000S32V;UIPSA1;UIPSA1;1,0;Competitive suppliers;ENDCO;ENDER01
ULDCONA;18W000000000SUA8;ULDCONA;UF SOLAR ULLDECONA;2,0;Solar PV;NEXU;FULCONA
ULEA;18WULEA-12345-AN;ULEA ;ULEA;1,5;Hydro UGH;BARER;ULEA
ULIB;18WULIB-12345-A6;ULIBARR-GA;ULLIVARRI-GAMBOA;0,1;Hydro UGH;IBEG;EBRA
ULMAFOR;18W000000000U04S;ULMAFOR;ULMAFOR;1,0;Competitive suppliers;EDPCL;EDPCR01
ULSOC01;18W000000000L5FR;ULTREYA ;SOL ULTREYA COMERCIALIZADORA;1,0;Competitive suppliers;ULSOL;ULSOC01
UMBRC01;18W000000000Q3RQ;UMBRELLA;UMBRELLA ELECTRON SL;1,0;Competitive suppliers;UMBRE;UMBRC01
UMEMC01;18W000000000F3BS;UMEME;UMEME UPR1;30,0;Competitive suppliers;UMEME;UMEMC01
UMIA;18WUMIA-12345-A4;UMIA;18WUMIA-12345-A4;3,2;Hydro non UGH;EGLE;HENGAG
UNAR;18WUNAR-12345-AL;UNARRE;UNARRE;7,8;Hydro UGH;ENDG;EBRFEN
UNELC01;18W-UNELC01-1--J;UNELC01;UNELC01;0,2;Competitive suppliers;UNEL;UNELC01
UNIFG;18W000000000JJB1;UNIFG;UNIFG;1,9;Solar PV;GNRA;FVGNRA
UNILEVE;18WUNILEVE-123-2;UNILEVER;UNILEVER;2,6;Natural Gas Cogeneration;EGED;TFEGED
UNION;18WUNION-1234--T;UNION;18WUNION-1234--T;5,2;Wonshore wind;REPSB;EUNION
UPFVSER;18W000000000RL86;FYGNSUR;GN SUR SDG ( TARIFA, FOTOVOLTA;0,0;Solar PV;LUM1;UPFVSER
UPINILA;18W000000000HG4W;UPINILA;UF PINILLA;43,8;Solar PV;NEXU;FPINILA
URACC0F;18W000000000QG4X;URANOVII;URANOSCOPIDAE VII ENERGIA SL;1,0;Competitive suppliers;URANC;URACC01
URAIC01;18W000000000J07T;URAIV;URANOSCOPIDAE IV;1,0;Competitive suppliers;URAIV;URAIC01
URANO;18WURANO-1234-E3;URANO;URANO;30,4;Wonshore wind;HISPE;DANNZN
URBAMER;18WURBAMER-123-3;URBAMER;URBASER MERUELO - TIRCANTABRIA;9,9;Household and similar wastes;TIRCA;RTIRCA
URBCC01;18W00000000076MT;URBE COMER;URBENER COMERCAIZADADORA;0,1;Competitive suppliers;URBEN;URBCC01
URBNC01;18W-URBNC01-1--O;URBE CD;URBENER CD;13,9;Market direct consumption;URBEN;URBNC01
URBZARA;18WURBZARA-123-O;URBZARA;URBZARA;5,4;Biogas;EGLE;RURBZA
URCAST2;18WURCAST2-123-U;URCAST2;URBEL DEL CASTILLO II;50,0;Wonshore wind;IBGES;EHIBGES
URD1;18WURD1-12345-AF;URDON 1;URDON 1;1,4;Hydro UGH;REPSB;VIES
URD2;18WURD2-12345-A5;URDON 2;URDON 2;1,6;Hydro UGH;REPSB;VIES
URD3;18WURD3-12345-AW;URDON 3;URDON 3;3,2;Hydro UGH;REPSB;VIES
URR1;18WURR1-12345-A9;URROZ 1;URROZ 1;0,4;Hydro UGH;IBEG;EBRA
URR2;18WURR2-12345--L;URROZ 2;URROZ 2;0,4;Hydro UGH;IBEG;EBRA
URSAM;18W000000000NDPC;URSA;URSAMAIOR;42,5;Solar PV;GESTE;FURSAMA
URT1;18WURT1-12345-AO;URDICETO 1;URDICETO 1;3,5;Hydro UGH;GNRA;CHURD
URT2;18WURT2-12345-AE;URDICETO 2;URDICETO 2;3,5;Hydro UGH;GNRA;CHURC
URU1;18WURU1-12345-AD;S-URUMEA 1;SANTIAGO-URUMEA 1;0,6;Hydro UGH;IBEG;EBRA
URU2;18WURU2-12345-A3;S-URUMEA 2;SANTIAGO-URUMEA 2;0,3;Hydro UGH;IBEG;EBRA
URU3;18WURU3-12345-AU;S-URUMEA 3;SANTIAGO-URUMEA 3;0,1;Hydro UGH;IBEG;EBRA
URUSC01;18W000000000TFPJ;URUS;URUS ENERGY SORIA SL;1,0;Competitive suppliers;URUSE;URUSC01
URVIC01;18W000000000SF1Y;URANOVI;URANOSCOPIDAE ENERGIA VI SL;1,0;Competitive suppliers;URANB;URVIC01
USEEA;18W000000000R8A4;USEEA;USEEA;3,0;Solar PV;GNRA;UPUSE
UTGTA2;18WUTGTA2-123--E;GTA2;UFI GTA2 UTE TEM;1,9;Household and similar wastes;UTTEM;TUTETEM
UZKITA;18WUZKITA-123-E2;UZKITA;P. E. ALTOS DE UZKITA;24,6;Wonshore wind;GNCO;EGASNE0
VACARIS;18WVACARIS-123-P;VACARIS;VACARIS;1,9;Biogas;NEXU;RVACARI
VADCB;18W000000000SI5H;VADCB;VADCB;4,0;Solar PV;GNRA;FVGNRA
VADI;18W000000000RK97;CHVADILLO;CHVADILLO;4,4;Hydro non UGH;CEG;HALTANO
VAL102;18W000000000U9SR;VAL102;VAL102;24,9;Solar PV;SOLRC;FVAL102
VALBA;18WVALBA-1234-EN;VALBA;P.E. DE VILLALBA;24,7;Wonshore wind;EGED;EGREEN
VALBON;18WVALBON-123-EU;VALBON;P.E. VALBONILLA;11,1;Wonshore wind;IBGES;EHIBGES
VALBUEN;18WVALBUEN-123-U;VALBUEN;P.E. VALBUENA;30,4;Wonshore wind;GNRA;PEVALB
VALCAIR;18W000000000RWLL;EGST147;EGST147;16,0;Wonshore wind;GESTE;EGST147
VALCALA;18WPEVI-ALCALA-M;VALCALA;P.E. VIENTO DE ALCALA (FASE I);42,0;Wonshore wind;EGED;EGREEN
VALCAR;18W000000000U89V;VALCAR;VALCAR;30,0;Solar PV;CEG;FVALCAR
VALD1;18W000000000SDRP;VALD1;VALD1;3,8;Solar PV;CEG;FVALD1
VALD2;18W000000000SDTL;VALDE2;VALD2;5,0;Solar PV;CEG;FVALD2
VALDECA;18WVALDECA-123-2;VALDECA;P.E. VALDECARRIÓN;34,0;Wonshore wind;IBGES;EHIBGES
VALDECB;18W000000000F6G9;VALDECABA;FV VALDECABALLEROS;34,3;Solar PV;ECYR;FEGPEM
VALDECU;18WVALDECU-123-A;VALDECU;18WVALDECU-123-A;2,1;Wonshore wind;EGLE;EVESTA
VALDEHO;18WVALDEHO-123-C;VALDEHORNO;P. E. VALDEHORNO;8,0;Wonshore wind;MIRAS;EMIRASI
VALDELU;18W000000000N30I;VALDELUGO;PE VALDELUGO;18,0;Wonshore wind;CEG;EVALDLU
VALDEMI;18WVALDEMI-12-DZ;VALDEMI;VALDEMINGOMEZ 2000;18,9;Biogas;DETIC;RFVALDE
VALDEMO;18W000000000T26M;VALDEMO;PE VALDEMORO;49,5;Wonshore wind;IBGES;EIBGEVA
VALDENA;18WVALDENA-123-P;VALDENA;PE VALDELANAVE;10,0;Wonshore wind;IBGES;EHIBGES
VALDEP;18WVALDEP-1234-P;VALDEP;P.E. VALDEPERONDO;46,0;Wonshore wind;IBGES;EHIBGES
VALDEPE;18WVALDEPE-123-I;VALDEPE;P.E.VALDEPERO;30,0;Wonshore wind;GNCO;EGASNE2
VALDESA;18WVALDESA-123-M;VALDESA;ENERGÍAS ESPECIALES ALTO ULLA;24,0;Wonshore wind;ECYR;EEGPEM
VALDESN;18W000000000LV48;VALDESN;PE VALDESANTOS;13,3;Wonshore wind;IBGES;EHIBGES
VALDESP;18W000000000T98Y;VALDESP;CH VALDESPARTERA;4,0;Hydro non UGH;EGLE;HRIEAG
VALDIHU;18W-VALDIHU-9--1;VALDIHU;PE VALDIHUELO;16,1;Wonshore wind;ECYR;EEGPEM
VALDIV;18WVALDIV-1234-F;VALDIV;P.E. LA VALDIVIA;28,5;Wonshore wind;EGED;EGREEN
VALDJOS;18WVALDJOS-123-V;VALDJOS;18WVALDJOS-123-V;1,4;Hydro non UGH;EGLE;HTAJUN
VALDUN2;18W000000000R7D1;VALDUN2;VALDUNO II;5,0;Hydro non UGH;EGLE;HHIMEG
VALDUNO;18W000000000R7C3;VALDUNO;VALDUNO I;5,0;Hydro non UGH;EGLE;HHIMEG
VALENTI;18W000000000TNTO;VALENTI;UF SOLAR ELS VALENTINS;9,0;Solar PV;NEXU;FVALENT
VALFU;18WVALFU-12345-0;VALFU;P.E. VALDEFUENTES;28,0;Wonshore wind;IBGES;EHIBGES
VALFW;18WVALFW-12345-J;VALFW;VALFW;10,0;Solar PV;GNRA;FVALFW
VALGEVE;18WVALGEVE-123-E;VALGEVE;18WVALGEVE-123-E;1,1;Hydro non UGH;EGLE;HENREU
VALIC01;18W-VALIC01-8--5;VALIC01;VALIC01;0,0;Competitive suppliers;VALI;VALIC01
VALL5V;18W000000000TSU7;VALL5V;VALL5V;1,0;Competitive suppliers;ENDCO;ENDER01
VALLE;18W0000000000GZ1;VALLE;IF VALLEHERMOSO I;2,1;Solar PV;SOMEN;SENFV1
VALLESP;18W000000000T9WN;VALLESP;VALLESP;4,2;Hydro non UGH;DETIC;HYVALLE
VALLFOS;18W000000000T9P0;VALLFOS;VALLFOS;1,7;Hydro non UGH;DETIC;HYVALLF
VALLFR;18W000000000TSV5;VALLFR;VALLFR;1,0;Competitive suppliers;ENDCO;ENDER01
VALLHEB;18WVALLHEB-123-K;VALLHEB;VALL HEBRON;4,1;Natural Gas Cogeneration;AME;TZAME
VALLKAS;18W000000000NGHJ;VALLKAS;VALLKAS;1,2;Solar PV;CEG;FVALLKA
VALLOBA;18W000000000RT6N;VALLOBA;UF SOLAR VALLOBA;40,0;Solar PV;NEXU;FVALLOB
VALLPA;18W000000000TSX1;VALLPA;VALLPA;1,0;Competitive suppliers;ENDCO;ENDER01
VALLRO;18W000000000TSW3;VALLRO;VALLRO;1,0;Competitive suppliers;ENDCO;ENDER01
VALOC01;18W000000000IHAD;VALOC01;VALOC01;1,0;Market direct consumption;VALOR;VALOC01
VALPARD;18WVALPARD-12-EI;VALPARD;P.E.VALPARDO;21,2;Wonshore wind;EGED;EGREEN
VALPBA;18WVALPBAN-123-J;VALPBA;VALPBA;16,5;Natural Gas Cogeneration;COGEN;TVALPBA
VALPC2;18W0000000009Z71;VALPC2;VALPC2 F002;16,5;Natural Gas Cogeneration;COGEN;TVCOMAT
VALRC01;18W000000000OWZ5;VALRC01;VALRC01;3,5;Market direct consumption;VALEA;VALRC01
VALSA;18WVALSA-12345-D;VALSA;P.E.VALSAGUEIRO;32,5;Wonshore wind;HC G;HCGSIHA
VALSE;18WVALSE-12345-E;RE-107259;VEGASVER;2,5;Biogas;TRADB;TYTRDB
VALVERD;18W000000000QMKK;VALVERD;UF SOLAR VALVERDE;2,4;Solar PV;NEXU;FVLVERD
VAN2;18WVAN2-12345-BA;VANDELLOS;VANDELLOS II;1.045,3;Nuclear;ENDG;VAN2
VAP1;18WVAP1-12345-A0;VALPARA 1G;VALPARAISO GR.1 GENERAC.;32,6;Hydro UGH;IBEG;DUER
VAP1B;18WVAP1B-12345-8;VALPARA 1B;VALPARAISO GR.1 BOMBEO;40,0;Pump consumption;IBEG;DUEB
VAP2;18WVAP2-12345-AR;VALPARA 2G;VALPARAISO GR.2 GENERAC.;32,4;Hydro UGH;IBEG;DUER
VAP2B;18WVAP2B-12345-Z;VALPARA 2B;VALPARAISO GR.2 BOMBEO;40,0;Pump consumption;IBEG;DUEB
VAQC01;18W-VAQC01-28--L;VAQC01;VAQC01;0,0;Competitive suppliers;VAQ;VAQC01
VARAC01;18W000000000POS2;VARAENER;COMERCIALIZADORA VARAENER;0,1;Competitive suppliers;VARAE;VARAC01
VARCB;18W000000000RHKV;VARCB;VARCB;8,6;Solar PV;GNRA;FVGNRA
VASVB;18W000000000SLKF;VASVB;VASVB;5,0;Solar PV;GNRA;FVGNRA
VBOTOA;18WVBOTOA-1234-Z;VBOTOA;VEGA DE BOTOA;2,5;Solar PV;GESTE;FVBOTOA
VC11;18WVC11-12345-AI;VILLALC 11;VILLALCAMPO I 1;32,5;Hydro UGH;IBEG;DUER
VC12;18WVC12-12345-A8;VILLALC 12;VILLALCAMPO I 2;32,2;Hydro UGH;IBEG;DUER
VC13;18WVC13-12345-AZ;VILLALC 13;VILLALCAMPO I 3;32,4;Hydro UGH;IBEG;DUER
VC21;18WVC21-12345-A7;VILLALC 21;VILLALCAMPO II;118,5;Hydro UGH;IBEG;DUER
VCARM;18W000000000OBA7;VCARM;PV VIRGEN DEL CARMEN;20,0;Solar PV;SHEEN;SHEPV06
VCASTIN;18WVCASTIN-12-ER;VCASTIN;P.E VILLACASTIN;25,4;0;HC G;HIBSIHA
VCN1;18WVCN1-12345-AZ;VALDECA 1G;VALDECAÑAS GR.1 GENERAC.;82,7;Hydro UGH;IBEG;TAJO
VCN1B;18WVCN1B-12345-6;VALDECA 1B;VALDECAÑAS GR.1 BOMBEO;56,0;Pump consumption;IBEG;TAJB
VCN2;18WVCN2-12345-AP;VALDECA 2G;VALDECAÑAS GR.2 GENERAC.;82,3;Hydro UGH;IBEG;TAJO
VCN2B;18WVCN2B-12345-X;VALDECA 2B;VALDECAÑAS GR.2 BOMBEO;56,0;Pump consumption;IBEG;TAJB
VCN3;18WVCN3-12345-AF;VALDECA 3G;VALDECAÑAS GR.3 GENERAC.;82,0;Hydro UGH;IBEG;TAJO
VCN3B;18WVCN3B-12345-N;VALDECA 3B;VALDECAÑAS GR.3 BOMBEO;56,0;Pump consumption;IBEG;TAJB
VDECRO;18W000000000G1YL;VDECRO;VALDECARRO;41,0;Solar PV;GALP;GALPS1
VDLACAS;18WVDLACAS-123-F;VDLACAS;P.E VALDELACASA;10,8;Wonshore wind;GNCO;EGASNE1
VDLIN01;18WVDLIN01-123-V;VDLIN01;P.E. VALDELIN;24,0;Wonshore wind;GNCO;EGASNE1
VDLIN02;18WVDLIN02-123-O;VDLIN02;VDLIN02;6,0;Wonshore wind;GNCO;EGASNE1
VDLUC01;18W000000000NFR2;VDLUZ;VERDELUZ;1,0;Competitive suppliers;VDLUZ;VDLUC01
VDMON;18WVDMON-1234-EP;VDMON;P.E. VIRXE DO MONTE;19,2;Wonshore wind;EGED;EVDMOG
VDPORRE;18WVDPORRE-12-EA;VDPORRE;P.E. VALDEPORRES;31,4;Wonshore wind;IBGES;EHIBGES
VECCC01;18W000000000RZHK;UPVECTORC;UP COMPRA VECTOR;5,0;Competitive suppliers;VECTO;VECCC01
VECIANA;18WVECIANA-123-P;VECIANA;VECIANA;30,0;Wonshore wind;EGLE;EVECIA
VECONSA;18WVECONSA-123-U;VECONSA;VECONSA;6,4;Biomass;DETIC;COGVECO
VEDADI;18WVEDADI-123-EY;VEDADI;P. E. EL VEDADILLO;49,5;Wonshore wind;EGED;EGREEN1
VEG1;18WVEG1-12345-AE;VEGACERV 1;VEGACERVERA 1;0,2;Hydro UGH;ASIE;ASIDUE
VEG2;18WVEG2-12345-A4;VEGACERV 2;VEGACERVERA 2;0,2;Hydro UGH;ASIE;ASIDUE
VEGCU;18W000000000NQWX;VEGCU;VEGCU;2,4;Hydro non UGH;GNRA;HCUER
VEL1;18WVEL1-12345-AX;VELLE 1;VELLE 1;45,7;Hydro UGH;GNFG;UFMI
VEL2;18WVEL2-12345-AN;VELLE 2;VELLE 2;40,7;Hydro UGH;GNFG;UFMI
VELCB1;18W000000000QP8Z;VELCB1;VELCB1;1,5;Solar PV;GNRA;FVGNRA
VELCB2;18W000000000QPAV;VELCB2;VELCB2;1,2;Solar PV;GNRA;FVGNRA
VELCB3;18W000000000QPBT;VELCB3;VELCB3;3,0;Solar PV;GNRA;FVGNRA
VELETA;18WVELETA-123-EB;VELETA;PE.E LA VELETA;17,8;Wonshore wind;HC G;EBRUJUL
VELILLA;18W000000000S9WR;VELILLA;VELILLA;250,0;Solar PV;IBGES;FIBGEVE
VELTC01;18W000000000Q0IG;VELTC01;VELTC01;0,1;Competitive suppliers;VELTA;VELTC01
VEN1;18WVEN1-12345-AB;VENCIAS;LAS VENCIAS (A);2,2;Hydro UGH;GNFG;UFTA
VENTDUC;18WVENTOSADUCADD;VENTDUC;VENTOSA DEL DUCADO;44,0;Wonshore wind;IBGES;EHIBGES
VENTOS2;18W000000000F5QT;VENTOS2;PENA VENTOSA REF;8,0;Wonshore wind;ECYR;EEGPEM
VENTOSA;18WVENTOSA-123-Z;VENTOSA;P.E. PENA VENTOSA;44,8;Wonshore wind;ECYR;EEGPES
VENTUM;18W000000000NJBM;VENTUM1;SAGGITA VENTUM F1;20,5;Wonshore wind;CEG;E1VENTU
VENZO;18WVENZO-12345-6;VENZO;VENZO;8,0;Wonshore wind;IBGES;EHIBGES
VEO-BD;18W000000000U0KX;VEO-BD;VEO-BD;1,0;Competitive suppliers;TGYE;TGYER01
VEO-EQ;18W000000000U0LV;VEO-EQ;VEO-EQ;1,0;Competitive suppliers;TGYE;TGYER01
VEO-HN;18W000000000U0H2;VEO-HN;VEO-HN;1,0;Competitive suppliers;TGYE;TGYER01
VEO-SS;18W000000000U0I0;VEO-SS;VEO-SS;1,0;Competitive suppliers;TGYE;TGYER01
VEO-SX;18W000000000U0JZ;VEO-SX;VEO-SX;1,0;Competitive suppliers;TGYE;TGYER01
VER1;18WVER1-12345-A4;V.BIDASO 1;VERA DE BIDASOA 1;0,2;Hydro UGH;IBEG;EBRA
VER2;18WVER2-12345-AV;V.BIDASO 2;VERA DE BIDASOA 2;0,2;Hydro UGH;IBEG;EBRA
VERALL2;18W000000000TU4G;VERALL2;VERALL2;1,0;Competitive suppliers;EGED;EGEDR01
VERALL3;18W000000000TU5E;VERALL3;VERALL3;1,0;Competitive suppliers;EGED;EGEDR01
VERALL4;18W000000000TU6C;VERALL4;VERALL4;1,0;Competitive suppliers;EGED;EGEDR01
VERALLI;18W000000000S4HZ;VERALLI;VERALLI;1,0;Competitive suppliers;EGED;EGEDR01
VERDIGU;18W000000000K4A7;VERDIGU;VERDIGUEIRO;36,7;Wonshore wind;IBGES;EHIBGES
VERDNLS;18W000000000S6V1;VERDNLS;UF SOLAR VERDINALES;15,0;Solar PV;NEXU;FVERDLS
VERJERE;18WVERJERE-123-D;VERJERE;VERJERE;2,5;Biogas;NEXU;RVJEREZ
VERTALC;18WVERTALC-123-B;VERTALC;VERTALC;2,3;Biogas;NEXU;RVERALC
VERTI;18W000000000NHIE;VERTI;VERTI;2,3;Solar PV;GNRA;FVGNRA
VERTX1;18W000000000TSZY;VERTX1;VERTX1;1,0;Competitive suppliers;ENDCO;ENDER01
VERTX2;18W000000000TT0R;VERTX2;VERTX2;1,0;Competitive suppliers;ENDCO;ENDER01
VERTX3;18W000000000TT1P;VERTX3;VERTX3;1,0;Competitive suppliers;ENDCO;ENDER01
VERVD;18W000000000P8QH;VERVD;VERVD;1,7;Solar PV;GNRA;FVGNRA
VESTC01;18W000000000QXS8;VESTC01;VESTA RENOVABLES SLL;0,0;Competitive suppliers;VESTB;VESTC01
VESVB;18W000000000R6ZY;VESVB;VESVB;1,4;Solar PV;GNRA;FVGNRA
VETEJAR;18WVETEJAR-123-4;VETEJAR;VETEJAR;12,9;Biomass;EGLE;ROLEIC
VFR1;18WVFR1-12345-AT;VILLAFRA 1;VILLAFRANCA 1;2,4;Hydro UGH;ENDG;GDLQ
VFR2;18WVFR2-12345-AJ;VILLAFRA 2;VILLAFRANCA 2;2,4;Hydro UGH;ENDG;GDLQ
VGO1;18WVGO1-12345-AD;VGONZALO 1;VILLAGONZALO 1;1,9;Hydro UGH;IBEG;DUER
VGO2;18WVGO2-12345-A3;VGONZALO 2;VILLAGONZALO 2;1,9;Hydro UGH;IBEG;DUER
VIANA2;18WVIANA2-123-AF;VIANA2;VIANA II;5,0;Hydro non UGH;EGED;HFEGED
VIANA3;18WVIANA3-123-A7;VIANA3;VIANA III;6,2;Hydro non UGH;EGED;HFEGED
VICAD1;18W000000000SBPZ;VICAD1;VICAD1;3,5;Solar PV;GNRA;FVGNRA
VICAD2;18W000000000SBQX;VICAD2;VICAD2;4,4;Solar PV;GNRA;FVGNRA
VICEDO;18WVICEDO-123-EK;VICEDO;P.E. DE VICEDO;24,6;Wonshore wind;EGED;EPEVIG
VICENTE;18W000000000LS7B;VICENTE;UF HOYA DE LOS VICENTES;20,0;Solar PV;GNRA;UPHOY
VICTORI;18WVICTORI-123-N;VICTORIA;P.E. LA VICTORIA;23,2;Wonshore wind;GNRA;PEVER
VIDERES;18W000000000UEF1;VIDERES;UF SOLAR VIDRERES;2,8;Solar PV;NEXU;FVIDRES
VIDRA1;18W000000000S33T;VIDRA1;VIDRA1;1,0;Competitive suppliers;ENDCO;ENDER01
VIDRA2;18W000000000S34R;VIDRA2;VIDRA2;1,0;Competitive suppliers;ENDCO;ENDER01
VIDRA3;18W000000000S35P;VIDRA3;VIDRA3;1,0;Competitive suppliers;ENDCO;ENDER01
VIE1;18WVIE1-12345-AP;VIELLA 1;VIELLA 1;10,8;Hydro UGH;ENDG;EBRFEN
VIE2;18WVIE2-12345-AF;VIELLA 2;VIELLA 2;10,8;Hydro UGH;ENDG;EBRFEN
VIEECA1;18W-VIEECA1-7--V;VIEECA1;VIEECA1;0,0;Competitive suppliers;VIEE;VIEECA1
VIELHA;18WVIELHA-1234-J;VIELHA;TUNEL DE VIELHA-DRENATGES;0,2;Hydro non UGH;ECYR;HEGPE3
VIKIC01;18W000000000U2HX;VIKIC01;VIKIC01;0,1;Competitive suppliers;VIKIN;VIKIC01
VIL1;18WVIL1-12345-AM;VILSIERRA1;VILLALBA DE LA SIERRA 1;5,6;Hydro UGH;GNFG;UFTA
VIL2;18WVIL2-12345-AC;VILSIERRA2;VILLALBA DE LA SIERRA 2;5,5;Hydro UGH;GNFG;UFTA
VILACHA;18WVILACHA-123-P;VILACHA;18WVILACHA-123-P;7,8;Wonshore wind;EGLE;ESEOUR
VILACOB;18WVILACOB-12--B;VILACOB;UF SALTO VILACOBA;1,2;Hydro non UGH;GNRA;HLACOBA
VILADEM;18W000000000TPPQ;VILADEMULS;VILADEMULS;1,6;Solar PV;EPYM;EYPPV4
VILANEA;18W000000000N2ZP;VILANEA;VILANERA AMPLIACION;0,9;Solar PV;CEG;F1CEG
VILANOV;18W000000000SM39;FV VILANOV;FV VILANOVA II;1,8;Solar PV;DREUA;FDREU11
VILANU2;18W000000000JGMP;VILANU2;ISF VILLANUBLA 2;1,0;Solar PV;WMARK;FFWMARK
VILANUB;18WVILANUB-123-0;VILANUB;ISF VILLANUBLA 3 MW;3,0;Solar PV;WMARK;FFWMARK
VILANUE;18WVILANUE-123-G;VILANUE;VILLANUEVA;3,0;Solar PV;WMARK;FFWMARK
VILAREY;18W000000000O4EK;VILREY;VILLREY;1,6;Hydro non UGH;GESTE;HVILLAR
VILDA;18WVILDA-12345-U;VILDA;P.E. VILALBA DELS ARCS;25,0;Wonshore wind;IGNIS;EVAR
VILLA01;18W0000000004ZSG;VILLA01;VILLANUEVA - VELA;3,5;Solar PV;GNRA;FVGNRA
VILLAM;18WVILLAM-123-E5;VILLAM;VILLAM;17,8;Wonshore wind;HC G;HCGSCSA
VILLANU;18WVILLANU-12-EN;VILLANU;VILLANU;19,8;Wonshore wind;EGED;EVILLAN
VILLAR;18W000000000PS8U;VILLAR;VILLAR;26,5;Solar PV;SHEEN;SHEPV10
VILLARO;18WVILLARO-123-E;VILLARO;ENERGYWORKS VILLARROBLEDO;24,0;Oil products and coal;IBGES;TTIBGES
VILLAVA;18W000000000R221;VILLAVALI;VILLAVALIENTESO;4,0;Solar PV;GESTE;FVILLAV
VILLM;18W000000000K6ZP;VILLM;VILLM;2,0;Solar PV;GNRA;FVGNRA
VILLORU;18WVILLORU-12-ED;VILLORU;P.E. VILLORUEBO;16,1;Wonshore wind;HC G;HCGSCSA
VILLROB;18W000000000PXY0;VILLROB;PARQUE FV VILLAROBLEDO;2,0;Solar PV;EBLCO;FFIRSTW
VILOBI;18WVILOBI-1234-D;VILOBI;P.E. SERRA DEL VILOBI;40,5;Wonshore wind;EGED;EGREEN1
VILOBI2;18WVILOBI2-123-G;VILOBI2;SERRA VILOBI2;9,0;Wonshore wind;EGED;EGREEN
VILPX;18W000000000S8P7;VILPX;VILPX;42,2;Solar PV;GNRA;UPVIL
VIMAN;18W000000000U2LP;VIMAN;VIMAN;16,0;Solar PV;CEG;FVIMAN
VIMC01;18W000000000RQZB;VIMCOMEL;VIMCOMEL;0,0;Competitive suppliers;VIMCO;VIMC01
VIMECA;18W0000000005FAY;VIMECA;CH VILLAMECA;0,5;Hydro non UGH;ECYR;HEGPE3
VINASGO;18W000000000RP7X;VIÑAS;VIÑASGOMEZ;2,8;Solar PV;GESTE;FVINASG
VINIABA;18WVINIABA-12-E8;VINIABA;VINIABA;1,2;Hydro non UGH;IBGES;HFIBGES
VINIC01;18W-VINIC01-8--8;COVINIL;COVINIL;2,0;Market direct consumption;VINI;VINIC01
VINIX;18W000000000TU2K;VINIX;VINIX;7,9;Solar PV;GNRA;UPSON4
VINSG;18W000000000SFCC;VINSG;VINSG;4,9;Solar PV;GNRA;FVGNRA
VIOLC01;18W000000000T0K0;VINAC51;VINAC51;0,1;Market direct consumption;VINAO;VIOLC01
VIPROES;18WVIPROES-123-8;VIPROES;VIPROES ENERGÍAS RENOVABLES, S;10,0;Solar PV;WMARK;FFWMARK
VIR1;18WVIR1-12345-AU;V.PILAR 1;VIRGEN DEL PILAR 1;0,1;Hydro UGH;IBEG;TAJO
VIR2;18WVIR2-12345-AK;V.PILAR 2;VIRGEN DEL PILAR 2;0,5;Hydro UGH;IBEG;TAJO
VIRAVEN;18WVIRAVEN--1-ED;VIRAVENTO;P.E. VIRAVENTO;1,2;Wonshore wind;ECYR;EEGPEM
VIRGE02;18W000000000QEAR;FYEEXXI;END CUR  ( TARIFA, FOTOVOLTAIC;1,0;Solar PV;VIRTM;VIRGE02
VIRIC01;18W0000000005NOJ;VIRGIN UP;VIRGIN ELECTRIC UP;0,5;Competitive suppliers;VIRGI;VIRIC01
VIROC01;18W000000000PWX5;VIROQ_UP;VIROQ_COMPRAS;0,1;Competitive suppliers;VIROQ;VIROC01
VIRPENA;18WVIRPENA-123-2;VIRPENA;P.E.VIRGEN PEÑA D ALFAJARÍN;30,0;Wonshore wind;HC G;HCGSCSA
VIRTGE;18W000000000QEBP;VIRTGE;VIRTGE;0,7;Solar PV;VIRTM;VIRTGE
VIRTOS;18W000000000TT2N;VIRTOS;VIRTOS;1,0;Competitive suppliers;ENDCO;ENDER01
VIRUC01;18W000000000IGRJ;SOCIEDAD;SOCIEDAD ARAGONESA DE COMERCIA;1,0;Competitive suppliers;VIRTM;VIRUC01
VISAL;18W000000000FFAV;VISAL;VISAL;1,8;Solar PV;GNRA;FVGNRA
VISC01;18W-VISC01-17--X;VISC01;VISC01;3,0;Market direct consumption;SNIVI;VISC01
VISFV18;18W000000000SD5W;VISFV18;LOGIFASHION SOLAR;1,2;Solar PV;VISAL;VISFV18
VISFV19;18W000000000SD7S;VISFV19;ENERVALL MERCED;1,0;Solar PV;VISAL;VISFV19
VISFV21;18W000000000SKYR;VISFV21;PSFV OLIVARES;6,0;Solar PV;VISAL;VISFV21
VISFV22;18W000000000SQWD;VISFV22;INVERSIONES FERNANDEZ HIGUERA-;0,9;Solar PV;VISAL;VISFV22
VISLC01;18W000000000DRU0;VISLC01;VISALIA ENERGIA SLU;0,1;Competitive suppliers;VISAL;VISLC01
VISOS;18WVISOS-1234-E2;VISOS;P.E. LOS VISOS;50,0;0;IGNIS;UPEBROH
VITIGUD;18W000000000P1FN;VITIGUD;PARQUE FV VITIGUDINA;3,0;Solar PV;EBLCO;FVITIGU
VITLC01;18W000000000PUUH;VITLC01;VITOL COMERCIALIZADORA;500,0;Competitive suppliers;VITOL;VITLC01
VITLCP3;18W000000000OYG0;VITOLCP3;VITOL COMPRAS PARA EXPORT FRA;500,0;Import France;VITOL;VITLCP3
VITLVP3;18W000000000OYHZ;VITOLVP3;VITOL VENTAS DE IMPORTACION DE;500,0;Export France;VITOL;VITLVP3
VIVALS;18W000000000JXAZ;VVLS;VIVALS;1,2;Solar PV;GESTE;FVIVAL
VIVEIRO;18WVIVEIRO-12-EW;VIVEIRO;P.E. VIVEIRO;36,5;Wonshore wind;IBGES;EHIBGES
VIVOC01;18W0000000002OZ6;VIVO;VIVO ENERGIA;0,1;Competitive suppliers;VIVO;VIVOC01
VJALO2;18W000000000QGMY;UFVJALON2;UF PE VALDEJALN II;9,7;0;IGNIS;UPEBROH
VJALON;18W000000000N75X;VJALON;18W000000000N75X;50,0;Wonshore wind;IGNIS;UPEBRO
VJATR;18W000000000C9ZB;EOTERRAL;ENERGIA EOLICA TERRAL;3,0;Wonshore wind;GNRA;EFGNRA
VLANEVA;18W000000000PWON;VILLA;VILLANUEVA;42,2;Solar PV;GESTE;FVLNEVA
VLB1;18WVLB1-12345-AM;VILLALBA 1;VILLALBA 1;6,9;Hydro UGH;IBEG;DUER
VLB2;18WVLB2-12345-AC;VILLALBA 2;VILLALBA 2;6,9;Hydro UGH;IBEG;DUER
VLL1;18WVLL1-12345-AN;VALLAT 1;VALLAT 1;6,9;Hydro UGH;EGLE;HHYDRO2
VLL2;18WVLL2-12345-AD;VALLAT 2;VALLAT 2;7,1;Hydro UGH;IBEG;JUCA
VLLANO1;18WVLLANO1-12-ER;VLLANO1;P.E. VIGEN DE LOS LLANOS I;26,4;Wonshore wind;IBGES;EHIBGES
VLLANO2;18WVLLANO2-12-EK;VLLANO2;P.E. VIRGEN DE LOS LLANOS II;23,1;Wonshore wind;IBGES;EHIBGES
VLLNGO;18W00000000058G6;VLLNGO;HIDVLLNGO;3,2;Hydro non UGH;NEXU;HVLLNGO
VLR1;18WVLR1-12345-AV;VILALLER 1;VILALLER 1;1,9;Hydro UGH;ENDG;EBRFEN
VLR2;18WVLR2-12345-AL;VILALLER 2;VILALLER 2;2,0;Hydro UGH;ENDG;EBRFEN
VLT1;18WVLT1-12345-A9;VALTEINA 1;VALTEINA 1;0,4;Hydro UGH;IBEG;DUER
VLT2;18WVLT2-12345--L;VALTEINA 2;VALTEINA 2;0,4;Hydro UGH;IBEG;DUER
VMARTIN;18W000000000P7X6;VMARTIN;FV VILLMARTIN;9,0;Solar PV;EGLE;FANTU
VMAYOR;18W000000000SRAH;VMAYOR;UF SOLAR VILLAMAYOR;8,6;Solar PV;NEXU;FVMAYOR
VMDIANO;18WVMDIANO-12-EO;VMDIANO;P.E. VALMEDIANO;34,0;Wonshore wind;IBGES;EHIBGES
VMR2;18W000000000SEJ1;VMR2;VMR2;39,4;Wonshore wind;REPSB;ECERRAG
VNLSC01;18W000000000BG0R;VINALESA;ELECTRICA DE VINALESA SCV;25,0;Competitive suppliers;VINAL;VNLSC01
VNSER;18W000000000MSFS;VNSER;VNSER;40,0;Solar PV;GNRA;FVNSER
VNUAL;18W000000000QY88;VNUAL;VNUAL;1,8;Solar PV;GNRA;FVGNRA
VO06AL;18W000000000OSZH;VO06AL;VO06AL;1,0;Competitive suppliers;FORTI;FORTR01
VOB1;18WVOB1-12345-AN;VALDEOB 1;VALDEOBISPO 1;19,7;Hydro UGH;IBEG;TAJO
VOB2;18WVOB2-12345-AD;VALDEOB 2;VALDEOBISPO 2;19,7;Hydro UGH;IBEG;TAJO
VOLTREG;18WVOLTREG-123-H;VOLTREG;DESIMPACTE DE PURINS VOLTREGA;14,6;Natural Gas Cogeneration;FUTGR;TIGVOL
VOZM;18WVOZM-12345-AU;VOZMEDIANO;VOZMEDIANO;0,3;Hydro UGH;ASIE;ASIEBR2
VPEL;18W0000000004AQL;RTYLMER;TÉRMICA RENOVABLE;0,9;Biomass;PEL;VPEL
VPFIC01;18W-VPFIC01-6--J;VPFIL;VPFIL;0,5;Market direct consumption;VPFIL;VPFIC01
VQUIRAN;18W000000000U1G1;VQUIRAN;UF SOLAR VILLAQUIRAN;2,9;Solar PV;NEXU;FQUIRAN
VRN1;18WVRN1-12345-A3;VLLRINO 1G;VILLARINO GR.1 GENERAC.;138,9;Hydro UGH;IBEG;DUER
VRN1B;18WVRN1B-12345-B;VLLRINO 1B;VILLARINO GR.1 BOMBEO;138,0;Pump consumption;IBEG;DUEB
VRN2;18WVRN2-12345-AU;VLLRINO 2G;VILLARINO GR.2 GENERAC.;137,4;Hydro UGH;IBEG;DUER
VRN2B;18WVRN2B-12345-1;VLLRINO 2B;VILLARINO GR.2 BOMBEO;138,0;Pump consumption;IBEG;DUEB
VRN3;18WVRN3-12345-AK;VLLRINO 3G;VILLARINO GR.3 GENERAC.;138,3;Hydro UGH;IBEG;DUER
VRN3B;18WVRN3B-12345-S;VLLRINO 3B;VILLARINO GR.3 BOMBEO;138,0;Pump consumption;IBEG;DUEB
VRN4;18WVRN4-12345-AA;VLLRINO 4G;VILLARINO GR.4 GENERAC.;138,7;Hydro UGH;IBEG;DUER
VRN4B;18WVRN4B-12345-I;VLLRINO 4B;VILLARINO GR.4 BOMBEO;138,0;Pump consumption;IBEG;DUEB
VRN5;18WVRN5-12345-A0;VLLRINO 5G;VILLARINO GR.5 GENERAC.;148,9;Hydro UGH;IBEG;DUER
VRN5B;18WVRN5B-12345-8;VLLRINO 5B;VILLARINO GR.5 BOMBEO;138,0;Pump consumption;IBEG;DUEB
VRN6;18WVRN6-12345-AR;VLLRINO 6G;VILLARINO GR.6 GENERAC.;148,6;Hydro UGH;IBEG;DUER
VRN6B;18WVRN6B-12345-Z;VLLRINO 6B;VILLARINO GR.6 BOMBEO;138,0;Pump consumption;IBEG;DUEB
VRRE;18WVRRE-12345-AE;VILLARREAL;VILLARREAL;0,4;Hydro UGH;ASIE;ASIJUCA
VRSBT;18W000000000U2T9;VRSBT;VRSBT;24,5;Solar PV;GNRA;UPVRS
VRTPN;18W000000000UGR8;VRTPN;VRTPN;10,0;Solar PV;GNRA;UPVERO
VRTPN1;18W000000000UHA2;VRTPN1;VRTPN1;10,0;Solar PV;GNRA;UPVERO1
VRTPN3;18W000000000UHCZ;VRTPN3;VRTPN3;10,0;Solar PV;GNRA;UPVERO3
VSLAR;18W000000000L45D;VALDESOLAR;VALDESOLAR;206,2;Solar PV;REPSB;FVALDES
VTD1;18WVTD1-12345-AF;VALTODAN 1;VALTODANO 1;1,0;Hydro UGH;ENDG;GDLQ
VTD2;18WVTD2-12345-A5;VALTODAN 2;VALTODANO 2;1,0;Hydro UGH;ENDG;GDLQ
VTD3;18WVTD3-12345-AW;VALTODAN 3;VALTODANO 3;1,0;Hydro UGH;ENDG;GDLQ
VUA1;18WVUA1-12345--L;VILLANUA;VILLANUA;10,8;Hydro UGH;ENDG;EBRACC1
VVESC01;18W0000000004DKO;VIVA EYS;VIVA ENERGIA Y SOLUCIONES;0,1;Competitive suppliers;VIVA;VVESC01
VVINAS;18W00000000058DC;VIINAS;HIDVINAS;1,8;Hydro non UGH;NEXU;HVVINAS
VYA1;18WVYA1-12345-AP;V.YANC1 1;VENTAS DE YANCI 1;0,5;Hydro UGH;IBEG;EBRA
VYA2;18WVYA2-12345-AF;V.YANCI 2;VENTAS DE YANCI 2;0,5;Hydro UGH;IBEG;EBRA
VYA3;18WVYA3-12345-A5;V.YANCI 3;VENTAS DE YANCI 3;0,5;Hydro UGH;IBEG;EBRA
VYA4;18WVYA4-12345-AW;V.YANCI 4;VENTAS DE YANCI 4;0,5;Hydro UGH;IBEG;EBRA
VYEIX;18W000000000TU3I;VYEIX;VYEIX;2,8;Solar PV;GNRA;UPSON3
WART2;18W0000000005DOC;WART2;UF WARTSILA 2;13,0;Residual energy;AME;TWART2
WARTSIL;18WWARTSIL-123-U;WARTSIL;WARTSILA;14,9;Residual energy;WARTS;TWARTS
WATFV01;18W000000000PMT6;FYEEXXI;END CUR  ( TARIFA, FOTOVOLTAIC;13,2;Solar PV;VISAL;WATFV01
WATFV02;18W000000000PMRA;WATFV02;UNIDAD FISICA 13 ROELES;12,5;Solar PV;VISAL;WATFV02
WATFV03;18W000000000PMS8;WATFV03;UF WATIUM FV BEAVIER PHOTO POW;5,0;Solar PV;VISAL;WATFV03
WATFV04;18W000000000PR36;WATIUMFV04;WATIUM FV AGUASAL;2,5;Solar PV;VISAL;WATFV04
WATFV05;18W000000000PR28;WATFV05;FV LOPEZ BRAVO PIO CAMARA BUR;1,2;Solar PV;VISAL;WATFV05
WATFV06;18W000000000PWQJ;WATFV06;FV RODERO ENERGIA;2,4;Solar PV;VISAL;WATFV06
WATFV11;18W000000000QP1C;WATFV11;PIOCAMARA VILLALONQUEJAR VISO;1,8;Solar PV;VISAL;WATFV11
WATFV12;18W000000000QUUD;WATFV12;FOTOSFERA-BARCO DE LOS FRAILES;2,5;Solar PV;VISAL;WATFV12
WATFV13;18W000000000R0M4;WATFV13;VILLAHERMOSA;1,0;Solar PV;VISAL;WATFV13
WATFV14;18W000000000RMZN;WATFV14;FV BURRIANA 2;5,0;Solar PV;VISAL;WATFV14
WATFV15;18W000000000ROWN;WATFV15;FV LA MOCHA;1,2;Solar PV;VISAL;WATFV15
WATFV16;18W000000000RXKK;13ROELESNO;13 ROELES NORTE;9,6;Solar PV;VISAL;WATFV16
WATFV17;18W000000000S0VJ;WATFV17;PSF TARRAGON;2,8;Solar PV;VISAL;WATFV17
WATOC01;18W000000000J9N7;WATIOX;RECICLAJES ECOLOGICOS BARATHEO;1,0;Competitive suppliers;WATIO;WATOC01
WI1014;18W000000000BSJR;EOL 1014;EOLICA 1014;41,5;Wonshore wind;TOTGA;CLIWI11
WIECB;18W000000000RHG2;WIECB;WIECB;2,3;Solar PV;GNRA;FVGNRA
WINEA;18W000000000O6UJ;WINEA;WINEA;2,0;Solar PV;GNRA;FVGNRA
WINOAS;18W000000000TT3L;WINOAS;WINOAS;1,0;Competitive suppliers;ENDCO;ENDER01
WKWC01;18W000000000NNV7;WEKIWI;COMERCIALIZADOR ELECTRICIDAD Y;10,0;Competitive suppliers;WEKIW;WKWC01
WMARC01;18W-WMARC01-9--Y;WMARC01;WMARC01;71,0;Competitive suppliers;WMARK;WMARC01
WMARCAX;18W000000000IY2F;WMARCAX;CONSUMO DE SERVICIOS AUXILIARE;1,0;Aux. Svcs. Consumption;WMARK;WMARCAX
XALLAS;18WXALLAS-1234-5;XALLAS;18WXALLAS-1234-5;2,3;Hydro non UGH;EGLE;HARNO
XEALDUM;18W000000000S3AF;XEALDUM;XEALDUM;1,0;Competitive suppliers;EGLE;AXPOR01
XENC;18W000000000TJ4C;XENC;XENC;5,0;Storage buy;GNRA;UPXENC
XENV;18W000000000TJ2G;XENV;XENV;5,0;Storage sale;GNRA;UPXENV
XESTOSA;18WXESTOSA-123-S;XESTOSA;18WXESTOSA-123-S;2,8;Hydro non UGH;EGLE;HOUROL
XIESTA;18WXIESTA-123-AU;XIESTA;18WXIESTA-123-AU;3,7;Hydro non UGH;EGLE;HNORHI
XUNQUEI;18WXUNQUEI-123-Y;XUNQUEI;PE XUNQUEIRA;9,0;Wonshore wind;EBLCO;EXUNQUE
XUSTO;18WXUSTO-12345-F;XUSTO;C.H. SAN XUSTO;13,8;Hydro non UGH;WMARK;HRWMARK
YAN1;18WYAN1-12345-AK;YANCI II 1;YANCI II 1;0,2;Hydro UGH;BARER;BEREBRO
YAN2;18WYAN2-12345-AA;YANCI II 2;YANCI II 2;0,2;Hydro UGH;BARER;BEREBRO
YEBAQ;18W000000000TYTS;YEBAQ;YEBAQ;1,0;Solar PV;GNRA;FVGNRA
YEGUAS;18W000000000SKOA;YEGUAS;YEGUAS;3,0;Solar PV;CEG;FYEGUAS
YELLC01;18W-YELLC01-5--L;COMPRA YEL;COMPRA YEL;2,0;Competitive suppliers;YELLO;YELLC01
YENCB;18W000000000SULN;YENCB;YENCB;10,0;Solar PV;GNRA;UPYEN
YEPES;18W000000000IWXX;YS;FYPS;2,8;Solar PV;GESTE;FYEPES
YERGA;18WYERGA-1234-E5;YERGA;P. E. SIERRA DE YERGA;24,4;Wonshore wind;IBGES;ERRIBGE
YERGA2;18WYERGA2-123-EA;YERGA2;P. E. YERGA 2;30,6;Wonshore wind;IBGES;ERRIBGE
YESA;18WYESA-12345-AC;YESA;YESA;0,3;Hydro UGH;IBEG;EBRA
YUNCLLO;18W000000000UBTJ;YUNCLLO;UF SOLAR YUNCLILLOS;10,0;Solar PV;NEXU;FYUNCLI
ZABALRP;18W000000000L1MP;ZABALRP;VALORIZACION DE RESIDUOS DT-1;93,5;Household and similar wastes;WMARK;RZABAL
ZABU;18WZABU-12345-AY;ZABURDON;ZABURDON;1,1;Hydro UGH;HIDRJ;ZABU
ZAFRA;18W000000000GEFK;ZAFRA;UF ZAFRA;45,8;Solar PV;NEXU;FZAFRA
ZAMUNON;18WZAMUNON-123-J;ZAMUNON;UF ZAMUNON;1,8;Hydro non UGH;GNRA;HCHZAMU
ZANCONE;18W000000000SQOT;ZANCONE;UF SOLAR ZANCONES;6,0;Solar PV;NEXU;FZNCONE
ZAPATER;18WZAPATER-12--B;ZAPATER;18WZAPATER-12--B;49,4;Wonshore wind;EGLE;ECYLEO
ZARA1;18W000000000QT02;ZARATAN1;ZARATAN1Y2;8,0;Solar PV;ADXRE;ZARA1
ZARATAN;18W0000000004GDT;UF_ZARATAN;UF ZARATAN COGENERACION;1,0;Natural Gas Cogeneration;FUTGR;COGFUTG
ZARGU;18W000000000Q1RW;ZARGU;ZARGU;9,0;Solar PV;GNRA;FVGNRA
ZARPCOS;18W000000000RL5C;ZARPCOS;UF SOLAR ZARAPICOS;1,7;Solar PV;NEXU;FZRPCOS
ZARZASO;18W000000000HA0L;ZARZA ;FV ZARZA;1,6;Solar PV;DREUA;FDREU05
ZARZI;18W000000000MCKT;ZARZUELA1;ZARZULA1;4,4;Solar PV;ADXRE;FAUDAX
ZARZII;18W000000000MCLR;ZARZUELA2;ZARZUELA2;4,4;Solar PV;ADXRE;FAUDAX
ZARZIII;18W000000000MCMP;ZARZUELA3;ZARZUELA3;4,4;Solar PV;ADXRE;FAUDAX
ZARZIV;18W000000000MCNN;ZARZUELA4;ZARZUELA4;4,4;Solar PV;ADXRE;FAUDAX
ZARZUEL;18WZARZUEL-123-J;ZARZUEL;P.E. ZARZUELA II;16,5;Wonshore wind;EGLE;EHINOJ
ZAS;18WZAS-123456-ER;ZAS;P.E. ZAS;24,0;Wonshore wind;HC G;HCGSCSA
ZAVNI;18W000000000SJGT;ZAVNI;ZAVNI;1,2;Solar PV;GNRA;FVGNRA
ZELTC01;18W-ZELTC01-3--J;ZELTRIA;ZELTRIA;0,1;Competitive suppliers;ZELTR;ZELTC01
ZENOC01;18W000000000U8WM;ZENOC01;ZENOC01;3,0;Competitive suppliers;ZENON;ZENOC01
ZERC01;18W00000000057J3;ZERC01;ZERC01;0,1;Competitive suppliers;ZEREN;ZERC01
ZEREC01;18W-ZEREC01-8--0;ZEREP;ZEREP;0,8;Market direct consumption;ZERE;ZEREC01
ZETAC01;18W000000000RPN1;ZETAC01;ZETAC01;0,1;Competitive suppliers;ZETAE;ZETAC01
ZOR1;18WZOR1-12345-AH;ZORITA H 1;ZORITA HIDRAULICA 1;3,8;Hydro UGH;GNFG;UFTA
ZOR2;18WZOR2-12345-A7;ZORITA H 2;ZORITA HIDRAULICA 2;3,7;Hydro UGH;GNFG;UFTA
ZOR3;18WZOR3-12345-AY;ZORITA H 3;ZORITA HIDRAULICA 3;3,8;Hydro UGH;GNFG;UFTA
ZORAQ;18WZORAQ-12345-M;ZORAQ;P.E. ZORRAQUÍN;12,0;Wonshore wind;EGED;EFEGED
ZORITA;18W000000000SPWG;ZORITA;ZORITA;38,2;Solar PV;CEG;FZORITA
ZORRER;18WZORRER-1234-R;ZORRER;P.E. ZORRERAS;32,0;Wonshore wind;IBGES;EHIBGES
ZORTC;18W000000000T003;ZORTC;ZORTC;10,0;Solar PV;GNRA;UPZOR
ZORVALV;18WZORVALV-123-J;ZORVALV;18WZORVALV-123-J;1,0;Hydro non UGH;EGLE;HZORIT
ZOSBT;18W000000000QYS5;ZOSBT;ZOSBT;1,8;Solar PV;GNRA;FVGNRA
ZRMTC01;18W000000000LJ39;ZERMATT;ZERMATT POWER;0,1;Competitive suppliers;ZRMTT;ZRMTC01
ZUB1;18WZUB1-12345-AA;ZUBIETA 1;ZUBIETA 1;0,3;Hydro UGH;IBEG;EBRA
ZUB2;18WZUB2-12345-A0;ZUBIETA 2;ZUBIETA 2;0,3;Hydro UGH;IBEG;EBRA
ZUDAIF1;18WZUDAIF1-123-G;ZUDAIF1;UF ZUDAIRE F2;4,0;Hydro non UGH;INTRA;HHTTRIN
ZUDVE;18W000000000LAH8;ZUDVE;ZUDVE;2,0;Solar PV;GNRA;ZJARVE
ZUERA;18W000000000L9GD;ZUERA;UF SOLAR ZUERA;9,0;Solar PV;NEXU;FZUERAS
ZUERA2;18W000000000MHMA;ZUERA2;ZUERA2;9,9;Solar PV;NEXU;FZUERA2
ZUESA;18W000000000QDL8;ZUESA;ZUESA;4,5;Hydro non UGH;GNRA;HFGNRA
ZUGPC01;18W000000000NO9B;ZUG POWER;ZUG POWER SL;0,1;Competitive suppliers;ZUGPW;ZUGPC01
ZUJA;18WZUJA-12345-AH;ZUJAR;ZUJAR;10,1;Hydro UGH;ENDG;GDNA
ZUJC;18WZUJC-12345-AY;ZUJAR CANA;ZUJAR CANAL;9,8;Hydro UGH;ENDG;GDNA
ZUJVE;18W000000000LAFC;ZUJVE;ZUJVE;2,0;Solar PV;GNRA;ZJARVE
ZULUC01;18W000000000GDAX;ZULU;ZULUX ENERGIA;0,2;Competitive suppliers;ZULU;ZULUC01
ZUM1;18WZUM1-12345-A0;ZUMARRE 1;ZUMARRESTA 1;1,5;Hydro UGH;IBEG;EBRA
ZUM2;18WZUM2-12345-AR;ZUMARRE 2;ZUMARRESTA 2;2,0;Hydro UGH;IBEG;EBRA
ZUMVE;18W000000000TR9F;ZUMVE;ZUMVE;4,5;Solar PV;GNRA;FVGNRA
ZURBARA;18W000000000F6DF;ZURBARAN;FV ZURBARAN;34,3;Solar PV;ECYR;FREGPEM
ZUUVE;18W000000000LAGA;ZUUVE;ZUUVE;2,0;Solar PV;GNRA;ZJARVE
ZWEUSK;18W000000000O3BT;ZWEUSK;UF ZWEUSK;12,0;Natural Gas Cogeneration;COGEN;TESNELA